#
# There is insufficient memory for the Java Runtime Environment to continue.
# Native memory allocation (mmap) failed to map 17825792 bytes. Error detail: G1 virtual space
# Possible reasons:
#   The system is out of physical RAM or swap space
#   This process is running with CompressedOops enabled, and the Java Heap may be blocking the growth of the native heap
# Possible solutions:
#   Reduce memory load on the system
#   Increase physical memory or swap space
#   Check if swap backing store is full
#   Decrease Java heap size (-Xmx/-Xms)
#   Decrease number of Java threads
#   Decrease Java thread stack sizes (-Xss)
#   Set larger code cache with -XX:ReservedCodeCacheSize=
#   JVM is running with Unscaled Compressed Oops mode in which the Java heap is
#     placed in the first 4GB address space. The Java Heap base address is the
#     maximum limit for the native heap growth. Please use -XX:HeapBaseMinAddress
#     to set the Java Heap base and to place the Java Heap above 4GB virtual address.
# This output file may be truncated or incomplete.
#
#  Out of Memory Error (os_windows.cpp:3925), pid=1344, tid=12484
#
# JRE version: OpenJDK Runtime Environment (21.0.8) (build 21.0.8+-14196175-b1038.72)
# Java VM: OpenJDK 64-Bit Server VM (21.0.8+-14196175-b1038.72, mixed mode, tiered, compressed oops, compressed class ptrs, g1 gc, windows-amd64)
# No core dump will be written. Minidumps are not enabled by default on client versions of Windows
#

---------------  S U M M A R Y ------------

Command Line: --add-opens=java.base/java.lang=ALL-UNNAMED --add-opens=java.base/java.lang.invoke=ALL-UNNAMED --add-opens=java.base/java.util=ALL-UNNAMED --add-opens=java.prefs/java.util.prefs=ALL-UNNAMED --add-exports=jdk.compiler/com.sun.tools.javac.api=ALL-UNNAMED --add-exports=jdk.compiler/com.sun.tools.javac.util=ALL-UNNAMED --add-opens=java.base/java.util=ALL-UNNAMED --add-opens=java.prefs/java.util.prefs=ALL-UNNAMED --add-opens=java.base/java.nio.charset=ALL-UNNAMED --add-opens=java.base/java.net=ALL-UNNAMED --add-opens=java.base/java.util.concurrent.atomic=ALL-UNNAMED --add-opens=java.xml/javax.xml.namespace=ALL-UNNAMED -Xmx2048m -Dfile.encoding=UTF-8 -Duser.country=US -Duser.language=en -Duser.variant -javaagent:C:\Users\loq\.gradle\wrapper\dists\gradle-8.13-bin\5xuhj0ry160q40clulazy9h7d\gradle-8.13\lib\agents\gradle-instrumentation-agent-8.13.jar org.gradle.launcher.daemon.bootstrap.GradleDaemon 8.13

Host: 12th Gen Intel(R) Core(TM) i5-12450HX, 12 cores, 15G,  Windows 11 , 64 bit Build 26100 (10.0.26100.8521)
Time: Tue Jun 23 23:33:08 2026 Egypt Daylight Time elapsed time: 20.264597 seconds (0d 0h 0m 20s)

---------------  T H R E A D  ---------------

Current thread (0x000001ae00a4c8a0):  VMThread "VM Thread"          [id=12484, stack(0x000000751cf00000,0x000000751d000000) (1024K)]

Stack: [0x000000751cf00000,0x000000751d000000]
Native frames: (J=compiled Java code, j=interpreted, Vv=VM code, C=native code)
V  [jvm.dll+0x6d68d9]
V  [jvm.dll+0x866693]
V  [jvm.dll+0x868c4e]
V  [jvm.dll+0x869333]
V  [jvm.dll+0x280566]
V  [jvm.dll+0x6d3195]
V  [jvm.dll+0x6c69ea]
V  [jvm.dll+0x3586db]
V  [jvm.dll+0x360336]
V  [jvm.dll+0x3b23f6]
V  [jvm.dll+0x3b26c8]
V  [jvm.dll+0x32ae6c]
V  [jvm.dll+0x32d806]
V  [jvm.dll+0x3376dd]
V  [jvm.dll+0x36ee15]
V  [jvm.dll+0x86f0b8]
V  [jvm.dll+0x870434]
V  [jvm.dll+0x870970]
V  [jvm.dll+0x870c03]
V  [jvm.dll+0x80eac8]
V  [jvm.dll+0x6d512d]
C  [ucrtbase.dll+0x2cd30]
C  [KERNEL32.DLL+0x2e957]
C  [ntdll.dll+0x87c1c]

VM_Operation (0x000000751caff510): G1PauseRemark, mode: safepoint, requested by thread 0x000001ae66ff5e70


---------------  P R O C E S S  ---------------

Threads class SMR info:
_java_thread_list=0x000001ae109485c0, length=201, elements={
0x000001ae66f8b420, 0x000001ae00aa3340, 0x000001ae00ab6020, 0x000001ae00ab6690,
0x000001ae00ac7b70, 0x000001ae00ac81e0, 0x000001ae00acc860, 0x000001ae00acced0,
0x000001ae00acd540, 0x000001ae00acdbf0, 0x000001ae0502b8d0, 0x000001ae0698af20,
0x000001ae06a8de60, 0x000001ae069beb20, 0x000001ae069f4040, 0x000001ae0695d900,
0x000001ae0695e260, 0x000001ae06b27fe0, 0x000001ae069eb2a0, 0x000001ae069ebfc0,
0x000001ae069eb930, 0x000001ae069ec650, 0x000001ae069ecce0, 0x000001ae069e9ef0,
0x000001ae069ea580, 0x000001ae069eac10, 0x000001ae076c4420, 0x000001ae076c3070,
0x000001ae076c6b80, 0x000001ae076c3700, 0x000001ae076c3d90, 0x000001ae076c7210,
0x000001ae076c5e60, 0x000001ae076c5140, 0x000001ae076c64f0, 0x000001ae076c4ab0,
0x000001ae076c85c0, 0x000001ae076ca000, 0x000001ae076c92e0, 0x000001ae076c8c50,
0x000001ae076c9970, 0x000001ae076ca690, 0x000001ae0a343dc0, 0x000001ae0a345170,
0x000001ae0a346520, 0x000001ae0a344450, 0x000001ae0a344ae0, 0x000001ae0a346bb0,
0x000001ae0a345800, 0x000001ae0a343730, 0x000001ae0a347240, 0x000001ae0a3485f0,
0x000001ae0a3478d0, 0x000001ae0a347f60, 0x000001ae0a349310, 0x000001ae075d6300,
0x000001ae075d48c0, 0x000001ae075d4f50, 0x000001ae075d5c70, 0x000001ae075d3ba0,
0x000001ae075d55e0, 0x000001ae075d3510, 0x000001ae075d6990, 0x000001ae075d7020,
0x000001ae075d76b0, 0x000001ae075d4230, 0x000001ae075d7d40, 0x000001ae075d9e10,
0x000001ae075d83d0, 0x000001ae075d8a60, 0x000001ae075da4a0, 0x000001ae075d90f0,
0x000001ae075d9780, 0x000001ae0a55ba10, 0x000001ae0a55dae0, 0x000001ae0a55c0a0,
0x000001ae0a55e170, 0x000001ae0a55cdc0, 0x000001ae0a55d450, 0x000001ae0a55b380,
0x000001ae0a5615f0, 0x000001ae0a55ee90, 0x000001ae0a560f60, 0x000001ae0a55fbb0,
0x000001ae0a562310, 0x000001ae0a5608d0, 0x000001ae0a561c80, 0x000001ae0a5629a0,
0x000001ae0b7fd480, 0x000001ae0b7fe1a0, 0x000001ae0b7fcdf0, 0x000001ae0b7fc760,
0x000001ae0b801cb0, 0x000001ae0b802340, 0x000001ae0b8036f0, 0x000001ae0b8029d0,
0x000001ae0b800270, 0x000001ae0b803060, 0x000001ae0b801620, 0x000001ae0b803d80,
0x000001ae0b800f90, 0x000001ae052f5400, 0x000001ae052f46e0, 0x000001ae096bb8d0,
0x000001ae096bc5f0, 0x000001ae096bfa70, 0x000001ae096be6c0, 0x000001ae096bed50,
0x000001ae096c0100, 0x000001ae096c0790, 0x000001ae096bf3e0, 0x000001ae096bd310,
0x000001ae096c0e20, 0x000001ae096c14b0, 0x000001ae052f4050, 0x000001ae052f3330,
0x000001ae052f4d70, 0x000001ae052f5a90, 0x000001ae052f6120, 0x000001ae052f2ca0,
0x000001ae052f67b0, 0x000001ae052f6e40, 0x000001ae052f74d0, 0x000001ae096bcc80,
0x000001ae096bd9a0, 0x000001ae096c1b40, 0x000001ae096c21d0, 0x000001ae096c2860,
0x000001ae096c2ef0, 0x000001ae0a34a6c0, 0x000001ae1074d680, 0x000001ae1074dd10,
0x000001ae1074e3a0, 0x000001ae1074ea30, 0x000001ae1074f750, 0x000001ae1074cff0,
0x000001ae10751eb0, 0x000001ae1074f0c0, 0x000001ae10752540, 0x000001ae10750b00,
0x000001ae10751190, 0x000001ae107538f0, 0x000001ae10752bd0, 0x000001ae10751820,
0x000001ae10753260, 0x000001ae10750470, 0x000001ae10753f80, 0x000001ae10754610,
0x000001ae0b583130, 0x000001ae0b582aa0, 0x000001ae0b5837c0, 0x000001ae0b583e50,
0x000001ae0b584b70, 0x000001ae0b585200, 0x000001ae0b581d80, 0x000001ae0b585890,
0x000001ae0b582410, 0x000001ae0b588d10, 0x000001ae0b5893a0, 0x000001ae0b5872d0,
0x000001ae0b585f20, 0x000001ae0b586c40, 0x000001ae0b587960, 0x000001ae0b589a30,
0x000001ae0b5865b0, 0x000001ae0b58a0c0, 0x000001ae0b58a750, 0x000001ae0b58ade0,
0x000001ae0b588680, 0x000001ae0b58b470, 0x000001ae0b587ff0, 0x000001ae0b23e1d0,
0x000001ae0b23ad50, 0x000001ae0b23fc10, 0x000001ae0b241650, 0x000001ae0b23ba70,
0x000001ae0b23a030, 0x000001ae0b23a6c0, 0x000001ae0b2399a0, 0x000001ae0b23b3e0,
0x000001ae0b23c100, 0x000001ae0b238c80, 0x000001ae0b23c790, 0x000001ae0b239310,
0x000001ae0b23db40, 0x000001ae0b23e860, 0x000001ae0b2402a0, 0x000001ae0a55f520,
0x000001ae0b23ce20, 0x000001ae0b240930, 0x000001ae0b23d4b0, 0x000001ae0b242a00,
0x000001ae0b241ce0, 0x000001ae0b242370, 0x000001ae0b243720, 0x000001ae0b244440,
0x000001ae0b243090, 0x000001ae0b243db0, 0x000001ae0b240fc0, 0x000001ae0b244ad0,
0x000001ae0b2478c0
}

Java Threads: ( => current thread )
  0x000001ae66f8b420 JavaThread "main"                              [_thread_blocked, id=15832, stack(0x000000751c800000,0x000000751c900000) (1024K)]
  0x000001ae00aa3340 JavaThread "Common-Cleaner"             daemon [_thread_blocked, id=20872, stack(0x000000751d000000,0x000000751d100000) (1024K)]
  0x000001ae00ab6020 JavaThread "Reference Handler"          daemon [_thread_blocked, id=18324, stack(0x000000751d100000,0x000000751d200000) (1024K)]
  0x000001ae00ab6690 JavaThread "Finalizer"                  daemon [_thread_blocked, id=9552, stack(0x000000751d200000,0x000000751d300000) (1024K)]
  0x000001ae00ac7b70 JavaThread "Signal Dispatcher"          daemon [_thread_blocked, id=408, stack(0x000000751d300000,0x000000751d400000) (1024K)]
  0x000001ae00ac81e0 JavaThread "Attach Listener"            daemon [_thread_blocked, id=19364, stack(0x000000751d400000,0x000000751d500000) (1024K)]
  0x000001ae00acc860 JavaThread "Service Thread"             daemon [_thread_blocked, id=18788, stack(0x000000751d500000,0x000000751d600000) (1024K)]
  0x000001ae00acced0 JavaThread "Monitor Deflation Thread"   daemon [_thread_blocked, id=19584, stack(0x000000751d600000,0x000000751d700000) (1024K)]
  0x000001ae00acd540 JavaThread "C2 CompilerThread0"         daemon [_thread_blocked, id=20424, stack(0x000000751d700000,0x000000751d800000) (1024K)]
  0x000001ae00acdbf0 JavaThread "C1 CompilerThread0"         daemon [_thread_blocked, id=2884, stack(0x000000751d800000,0x000000751d900000) (1024K)]
  0x000001ae0502b8d0 JavaThread "Notification Thread"        daemon [_thread_blocked, id=20608, stack(0x000000751d900000,0x000000751da00000) (1024K)]
  0x000001ae0698af20 JavaThread "Daemon health stats"               [_thread_blocked, id=7572, stack(0x000000751e000000,0x000000751e100000) (1024K)]
  0x000001ae06a8de60 JavaThread "Incoming local TCP Connector on port 42933"        [_thread_in_native, id=7520, stack(0x000000751e400000,0x000000751e500000) (1024K)]
  0x000001ae069beb20 JavaThread "Daemon periodic checks"            [_thread_blocked, id=12072, stack(0x000000751e500000,0x000000751e600000) (1024K)]
  0x000001ae069f4040 JavaThread "Daemon"                            [_thread_blocked, id=18256, stack(0x000000751e600000,0x000000751e700000) (1024K)]
  0x000001ae0695d900 JavaThread "Handler for socket connection from /127.0.0.1:42933 to /127.0.0.1:42934"        [_thread_in_native, id=9600, stack(0x000000751e700000,0x000000751e800000) (1024K)]
  0x000001ae0695e260 JavaThread "Cancel handler"                    [_thread_blocked, id=16484, stack(0x000000751e800000,0x000000751e900000) (1024K)]
  0x000001ae06b27fe0 JavaThread "Daemon worker"                     [_thread_blocked, id=20072, stack(0x000000751e900000,0x000000751ea00000) (1024K)]
  0x000001ae069eb2a0 JavaThread "Asynchronous log dispatcher for DefaultDaemonConnection: socket connection from /127.0.0.1:42933 to /127.0.0.1:42934"        [_thread_blocked, id=6756, stack(0x000000751ea00000,0x000000751eb00000) (1024K)]
  0x000001ae069ebfc0 JavaThread "Stdin handler"                     [_thread_blocked, id=19668, stack(0x000000751eb00000,0x000000751ec00000) (1024K)]
  0x000001ae069eb930 JavaThread "Daemon client event forwarder"        [_thread_blocked, id=20532, stack(0x000000751ec00000,0x000000751ed00000) (1024K)]
  0x000001ae069ec650 JavaThread "Cache worker for journal cache (C:\Users\loq\.gradle\caches\journal-1)"        [_thread_blocked, id=19796, stack(0x000000751f000000,0x000000751f100000) (1024K)]
  0x000001ae069ecce0 JavaThread "File lock request listener"        [_thread_in_native, id=9556, stack(0x000000751f100000,0x000000751f200000) (1024K)]
  0x000001ae069e9ef0 JavaThread "Cache worker for file hash cache (C:\Users\loq\.gradle\caches\8.13\fileHashes)"        [_thread_blocked, id=11840, stack(0x000000751f200000,0x000000751f300000) (1024K)]
  0x000001ae069ea580 JavaThread "Cache worker for file hash cache (C:\Users\loq\AndroidStudioProjects\EvilCorp\.gradle\8.13\fileHashes)"        [_thread_blocked, id=7208, stack(0x000000751f300000,0x000000751f400000) (1024K)]
  0x000001ae069eac10 JavaThread "Cache worker for Build Output Cleanup Cache (C:\Users\loq\AndroidStudioProjects\EvilCorp\.gradle\buildOutputCleanup)"        [_thread_blocked, id=3796, stack(0x000000751f400000,0x000000751f500000) (1024K)]
  0x000001ae076c4420 JavaThread "File watcher server"        daemon [_thread_blocked, id=18140, stack(0x000000751f500000,0x000000751f600000) (1024K)]
  0x000001ae076c3070 JavaThread "File watcher consumer"      daemon [_thread_blocked, id=15228, stack(0x000000751f600000,0x000000751f700000) (1024K)]
  0x000001ae076c6b80 JavaThread "jar transforms"                    [_thread_blocked, id=15764, stack(0x000000751f700000,0x000000751f800000) (1024K)]
  0x000001ae076c3700 JavaThread "jar transforms Thread 2"           [_thread_blocked, id=14060, stack(0x000000751f800000,0x000000751f900000) (1024K)]
  0x000001ae076c3d90 JavaThread "Cache worker for checksums cache (C:\Users\loq\AndroidStudioProjects\EvilCorp\.gradle\8.13\checksums)"        [_thread_blocked, id=2476, stack(0x000000751fa00000,0x000000751fb00000) (1024K)]
  0x000001ae076c7210 JavaThread "Cache worker for file content cache (C:\Users\loq\.gradle\caches\8.13\fileContent)"        [_thread_blocked, id=12120, stack(0x000000751fb00000,0x000000751fc00000) (1024K)]
  0x000001ae076c5e60 JavaThread "jar transforms Thread 3"           [_thread_blocked, id=14120, stack(0x000000751fc00000,0x000000751fd00000) (1024K)]
  0x000001ae076c5140 JavaThread "Cache worker for cache directory md-supplier (C:\Users\loq\.gradle\caches\8.13\md-supplier)"        [_thread_blocked, id=13292, stack(0x000000751fd00000,0x000000751fe00000) (1024K)]
  0x000001ae076c64f0 JavaThread "Cache worker for cache directory md-rule (C:\Users\loq\.gradle\caches\8.13\md-rule)"        [_thread_blocked, id=13256, stack(0x000000751fe00000,0x000000751ff00000) (1024K)]
  0x000001ae076c4ab0 JavaThread "Unconstrained build operations"        [_thread_blocked, id=10112, stack(0x000000751ff00000,0x0000007520000000) (1024K)]
  0x000001ae076c85c0 JavaThread "Unconstrained build operations Thread 2"        [_thread_blocked, id=13992, stack(0x0000007520000000,0x0000007520100000) (1024K)]
  0x000001ae076ca000 JavaThread "Unconstrained build operations Thread 3"        [_thread_blocked, id=7668, stack(0x0000007520100000,0x0000007520200000) (1024K)]
  0x000001ae076c92e0 JavaThread "Unconstrained build operations Thread 4"        [_thread_blocked, id=13820, stack(0x0000007520200000,0x0000007520300000) (1024K)]
  0x000001ae076c8c50 JavaThread "Unconstrained build operations Thread 5"        [_thread_blocked, id=12472, stack(0x0000007520300000,0x0000007520400000) (1024K)]
  0x000001ae076c9970 JavaThread "Unconstrained build operations Thread 6"        [_thread_blocked, id=6132, stack(0x0000007520400000,0x0000007520500000) (1024K)]
  0x000001ae076ca690 JavaThread "Unconstrained build operations Thread 7"        [_thread_blocked, id=15252, stack(0x0000007520500000,0x0000007520600000) (1024K)]
  0x000001ae0a343dc0 JavaThread "Unconstrained build operations Thread 8"        [_thread_blocked, id=10032, stack(0x0000007520600000,0x0000007520700000) (1024K)]
  0x000001ae0a345170 JavaThread "Unconstrained build operations Thread 9"        [_thread_blocked, id=5064, stack(0x0000007520700000,0x0000007520800000) (1024K)]
  0x000001ae0a346520 JavaThread "Unconstrained build operations Thread 10"        [_thread_blocked, id=6696, stack(0x0000007520800000,0x0000007520900000) (1024K)]
  0x000001ae0a344450 JavaThread "jar transforms Thread 4"           [_thread_blocked, id=6736, stack(0x0000007520900000,0x0000007520a00000) (1024K)]
  0x000001ae0a344ae0 JavaThread "jar transforms Thread 5"           [_thread_blocked, id=12572, stack(0x0000007520a00000,0x0000007520b00000) (1024K)]
  0x000001ae0a346bb0 JavaThread "Unconstrained build operations Thread 11"        [_thread_blocked, id=1852, stack(0x0000007520b00000,0x0000007520c00000) (1024K)]
  0x000001ae0a345800 JavaThread "Unconstrained build operations Thread 12"        [_thread_blocked, id=9380, stack(0x0000007520c00000,0x0000007520d00000) (1024K)]
  0x000001ae0a343730 JavaThread "Unconstrained build operations Thread 13"        [_thread_blocked, id=13380, stack(0x0000007520d00000,0x0000007520e00000) (1024K)]
  0x000001ae0a347240 JavaThread "Unconstrained build operations Thread 14"        [_thread_blocked, id=14204, stack(0x0000007520e00000,0x0000007520f00000) (1024K)]
  0x000001ae0a3485f0 JavaThread "Unconstrained build operations Thread 15"        [_thread_blocked, id=14236, stack(0x0000007520f00000,0x0000007521000000) (1024K)]
  0x000001ae0a3478d0 JavaThread "jar transforms Thread 6"           [_thread_blocked, id=17960, stack(0x0000007521000000,0x0000007521100000) (1024K)]
  0x000001ae0a347f60 JavaThread "jar transforms Thread 7"           [_thread_blocked, id=14088, stack(0x0000007521100000,0x0000007521200000) (1024K)]
  0x000001ae0a349310 JavaThread "jar transforms Thread 8"           [_thread_blocked, id=15000, stack(0x0000007521200000,0x0000007521300000) (1024K)]
  0x000001ae075d6300 JavaThread "Unconstrained build operations Thread 16"        [_thread_blocked, id=20396, stack(0x000000751f900000,0x000000751fa00000) (1024K)]
  0x000001ae075d48c0 JavaThread "Unconstrained build operations Thread 17"        [_thread_blocked, id=4792, stack(0x0000007521400000,0x0000007521500000) (1024K)]
  0x000001ae075d4f50 JavaThread "Unconstrained build operations Thread 18"        [_thread_blocked, id=16680, stack(0x0000007521500000,0x0000007521600000) (1024K)]
  0x000001ae075d5c70 JavaThread "Unconstrained build operations Thread 19"        [_thread_blocked, id=19636, stack(0x0000007521600000,0x0000007521700000) (1024K)]
  0x000001ae075d3ba0 JavaThread "Unconstrained build operations Thread 20"        [_thread_blocked, id=18436, stack(0x0000007521700000,0x0000007521800000) (1024K)]
  0x000001ae075d55e0 JavaThread "Unconstrained build operations Thread 21"        [_thread_blocked, id=16612, stack(0x0000007521800000,0x0000007521900000) (1024K)]
  0x000001ae075d3510 JavaThread "Unconstrained build operations Thread 22"        [_thread_blocked, id=7792, stack(0x0000007521900000,0x0000007521a00000) (1024K)]
  0x000001ae075d6990 JavaThread "Unconstrained build operations Thread 23"        [_thread_blocked, id=15680, stack(0x0000007521a00000,0x0000007521b00000) (1024K)]
  0x000001ae075d7020 JavaThread "Unconstrained build operations Thread 24"        [_thread_blocked, id=20520, stack(0x0000007521b00000,0x0000007521c00000) (1024K)]
  0x000001ae075d76b0 JavaThread "Unconstrained build operations Thread 25"        [_thread_blocked, id=14096, stack(0x0000007521c00000,0x0000007521d00000) (1024K)]
  0x000001ae075d4230 JavaThread "Unconstrained build operations Thread 26"        [_thread_blocked, id=20416, stack(0x0000007521d00000,0x0000007521e00000) (1024K)]
  0x000001ae075d7d40 JavaThread "Unconstrained build operations Thread 27"        [_thread_blocked, id=7712, stack(0x0000007521e00000,0x0000007521f00000) (1024K)]
  0x000001ae075d9e10 JavaThread "Unconstrained build operations Thread 28"        [_thread_blocked, id=11604, stack(0x0000007521f00000,0x0000007522000000) (1024K)]
  0x000001ae075d83d0 JavaThread "Unconstrained build operations Thread 29"        [_thread_blocked, id=9516, stack(0x0000007522000000,0x0000007522100000) (1024K)]
  0x000001ae075d8a60 JavaThread "Unconstrained build operations Thread 30"        [_thread_blocked, id=18860, stack(0x0000007522100000,0x0000007522200000) (1024K)]
  0x000001ae075da4a0 JavaThread "Unconstrained build operations Thread 31"        [_thread_blocked, id=16448, stack(0x0000007522200000,0x0000007522300000) (1024K)]
  0x000001ae075d90f0 JavaThread "Unconstrained build operations Thread 32"        [_thread_blocked, id=7756, stack(0x0000007522300000,0x0000007522400000) (1024K)]
  0x000001ae075d9780 JavaThread "Unconstrained build operations Thread 33"        [_thread_blocked, id=19168, stack(0x0000007522400000,0x0000007522500000) (1024K)]
  0x000001ae0a55ba10 JavaThread "Unconstrained build operations Thread 34"        [_thread_blocked, id=5452, stack(0x0000007522500000,0x0000007522600000) (1024K)]
  0x000001ae0a55dae0 JavaThread "Unconstrained build operations Thread 35"        [_thread_blocked, id=19164, stack(0x0000007522600000,0x0000007522700000) (1024K)]
  0x000001ae0a55c0a0 JavaThread "Unconstrained build operations Thread 36"        [_thread_blocked, id=18260, stack(0x0000007522700000,0x0000007522800000) (1024K)]
  0x000001ae0a55e170 JavaThread "Unconstrained build operations Thread 37"        [_thread_blocked, id=15384, stack(0x0000007522800000,0x0000007522900000) (1024K)]
  0x000001ae0a55cdc0 JavaThread "Unconstrained build operations Thread 38"        [_thread_blocked, id=19032, stack(0x0000007522900000,0x0000007522a00000) (1024K)]
  0x000001ae0a55d450 JavaThread "Unconstrained build operations Thread 39"        [_thread_blocked, id=8360, stack(0x0000007522a00000,0x0000007522b00000) (1024K)]
  0x000001ae0a55b380 JavaThread "Unconstrained build operations Thread 40"        [_thread_blocked, id=8848, stack(0x0000007522b00000,0x0000007522c00000) (1024K)]
  0x000001ae0a5615f0 JavaThread "Unconstrained build operations Thread 41"        [_thread_blocked, id=15892, stack(0x0000007522c00000,0x0000007522d00000) (1024K)]
  0x000001ae0a55ee90 JavaThread "Unconstrained build operations Thread 42"        [_thread_blocked, id=16412, stack(0x0000007522d00000,0x0000007522e00000) (1024K)]
  0x000001ae0a560f60 JavaThread "Unconstrained build operations Thread 43"        [_thread_blocked, id=16268, stack(0x0000007522e00000,0x0000007522f00000) (1024K)]
  0x000001ae0a55fbb0 JavaThread "Unconstrained build operations Thread 44"        [_thread_blocked, id=19556, stack(0x0000007522f00000,0x0000007523000000) (1024K)]
  0x000001ae0a562310 JavaThread "Unconstrained build operations Thread 45"        [_thread_blocked, id=19064, stack(0x0000007523000000,0x0000007523100000) (1024K)]
  0x000001ae0a5608d0 JavaThread "Unconstrained build operations Thread 46"        [_thread_blocked, id=18036, stack(0x0000007523100000,0x0000007523200000) (1024K)]
  0x000001ae0a561c80 JavaThread "Unconstrained build operations Thread 47"        [_thread_blocked, id=17708, stack(0x0000007523200000,0x0000007523300000) (1024K)]
  0x000001ae0a5629a0 JavaThread "Unconstrained build operations Thread 48"        [_thread_blocked, id=16316, stack(0x0000007523300000,0x0000007523400000) (1024K)]
  0x000001ae0b7fd480 JavaThread "build event listener"              [_thread_blocked, id=19276, stack(0x000000751da00000,0x000000751db00000) (1024K)]
  0x000001ae0b7fe1a0 JavaThread "Memory manager"                    [_thread_blocked, id=20656, stack(0x0000007523500000,0x0000007523600000) (1024K)]
  0x000001ae0b7fcdf0 JavaThread "included builds"                   [_thread_blocked, id=14396, stack(0x0000007523700000,0x0000007523800000) (1024K)]
  0x000001ae0b7fc760 JavaThread "Execution worker"                  [_thread_blocked, id=14956, stack(0x0000007523800000,0x0000007523900000) (1024K)]
  0x000001ae0b801cb0 JavaThread "Execution worker Thread 2"         [_thread_blocked, id=18068, stack(0x0000007523900000,0x0000007523a00000) (1024K)]
  0x000001ae0b802340 JavaThread "Execution worker Thread 3"         [_thread_blocked, id=16368, stack(0x0000007523a00000,0x0000007523b00000) (1024K)]
  0x000001ae0b8036f0 JavaThread "Execution worker Thread 4"         [_thread_blocked, id=20828, stack(0x0000007523b00000,0x0000007523c00000) (1024K)]
  0x000001ae0b8029d0 JavaThread "Execution worker Thread 5"         [_thread_blocked, id=20220, stack(0x0000007523c00000,0x0000007523d00000) (1024K)]
  0x000001ae0b800270 JavaThread "Execution worker Thread 6"         [_thread_blocked, id=12064, stack(0x0000007523d00000,0x0000007523e00000) (1024K)]
  0x000001ae0b803060 JavaThread "Execution worker Thread 7"         [_thread_blocked, id=18392, stack(0x0000007523e00000,0x0000007523f00000) (1024K)]
  0x000001ae0b801620 JavaThread "Execution worker Thread 8"         [_thread_blocked, id=19732, stack(0x0000007523f00000,0x0000007524000000) (1024K)]
  0x000001ae0b803d80 JavaThread "Execution worker Thread 9"         [_thread_blocked, id=15848, stack(0x0000007524000000,0x0000007524100000) (1024K)]
  0x000001ae0b800f90 JavaThread "Execution worker Thread 10"        [_thread_blocked, id=20860, stack(0x0000007524100000,0x0000007524200000) (1024K)]
  0x000001ae052f5400 JavaThread "Execution worker Thread 11"        [_thread_blocked, id=18248, stack(0x0000007524200000,0x0000007524300000) (1024K)]
  0x000001ae052f46e0 JavaThread "Cache worker for execution history cache (C:\Users\loq\AndroidStudioProjects\EvilCorp\.gradle\8.13\executionHistory)"        [_thread_blocked, id=21068, stack(0x0000007524300000,0x0000007524400000) (1024K)]
  0x000001ae096bb8d0 JavaThread "Unconstrained build operations Thread 49"        [_thread_blocked, id=8412, stack(0x0000007524400000,0x0000007524500000) (1024K)]
  0x000001ae096bc5f0 JavaThread "Unconstrained build operations Thread 50"        [_thread_blocked, id=19524, stack(0x0000007524500000,0x0000007524600000) (1024K)]
  0x000001ae096bfa70 JavaThread "Unconstrained build operations Thread 51"        [_thread_blocked, id=21460, stack(0x0000007524600000,0x0000007524700000) (1024K)]
  0x000001ae096be6c0 JavaThread "Unconstrained build operations Thread 52"        [_thread_blocked, id=20176, stack(0x0000007524700000,0x0000007524800000) (1024K)]
  0x000001ae096bed50 JavaThread "Unconstrained build operations Thread 53"        [_thread_blocked, id=4696, stack(0x0000007524800000,0x0000007524900000) (1024K)]
  0x000001ae096c0100 JavaThread "Unconstrained build operations Thread 54"        [_thread_blocked, id=17772, stack(0x0000007524900000,0x0000007524a00000) (1024K)]
  0x000001ae096c0790 JavaThread "Unconstrained build operations Thread 55"        [_thread_blocked, id=17628, stack(0x0000007524a00000,0x0000007524b00000) (1024K)]
  0x000001ae096bf3e0 JavaThread "Unconstrained build operations Thread 56"        [_thread_blocked, id=19480, stack(0x0000007524b00000,0x0000007524c00000) (1024K)]
  0x000001ae096bd310 JavaThread "Unconstrained build operations Thread 57"        [_thread_blocked, id=17172, stack(0x0000007524c00000,0x0000007524d00000) (1024K)]
  0x000001ae096c0e20 JavaThread "Unconstrained build operations Thread 58"        [_thread_blocked, id=20988, stack(0x0000007524d00000,0x0000007524e00000) (1024K)]
  0x000001ae096c14b0 JavaThread "Unconstrained build operations Thread 59"        [_thread_blocked, id=19512, stack(0x0000007524e00000,0x0000007524f00000) (1024K)]
  0x000001ae052f4050 JavaThread "Unconstrained build operations Thread 60"        [_thread_blocked, id=19632, stack(0x0000007524f00000,0x0000007525000000) (1024K)]
  0x000001ae052f3330 JavaThread "Unconstrained build operations Thread 61"        [_thread_blocked, id=19704, stack(0x0000007525000000,0x0000007525100000) (1024K)]
  0x000001ae052f4d70 JavaThread "Unconstrained build operations Thread 62"        [_thread_blocked, id=15644, stack(0x0000007525100000,0x0000007525200000) (1024K)]
  0x000001ae052f5a90 JavaThread "Unconstrained build operations Thread 63"        [_thread_blocked, id=3832, stack(0x0000007525200000,0x0000007525300000) (1024K)]
  0x000001ae052f6120 JavaThread "Unconstrained build operations Thread 64"        [_thread_blocked, id=12496, stack(0x0000007525300000,0x0000007525400000) (1024K)]
  0x000001ae052f2ca0 JavaThread "Unconstrained build operations Thread 65"        [_thread_blocked, id=17208, stack(0x0000007525400000,0x0000007525500000) (1024K)]
  0x000001ae052f67b0 JavaThread "Unconstrained build operations Thread 66"        [_thread_blocked, id=19872, stack(0x0000007525500000,0x0000007525600000) (1024K)]
  0x000001ae052f6e40 JavaThread "Unconstrained build operations Thread 67"        [_thread_blocked, id=17268, stack(0x0000007525600000,0x0000007525700000) (1024K)]
  0x000001ae052f74d0 JavaThread "Unconstrained build operations Thread 68"        [_thread_blocked, id=21084, stack(0x0000007525700000,0x0000007525800000) (1024K)]
  0x000001ae096bcc80 JavaThread "Unconstrained build operations Thread 69"        [_thread_blocked, id=18028, stack(0x0000007525800000,0x0000007525900000) (1024K)]
  0x000001ae096bd9a0 JavaThread "Unconstrained build operations Thread 70"        [_thread_blocked, id=6728, stack(0x0000007525900000,0x0000007525a00000) (1024K)]
  0x000001ae096c1b40 JavaThread "Unconstrained build operations Thread 71"        [_thread_blocked, id=20644, stack(0x0000007525a00000,0x0000007525b00000) (1024K)]
  0x000001ae096c21d0 JavaThread "Unconstrained build operations Thread 72"        [_thread_blocked, id=21384, stack(0x0000007525b00000,0x0000007525c00000) (1024K)]
  0x000001ae096c2860 JavaThread "Unconstrained build operations Thread 73"        [_thread_blocked, id=18444, stack(0x0000007525c00000,0x0000007525d00000) (1024K)]
  0x000001ae096c2ef0 JavaThread "Unconstrained build operations Thread 74"        [_thread_blocked, id=20296, stack(0x0000007525d00000,0x0000007525e00000) (1024K)]
  0x000001ae0a34a6c0 JavaThread "Unconstrained build operations Thread 75"        [_thread_blocked, id=19428, stack(0x0000007525e00000,0x0000007525f00000) (1024K)]
  0x000001ae1074d680 JavaThread "Unconstrained build operations Thread 76"        [_thread_blocked, id=15220, stack(0x0000007525f00000,0x0000007526000000) (1024K)]
  0x000001ae1074dd10 JavaThread "Unconstrained build operations Thread 77"        [_thread_blocked, id=13472, stack(0x0000007526000000,0x0000007526100000) (1024K)]
  0x000001ae1074e3a0 JavaThread "Unconstrained build operations Thread 78"        [_thread_blocked, id=19144, stack(0x0000007526100000,0x0000007526200000) (1024K)]
  0x000001ae1074ea30 JavaThread "Unconstrained build operations Thread 79"        [_thread_blocked, id=4648, stack(0x0000007526200000,0x0000007526300000) (1024K)]
  0x000001ae1074f750 JavaThread "Unconstrained build operations Thread 80"        [_thread_blocked, id=18908, stack(0x0000007526300000,0x0000007526400000) (1024K)]
  0x000001ae1074cff0 JavaThread "Unconstrained build operations Thread 81"        [_thread_blocked, id=20600, stack(0x0000007526400000,0x0000007526500000) (1024K)]
  0x000001ae10751eb0 JavaThread "Unconstrained build operations Thread 82"        [_thread_blocked, id=19592, stack(0x0000007526500000,0x0000007526600000) (1024K)]
  0x000001ae1074f0c0 JavaThread "Unconstrained build operations Thread 83"        [_thread_blocked, id=19020, stack(0x0000007526600000,0x0000007526700000) (1024K)]
  0x000001ae10752540 JavaThread "Unconstrained build operations Thread 84"        [_thread_blocked, id=8724, stack(0x0000007526700000,0x0000007526800000) (1024K)]
  0x000001ae10750b00 JavaThread "Unconstrained build operations Thread 85"        [_thread_blocked, id=20428, stack(0x0000007526800000,0x0000007526900000) (1024K)]
  0x000001ae10751190 JavaThread "Unconstrained build operations Thread 86"        [_thread_blocked, id=16028, stack(0x0000007526900000,0x0000007526a00000) (1024K)]
  0x000001ae107538f0 JavaThread "Unconstrained build operations Thread 87"        [_thread_blocked, id=4192, stack(0x0000007526a00000,0x0000007526b00000) (1024K)]
  0x000001ae10752bd0 JavaThread "Unconstrained build operations Thread 88"        [_thread_blocked, id=19232, stack(0x0000007526b00000,0x0000007526c00000) (1024K)]
  0x000001ae10751820 JavaThread "Unconstrained build operations Thread 89"        [_thread_blocked, id=18176, stack(0x0000007526c00000,0x0000007526d00000) (1024K)]
  0x000001ae10753260 JavaThread "Unconstrained build operations Thread 90"        [_thread_blocked, id=15684, stack(0x0000007526d00000,0x0000007526e00000) (1024K)]
  0x000001ae10750470 JavaThread "Unconstrained build operations Thread 91"        [_thread_blocked, id=18988, stack(0x0000007526e00000,0x0000007526f00000) (1024K)]
  0x000001ae10753f80 JavaThread "Unconstrained build operations Thread 92"        [_thread_blocked, id=20292, stack(0x0000007526f00000,0x0000007527000000) (1024K)]
  0x000001ae10754610 JavaThread "Unconstrained build operations Thread 93"        [_thread_blocked, id=17996, stack(0x0000007527000000,0x0000007527100000) (1024K)]
  0x000001ae0b583130 JavaThread "Unconstrained build operations Thread 94"        [_thread_blocked, id=20684, stack(0x0000007527100000,0x0000007527200000) (1024K)]
  0x000001ae0b582aa0 JavaThread "Unconstrained build operations Thread 95"        [_thread_blocked, id=19036, stack(0x0000007527200000,0x0000007527300000) (1024K)]
  0x000001ae0b5837c0 JavaThread "Unconstrained build operations Thread 96"        [_thread_blocked, id=20024, stack(0x0000007527300000,0x0000007527400000) (1024K)]
  0x000001ae0b583e50 JavaThread "Unconstrained build operations Thread 97"        [_thread_blocked, id=19656, stack(0x0000007527400000,0x0000007527500000) (1024K)]
  0x000001ae0b584b70 JavaThread "Unconstrained build operations Thread 98"        [_thread_blocked, id=2408, stack(0x0000007527500000,0x0000007527600000) (1024K)]
  0x000001ae0b585200 JavaThread "Unconstrained build operations Thread 99"        [_thread_blocked, id=21248, stack(0x0000007527600000,0x0000007527700000) (1024K)]
  0x000001ae0b581d80 JavaThread "Unconstrained build operations Thread 100"        [_thread_blocked, id=21444, stack(0x0000007527700000,0x0000007527800000) (1024K)]
  0x000001ae0b585890 JavaThread "Unconstrained build operations Thread 101"        [_thread_blocked, id=16152, stack(0x0000007527800000,0x0000007527900000) (1024K)]
  0x000001ae0b582410 JavaThread "Unconstrained build operations Thread 102"        [_thread_blocked, id=19940, stack(0x0000007527900000,0x0000007527a00000) (1024K)]
  0x000001ae0b588d10 JavaThread "Unconstrained build operations Thread 103"        [_thread_blocked, id=21176, stack(0x0000007527a00000,0x0000007527b00000) (1024K)]
  0x000001ae0b5893a0 JavaThread "Unconstrained build operations Thread 104"        [_thread_blocked, id=16736, stack(0x0000007527b00000,0x0000007527c00000) (1024K)]
  0x000001ae0b5872d0 JavaThread "Unconstrained build operations Thread 105"        [_thread_blocked, id=15012, stack(0x0000007527c00000,0x0000007527d00000) (1024K)]
  0x000001ae0b585f20 JavaThread "Unconstrained build operations Thread 106"        [_thread_blocked, id=20496, stack(0x0000007527d00000,0x0000007527e00000) (1024K)]
  0x000001ae0b586c40 JavaThread "Unconstrained build operations Thread 107"        [_thread_blocked, id=17480, stack(0x0000007527e00000,0x0000007527f00000) (1024K)]
  0x000001ae0b587960 JavaThread "Unconstrained build operations Thread 108"        [_thread_blocked, id=20200, stack(0x0000007527f00000,0x0000007528000000) (1024K)]
  0x000001ae0b589a30 JavaThread "Unconstrained build operations Thread 109"        [_thread_blocked, id=17304, stack(0x0000007528000000,0x0000007528100000) (1024K)]
  0x000001ae0b5865b0 JavaThread "Unconstrained build operations Thread 110"        [_thread_blocked, id=8156, stack(0x0000007528100000,0x0000007528200000) (1024K)]
  0x000001ae0b58a0c0 JavaThread "Unconstrained build operations Thread 111"        [_thread_blocked, id=20840, stack(0x0000007528200000,0x0000007528300000) (1024K)]
  0x000001ae0b58a750 JavaThread "Unconstrained build operations Thread 112"        [_thread_blocked, id=18620, stack(0x0000007528300000,0x0000007528400000) (1024K)]
  0x000001ae0b58ade0 JavaThread "Unconstrained build operations Thread 113"        [_thread_blocked, id=15620, stack(0x0000007528400000,0x0000007528500000) (1024K)]
  0x000001ae0b588680 JavaThread "Unconstrained build operations Thread 114"        [_thread_blocked, id=18232, stack(0x0000007528500000,0x0000007528600000) (1024K)]
  0x000001ae0b58b470 JavaThread "Unconstrained build operations Thread 115"        [_thread_blocked, id=19196, stack(0x0000007528600000,0x0000007528700000) (1024K)]
  0x000001ae0b587ff0 JavaThread "Unconstrained build operations Thread 116"        [_thread_blocked, id=19400, stack(0x0000007528700000,0x0000007528800000) (1024K)]
  0x000001ae0b23e1d0 JavaThread "Unconstrained build operations Thread 117"        [_thread_blocked, id=17768, stack(0x0000007528800000,0x0000007528900000) (1024K)]
  0x000001ae0b23ad50 JavaThread "Unconstrained build operations Thread 118"        [_thread_blocked, id=4748, stack(0x0000007528900000,0x0000007528a00000) (1024K)]
  0x000001ae0b23fc10 JavaThread "Unconstrained build operations Thread 119"        [_thread_blocked, id=9888, stack(0x0000007528a00000,0x0000007528b00000) (1024K)]
  0x000001ae0b241650 JavaThread "Unconstrained build operations Thread 120"        [_thread_blocked, id=18340, stack(0x0000007528b00000,0x0000007528c00000) (1024K)]
  0x000001ae0b23ba70 JavaThread "Cache worker for Java compile cache (C:\Users\loq\.gradle\caches\8.13\javaCompile)"        [_thread_blocked, id=19468, stack(0x0000007528c00000,0x0000007528d00000) (1024K)]
  0x000001ae0b23a030 JavaThread "Build operations"                  [_thread_blocked, id=20568, stack(0x0000007523600000,0x0000007523700000) (1024K)]
  0x000001ae0b23a6c0 JavaThread "Build operations Thread 2"         [_thread_blocked, id=19972, stack(0x0000007528d00000,0x0000007528e00000) (1024K)]
  0x000001ae0b2399a0 JavaThread "Build operations Thread 3"         [_thread_blocked, id=16748, stack(0x0000007528e00000,0x0000007528f00000) (1024K)]
  0x000001ae0b23b3e0 JavaThread "Build operations Thread 4"         [_thread_blocked, id=16588, stack(0x0000007528f00000,0x0000007529000000) (1024K)]
  0x000001ae0b23c100 JavaThread "Build operations Thread 5"         [_thread_blocked, id=20632, stack(0x0000007529000000,0x0000007529100000) (1024K)]
  0x000001ae0b238c80 JavaThread "Build operations Thread 6"         [_thread_blocked, id=8780, stack(0x0000007529100000,0x0000007529200000) (1024K)]
  0x000001ae0b23c790 JavaThread "Build operations Thread 7"         [_thread_blocked, id=19180, stack(0x0000007529200000,0x0000007529300000) (1024K)]
  0x000001ae0b239310 JavaThread "Build operations Thread 8"         [_thread_blocked, id=21464, stack(0x0000007529300000,0x0000007529400000) (1024K)]
  0x000001ae0b23db40 JavaThread "Build operations Thread 9"         [_thread_blocked, id=5160, stack(0x0000007529400000,0x0000007529500000) (1024K)]
  0x000001ae0b23e860 JavaThread "Build operations Thread 10"        [_thread_blocked, id=17312, stack(0x0000007529500000,0x0000007529600000) (1024K)]
  0x000001ae0b2402a0 JavaThread "Build operations Thread 11"        [_thread_blocked, id=4296, stack(0x0000007529600000,0x0000007529700000) (1024K)]
  0x000001ae0a55f520 JavaThread "Problems report writer"            [_thread_blocked, id=12148, stack(0x0000007529800000,0x0000007529900000) (1024K)]
  0x000001ae0b23ce20 JavaThread "WorkerExecutor Queue"              [_thread_blocked, id=19932, stack(0x0000007529900000,0x0000007529a00000) (1024K)]
  0x000001ae0b240930 JavaThread "WorkerExecutor Queue Thread 2"        [_thread_blocked, id=16900, stack(0x0000007529a00000,0x0000007529b00000) (1024K)]
  0x000001ae0b23d4b0 JavaThread "WorkerExecutor Queue Thread 3"        [_thread_blocked, id=18584, stack(0x0000007529b00000,0x0000007529c00000) (1024K)]
  0x000001ae0b242a00 JavaThread "WorkerExecutor Queue Thread 4"        [_thread_blocked, id=20368, stack(0x0000007529c00000,0x0000007529d00000) (1024K)]
  0x000001ae0b241ce0 JavaThread "WorkerExecutor Queue Thread 5"        [_thread_blocked, id=19108, stack(0x0000007529d00000,0x0000007529e00000) (1024K)]
  0x000001ae0b242370 JavaThread "WorkerExecutor Queue Thread 6"        [_thread_blocked, id=21264, stack(0x0000007529e00000,0x0000007529f00000) (1024K)]
  0x000001ae0b243720 JavaThread "WorkerExecutor Queue Thread 7"        [_thread_blocked, id=12244, stack(0x0000007529f00000,0x000000752a000000) (1024K)]
  0x000001ae0b244440 JavaThread "WorkerExecutor Queue Thread 8"        [_thread_blocked, id=19676, stack(0x000000752a000000,0x000000752a100000) (1024K)]
  0x000001ae0b243090 JavaThread "WorkerExecutor Queue Thread 9"        [_thread_blocked, id=19756, stack(0x000000752a100000,0x000000752a200000) (1024K)]
  0x000001ae0b243db0 JavaThread "WorkerExecutor Queue Thread 10"        [_thread_blocked, id=19544, stack(0x000000752a200000,0x000000752a300000) (1024K)]
  0x000001ae0b240fc0 JavaThread "WorkerExecutor Queue Thread 11"        [_thread_blocked, id=16604, stack(0x000000752a300000,0x000000752a400000) (1024K)]
  0x000001ae0b244ad0 JavaThread "WorkerExecutor Queue Thread 12"        [_thread_blocked, id=20000, stack(0x000000752a400000,0x000000752a500000) (1024K)]
  0x000001ae0b2478c0 JavaThread "WorkerExecutor Queue Thread 13"        [_thread_blocked, id=8052, stack(0x000000752a500000,0x000000752a600000) (1024K)]
Total: 201

Other Threads:
=>0x000001ae00a4c8a0 VMThread "VM Thread"                           [id=12484, stack(0x000000751cf00000,0x000000751d000000) (1024K)]
  0x000001ae00a009d0 WatcherThread "VM Periodic Task Thread"        [id=20236, stack(0x000000751ce00000,0x000000751cf00000) (1024K)]
  0x000001ae66fe4f80 WorkerThread "GC Thread#0"                     [id=18996, stack(0x000000751c900000,0x000000751ca00000) (1024K)]
  0x000001ae05393f40 WorkerThread "GC Thread#1"                     [id=14168, stack(0x000000751db00000,0x000000751dc00000) (1024K)]
  0x000001ae055a4d30 WorkerThread "GC Thread#2"                     [id=15040, stack(0x000000751dc00000,0x000000751dd00000) (1024K)]
  0x000001ae055a50d0 WorkerThread "GC Thread#3"                     [id=12544, stack(0x000000751dd00000,0x000000751de00000) (1024K)]
  0x000001ae0547fbc0 WorkerThread "GC Thread#4"                     [id=2416, stack(0x000000751de00000,0x000000751df00000) (1024K)]
  0x000001ae0547ff60 WorkerThread "GC Thread#5"                     [id=4172, stack(0x000000751df00000,0x000000751e000000) (1024K)]
  0x000001ae06a95990 WorkerThread "GC Thread#6"                     [id=19516, stack(0x000000751e100000,0x000000751e200000) (1024K)]
  0x000001ae068e8f30 WorkerThread "GC Thread#7"                     [id=20764, stack(0x000000751e200000,0x000000751e300000) (1024K)]
  0x000001ae06973e80 WorkerThread "GC Thread#8"                     [id=17412, stack(0x000000751e300000,0x000000751e400000) (1024K)]
  0x000001ae06aaad40 WorkerThread "GC Thread#9"                     [id=19240, stack(0x000000751ed00000,0x000000751ee00000) (1024K)]
  0x000001ae66ff5e70 ConcurrentGCThread "G1 Main Marker"            [id=20664, stack(0x000000751ca00000,0x000000751cb00000) (1024K)]
  0x000001ae66ff6b50 WorkerThread "G1 Conc#0"                       [id=5916, stack(0x000000751cb00000,0x000000751cc00000) (1024K)]
  0x000001ae06aab820 WorkerThread "G1 Conc#1"                       [id=13548, stack(0x000000751ee00000,0x000000751ef00000) (1024K)]
  0x000001ae06aaa600 WorkerThread "G1 Conc#2"                       [id=20012, stack(0x000000751ef00000,0x000000751f000000) (1024K)]
  0x000001ae00107170 ConcurrentGCThread "G1 Refine#0"               [id=14148, stack(0x000000751cc00000,0x000000751cd00000) (1024K)]
  0x000001ae0010a5c0 ConcurrentGCThread "G1 Service"                [id=20728, stack(0x000000751cd00000,0x000000751ce00000) (1024K)]
Total: 18

Threads with active compile tasks:
Total: 0

VM state: at safepoint (normal execution)

VM Mutex/Monitor currently owned by a thread:  ([mutex/lock_event])
[0x00007ffa808b85b8] Threads_lock - owner thread: 0x000001ae00a4c8a0
[0x00007ffa808b86b8] Heap_lock - owner thread: 0x000001ae66ff5e70

Heap address: 0x0000000080000000, size: 2048 MB, Compressed Oops mode: 32-bit

CDS archive(s) not mapped
Compressed class space mapped at: 0x0000000100000000-0x0000000140000000, reserved size: 1073741824
Narrow klass base: 0x0000000000000000, Narrow klass shift: 3, Narrow klass range: 0x140000000

GC Precious Log:
 CardTable entry size: 512
 Card Set container configuration: InlinePtr #cards 5 size 8 Array Of Cards #cards 12 size 40 Howl #buckets 4 coarsen threshold 1843 Howl Bitmap #cards 512 size 80 coarsen threshold 460 Card regions per heap region 1 cards per card region 2048
 CPUs: 12 total, 12 available
 Memory: 16091M
 Large Page Support: Disabled
 NUMA Support: Disabled
 Compressed Oops: Enabled (32-bit)
 Heap Region Size: 1M
 Heap Min Capacity: 8M
 Heap Initial Capacity: 252M
 Heap Max Capacity: 2G
 Pre-touch: Disabled
 Parallel Workers: 10
 Concurrent Workers: 3
 Concurrent Refinement Workers: 10
 Periodic GC: Disabled

Heap:
 garbage-first heap   total 204800K, used 135326K [0x0000000080000000, 0x0000000100000000)
  region size 1024K, 6 young (6144K), 2 survivors (2048K)
 Metaspace       used 133995K, committed 136512K, reserved 1179648K
  class space    used 18812K, committed 19968K, reserved 1048576K

Heap Regions: E=young(eden), S=young(survivor), O=old, HS=humongous(starts), HC=humongous(continues), CS=collection set, F=free, TAMS=top-at-mark-start, PB=parsable bottom
|   0|0x0000000080000000, 0x0000000080100000, 0x0000000080100000|100%|HS|  |TAMS 0x0000000080100000| PB 0x0000000080000000| Complete 
|   1|0x0000000080100000, 0x0000000080200000, 0x0000000080200000|100%|HC|  |TAMS 0x0000000080200000| PB 0x0000000080100000| Complete 
|   2|0x0000000080200000, 0x0000000080300000, 0x0000000080300000|100%|HC|  |TAMS 0x0000000080300000| PB 0x0000000080200000| Complete 
|   3|0x0000000080300000, 0x0000000080400000, 0x0000000080400000|100%| O|  |TAMS 0x0000000080400000| PB 0x0000000080400000| Untracked 
|   4|0x0000000080400000, 0x0000000080500000, 0x0000000080500000|100%| O|  |TAMS 0x0000000080500000| PB 0x0000000080500000| Untracked 
|   5|0x0000000080500000, 0x0000000080600000, 0x0000000080600000|100%| O|  |TAMS 0x0000000080600000| PB 0x0000000080600000| Untracked 
|   6|0x0000000080600000, 0x0000000080700000, 0x0000000080700000|100%|HS|  |TAMS 0x0000000080700000| PB 0x0000000080600000| Complete 
|   7|0x0000000080700000, 0x0000000080800000, 0x0000000080800000|100%| O|  |TAMS 0x0000000080800000| PB 0x0000000080800000| Untracked 
|   8|0x0000000080800000, 0x0000000080900000, 0x0000000080900000|100%| O|  |TAMS 0x0000000080900000| PB 0x0000000080900000| Untracked 
|   9|0x0000000080900000, 0x0000000080a00000, 0x0000000080a00000|100%| O|  |TAMS 0x0000000080a00000| PB 0x0000000080a00000| Untracked 
|  10|0x0000000080a00000, 0x0000000080b00000, 0x0000000080b00000|100%| O|  |TAMS 0x0000000080b00000| PB 0x0000000080b00000| Untracked 
|  11|0x0000000080b00000, 0x0000000080c00000, 0x0000000080c00000|100%| O|  |TAMS 0x0000000080c00000| PB 0x0000000080c00000| Untracked 
|  12|0x0000000080c00000, 0x0000000080d00000, 0x0000000080d00000|100%| O|  |TAMS 0x0000000080d00000| PB 0x0000000080d00000| Untracked 
|  13|0x0000000080d00000, 0x0000000080e00000, 0x0000000080e00000|100%| O|  |TAMS 0x0000000080e00000| PB 0x0000000080e00000| Untracked 
|  14|0x0000000080e00000, 0x0000000080f00000, 0x0000000080f00000|100%| O|  |TAMS 0x0000000080f00000| PB 0x0000000080f00000| Untracked 
|  15|0x0000000080f00000, 0x0000000081000000, 0x0000000081000000|100%| O|  |TAMS 0x0000000081000000| PB 0x0000000081000000| Untracked 
|  16|0x0000000081000000, 0x0000000081100000, 0x0000000081100000|100%| O|  |TAMS 0x0000000081100000| PB 0x0000000081100000| Untracked 
|  17|0x0000000081100000, 0x0000000081200000, 0x0000000081200000|100%| O|  |TAMS 0x0000000081200000| PB 0x0000000081200000| Untracked 
|  18|0x0000000081200000, 0x0000000081300000, 0x0000000081300000|100%| O|  |TAMS 0x0000000081300000| PB 0x0000000081300000| Untracked 
|  19|0x0000000081300000, 0x0000000081400000, 0x0000000081400000|100%| O|  |TAMS 0x0000000081400000| PB 0x0000000081400000| Untracked 
|  20|0x0000000081400000, 0x0000000081500000, 0x0000000081500000|100%| O|  |TAMS 0x0000000081500000| PB 0x0000000081500000| Updating 
|  21|0x0000000081500000, 0x0000000081600000, 0x0000000081600000|100%| O|  |TAMS 0x0000000081500000| PB 0x0000000081500000| Untracked 
|  22|0x0000000081600000, 0x0000000081700000, 0x0000000081700000|100%| O|  |TAMS 0x0000000081700000| PB 0x0000000081700000| Untracked 
|  23|0x0000000081700000, 0x0000000081800000, 0x0000000081800000|100%| O|  |TAMS 0x0000000081800000| PB 0x0000000081800000| Updating 
|  24|0x0000000081800000, 0x0000000081900000, 0x0000000081900000|100%| O|  |TAMS 0x0000000081900000| PB 0x0000000081900000| Updating 
|  25|0x0000000081900000, 0x0000000081a00000, 0x0000000081a00000|100%| O|  |TAMS 0x0000000081a00000| PB 0x0000000081a00000| Untracked 
|  26|0x0000000081a00000, 0x0000000081b00000, 0x0000000081b00000|100%| O|  |TAMS 0x0000000081b00000| PB 0x0000000081b00000| Untracked 
|  27|0x0000000081b00000, 0x0000000081c00000, 0x0000000081c00000|100%| O|  |TAMS 0x0000000081c00000| PB 0x0000000081c00000| Untracked 
|  28|0x0000000081c00000, 0x0000000081d00000, 0x0000000081d00000|100%|HS|  |TAMS 0x0000000081d00000| PB 0x0000000081c00000| Complete 
|  29|0x0000000081d00000, 0x0000000081e00000, 0x0000000081e00000|100%|HC|  |TAMS 0x0000000081e00000| PB 0x0000000081d00000| Complete 
|  30|0x0000000081e00000, 0x0000000081f00000, 0x0000000081f00000|100%| O|  |TAMS 0x0000000081f00000| PB 0x0000000081f00000| Updating 
|  31|0x0000000081f00000, 0x0000000082000000, 0x0000000082000000|100%| O|  |TAMS 0x0000000082000000| PB 0x0000000082000000| Updating 
|  32|0x0000000082000000, 0x0000000082100000, 0x0000000082100000|100%| O|  |TAMS 0x0000000082100000| PB 0x0000000082100000| Untracked 
|  33|0x0000000082100000, 0x0000000082200000, 0x0000000082200000|100%| O|  |TAMS 0x0000000082200000| PB 0x0000000082200000| Untracked 
|  34|0x0000000082200000, 0x0000000082300000, 0x0000000082300000|100%| O|  |TAMS 0x0000000082300000| PB 0x0000000082300000| Updating 
|  35|0x0000000082300000, 0x0000000082400000, 0x0000000082400000|100%| O|  |TAMS 0x0000000082400000| PB 0x0000000082400000| Updating 
|  36|0x0000000082400000, 0x0000000082500000, 0x0000000082500000|100%| O|  |TAMS 0x0000000082500000| PB 0x0000000082500000| Untracked 
|  37|0x0000000082500000, 0x0000000082600000, 0x0000000082600000|100%| O|  |TAMS 0x0000000082600000| PB 0x0000000082600000| Untracked 
|  38|0x0000000082600000, 0x0000000082700000, 0x0000000082700000|100%| O|  |TAMS 0x0000000082700000| PB 0x0000000082700000| Untracked 
|  39|0x0000000082700000, 0x0000000082800000, 0x0000000082800000|100%| O|  |TAMS 0x0000000082800000| PB 0x0000000082800000| Untracked 
|  40|0x0000000082800000, 0x0000000082900000, 0x0000000082900000|100%| O|  |TAMS 0x0000000082900000| PB 0x0000000082900000| Updating 
|  41|0x0000000082900000, 0x0000000082a00000, 0x0000000082a00000|100%| O|  |TAMS 0x0000000082a00000| PB 0x0000000082a00000| Updating 
|  42|0x0000000082a00000, 0x0000000082b00000, 0x0000000082b00000|100%| O|  |TAMS 0x0000000082b00000| PB 0x0000000082b00000| Untracked 
|  43|0x0000000082b00000, 0x0000000082c00000, 0x0000000082c00000|100%| O|  |TAMS 0x0000000082c00000| PB 0x0000000082c00000| Untracked 
|  44|0x0000000082c00000, 0x0000000082d00000, 0x0000000082d00000|100%| O|  |TAMS 0x0000000082d00000| PB 0x0000000082d00000| Untracked 
|  45|0x0000000082d00000, 0x0000000082e00000, 0x0000000082e00000|100%| O|  |TAMS 0x0000000082e00000| PB 0x0000000082e00000| Untracked 
|  46|0x0000000082e00000, 0x0000000082f00000, 0x0000000082f00000|100%| O|  |TAMS 0x0000000082f00000| PB 0x0000000082f00000| Updating 
|  47|0x0000000082f00000, 0x0000000083000000, 0x0000000083000000|100%| O|  |TAMS 0x0000000083000000| PB 0x0000000083000000| Untracked 
|  48|0x0000000083000000, 0x0000000083100000, 0x0000000083100000|100%| O|  |TAMS 0x0000000083100000| PB 0x0000000083100000| Untracked 
|  49|0x0000000083100000, 0x0000000083200000, 0x0000000083200000|100%| O|  |TAMS 0x0000000083200000| PB 0x0000000083200000| Updating 
|  50|0x0000000083200000, 0x0000000083300000, 0x0000000083300000|100%| O|  |TAMS 0x0000000083300000| PB 0x0000000083300000| Untracked 
|  51|0x0000000083300000, 0x0000000083400000, 0x0000000083400000|100%| O|  |TAMS 0x0000000083400000| PB 0x0000000083400000| Untracked 
|  52|0x0000000083400000, 0x0000000083500000, 0x0000000083500000|100%| O|  |TAMS 0x0000000083500000| PB 0x0000000083500000| Untracked 
|  53|0x0000000083500000, 0x0000000083600000, 0x0000000083600000|100%| O|  |TAMS 0x0000000083600000| PB 0x0000000083600000| Untracked 
|  54|0x0000000083600000, 0x0000000083700000, 0x0000000083700000|100%| O|  |TAMS 0x0000000083700000| PB 0x0000000083700000| Updating 
|  55|0x0000000083700000, 0x0000000083800000, 0x0000000083800000|100%|HS|  |TAMS 0x0000000083800000| PB 0x0000000083700000| Complete 
|  56|0x0000000083800000, 0x0000000083900000, 0x0000000083900000|100%|HS|  |TAMS 0x0000000083900000| PB 0x0000000083800000| Complete 
|  57|0x0000000083900000, 0x0000000083a00000, 0x0000000083a00000|100%|HS|  |TAMS 0x0000000083a00000| PB 0x0000000083900000| Complete 
|  58|0x0000000083a00000, 0x0000000083b00000, 0x0000000083b00000|100%|HS|  |TAMS 0x0000000083b00000| PB 0x0000000083a00000| Complete 
|  59|0x0000000083b00000, 0x0000000083c00000, 0x0000000083c00000|100%| O|  |TAMS 0x0000000083c00000| PB 0x0000000083c00000| Untracked 
|  60|0x0000000083c00000, 0x0000000083d00000, 0x0000000083d00000|100%|HS|  |TAMS 0x0000000083d00000| PB 0x0000000083c00000| Complete 
|  61|0x0000000083d00000, 0x0000000083e00000, 0x0000000083e00000|100%| O|  |TAMS 0x0000000083e00000| PB 0x0000000083e00000| Untracked 
|  62|0x0000000083e00000, 0x0000000083f00000, 0x0000000083f00000|100%|HS|  |TAMS 0x0000000083f00000| PB 0x0000000083e00000| Complete 
|  63|0x0000000083f00000, 0x0000000084000000, 0x0000000084000000|100%| O|  |TAMS 0x0000000084000000| PB 0x0000000084000000| Untracked 
|  64|0x0000000084000000, 0x0000000084100000, 0x0000000084100000|100%| O|  |TAMS 0x0000000084100000| PB 0x0000000084100000| Updating 
|  65|0x0000000084100000, 0x0000000084200000, 0x0000000084200000|100%| O|  |TAMS 0x0000000084200000| PB 0x0000000084200000| Updating 
|  66|0x0000000084200000, 0x0000000084300000, 0x0000000084300000|100%| O|  |TAMS 0x0000000084300000| PB 0x0000000084300000| Untracked 
|  67|0x0000000084300000, 0x0000000084400000, 0x0000000084400000|100%|HS|  |TAMS 0x0000000084400000| PB 0x0000000084300000| Complete 
|  68|0x0000000084400000, 0x0000000084500000, 0x0000000084500000|100%| O|  |TAMS 0x0000000084500000| PB 0x0000000084500000| Untracked 
|  69|0x0000000084500000, 0x0000000084600000, 0x0000000084600000|100%| O|  |TAMS 0x0000000084600000| PB 0x0000000084600000| Untracked 
|  70|0x0000000084600000, 0x0000000084700000, 0x0000000084700000|100%| O|  |TAMS 0x0000000084700000| PB 0x0000000084700000| Updating 
|  71|0x0000000084700000, 0x0000000084800000, 0x0000000084800000|100%| O|  |TAMS 0x0000000084800000| PB 0x0000000084800000| Updating 
|  72|0x0000000084800000, 0x0000000084900000, 0x0000000084900000|100%| O|  |TAMS 0x0000000084900000| PB 0x0000000084900000| Untracked 
|  73|0x0000000084900000, 0x0000000084a00000, 0x0000000084a00000|100%| O|  |TAMS 0x0000000084a00000| PB 0x0000000084a00000| Untracked 
|  74|0x0000000084a00000, 0x0000000084b00000, 0x0000000084b00000|100%| O|  |TAMS 0x0000000084b00000| PB 0x0000000084b00000| Untracked 
|  75|0x0000000084b00000, 0x0000000084c00000, 0x0000000084c00000|100%| O|  |TAMS 0x0000000084c00000| PB 0x0000000084c00000| Untracked 
|  76|0x0000000084c00000, 0x0000000084d00000, 0x0000000084d00000|100%| O|  |TAMS 0x0000000084d00000| PB 0x0000000084d00000| Untracked 
|  77|0x0000000084d00000, 0x0000000084e00000, 0x0000000084e00000|100%| O|  |TAMS 0x0000000084e00000| PB 0x0000000084e00000| Untracked 
|  78|0x0000000084e00000, 0x0000000084f00000, 0x0000000084f00000|100%| O|  |TAMS 0x0000000084f00000| PB 0x0000000084f00000| Untracked 
|  79|0x0000000084f00000, 0x0000000085000000, 0x0000000085000000|100%| O|  |TAMS 0x0000000084f00000| PB 0x0000000084f00000| Untracked 
|  80|0x0000000085000000, 0x0000000085100000, 0x0000000085100000|100%| O|  |TAMS 0x0000000085100000| PB 0x0000000085100000| Updating 
|  81|0x0000000085100000, 0x0000000085200000, 0x0000000085200000|100%| O|  |TAMS 0x0000000085200000| PB 0x0000000085200000| Updating 
|  82|0x0000000085200000, 0x0000000085300000, 0x0000000085300000|100%| O|  |TAMS 0x0000000085300000| PB 0x0000000085300000| Untracked 
|  83|0x0000000085300000, 0x0000000085400000, 0x0000000085400000|100%| O|  |TAMS 0x0000000085400000| PB 0x0000000085400000| Untracked 
|  84|0x0000000085400000, 0x0000000085500000, 0x0000000085500000|100%| O|  |TAMS 0x0000000085500000| PB 0x0000000085500000| Untracked 
|  85|0x0000000085500000, 0x0000000085600000, 0x0000000085600000|100%| O|  |TAMS 0x0000000085600000| PB 0x0000000085600000| Updating 
|  86|0x0000000085600000, 0x0000000085700000, 0x0000000085700000|100%| O|  |TAMS 0x0000000085700000| PB 0x0000000085700000| Untracked 
|  87|0x0000000085700000, 0x0000000085800000, 0x0000000085800000|100%| O|  |TAMS 0x0000000085800000| PB 0x0000000085800000| Untracked 
|  88|0x0000000085800000, 0x0000000085900000, 0x0000000085900000|100%| O|  |TAMS 0x0000000085900000| PB 0x0000000085900000| Untracked 
|  89|0x0000000085900000, 0x0000000085a00000, 0x0000000085a00000|100%| O|  |TAMS 0x0000000085a00000| PB 0x0000000085a00000| Updating 
|  90|0x0000000085a00000, 0x0000000085b00000, 0x0000000085b00000|100%| O|  |TAMS 0x0000000085b00000| PB 0x0000000085b00000| Updating 
|  91|0x0000000085b00000, 0x0000000085c00000, 0x0000000085c00000|100%| O|  |TAMS 0x0000000085c00000| PB 0x0000000085c00000| Untracked 
|  92|0x0000000085c00000, 0x0000000085d00000, 0x0000000085d00000|100%| O|  |TAMS 0x0000000085d00000| PB 0x0000000085d00000| Untracked 
|  93|0x0000000085d00000, 0x0000000085e00000, 0x0000000085e00000|100%| O|  |TAMS 0x0000000085e00000| PB 0x0000000085e00000| Untracked 
|  94|0x0000000085e00000, 0x0000000085f00000, 0x0000000085f00000|100%| O|  |TAMS 0x0000000085f00000| PB 0x0000000085f00000| Untracked 
|  95|0x0000000085f00000, 0x0000000086000000, 0x0000000086000000|100%| O|  |TAMS 0x0000000086000000| PB 0x0000000086000000| Untracked 
|  96|0x0000000086000000, 0x0000000086100000, 0x0000000086100000|100%| O|  |TAMS 0x0000000086100000| PB 0x0000000086100000| Untracked 
|  97|0x0000000086100000, 0x0000000086200000, 0x0000000086200000|100%| O|  |TAMS 0x0000000086200000| PB 0x0000000086200000| Updating 
|  98|0x0000000086200000, 0x0000000086300000, 0x0000000086300000|100%| O|  |TAMS 0x0000000086300000| PB 0x0000000086300000| Updating 
|  99|0x0000000086300000, 0x0000000086400000, 0x0000000086400000|100%| O|  |TAMS 0x0000000086400000| PB 0x0000000086400000| Untracked 
| 100|0x0000000086400000, 0x0000000086500000, 0x0000000086500000|100%| O|  |TAMS 0x0000000086400000| PB 0x0000000086400000| Untracked 
| 101|0x0000000086500000, 0x0000000086600000, 0x0000000086600000|100%| O|  |TAMS 0x0000000086600000| PB 0x0000000086600000| Untracked 
| 102|0x0000000086600000, 0x0000000086700000, 0x0000000086700000|100%| O|  |TAMS 0x0000000086700000| PB 0x0000000086700000| Untracked 
| 103|0x0000000086700000, 0x0000000086800000, 0x0000000086800000|100%| O|  |TAMS 0x0000000086800000| PB 0x0000000086800000| Untracked 
| 104|0x0000000086800000, 0x0000000086900000, 0x0000000086900000|100%| O|  |TAMS 0x0000000086800000| PB 0x0000000086800000| Untracked 
| 105|0x0000000086900000, 0x0000000086a00000, 0x0000000086a00000|100%| O|  |TAMS 0x0000000086a00000| PB 0x0000000086a00000| Untracked 
| 106|0x0000000086a00000, 0x0000000086b00000, 0x0000000086b00000|100%| O|  |TAMS 0x0000000086b00000| PB 0x0000000086b00000| Updating 
| 107|0x0000000086b00000, 0x0000000086c00000, 0x0000000086c00000|100%| O|  |TAMS 0x0000000086c00000| PB 0x0000000086c00000| Updating 
| 108|0x0000000086c00000, 0x0000000086d00000, 0x0000000086d00000|100%| O|  |TAMS 0x0000000086d00000| PB 0x0000000086d00000| Updating 
| 109|0x0000000086d00000, 0x0000000086e00000, 0x0000000086e00000|100%| O|  |TAMS 0x0000000086e00000| PB 0x0000000086e00000| Updating 
| 110|0x0000000086e00000, 0x0000000086f00000, 0x0000000086f00000|100%| O|  |TAMS 0x0000000086f00000| PB 0x0000000086f00000| Updating 
| 111|0x0000000086f00000, 0x0000000087000000, 0x0000000087000000|100%| O|  |TAMS 0x0000000087000000| PB 0x0000000087000000| Updating 
| 112|0x0000000087000000, 0x0000000087100000, 0x0000000087100000|100%| O|  |TAMS 0x0000000087100000| PB 0x0000000087100000| Updating 
| 113|0x0000000087100000, 0x0000000087200000, 0x0000000087200000|100%| O|  |TAMS 0x0000000087200000| PB 0x0000000087200000| Updating 
| 114|0x0000000087200000, 0x0000000087300000, 0x0000000087300000|100%| O|  |TAMS 0x0000000087300000| PB 0x0000000087300000| Untracked 
| 115|0x0000000087300000, 0x0000000087400000, 0x0000000087400000|100%| O|  |TAMS 0x0000000087400000| PB 0x0000000087400000| Untracked 
| 116|0x0000000087400000, 0x0000000087500000, 0x0000000087500000|100%| O|  |TAMS 0x0000000087500000| PB 0x0000000087500000| Untracked 
| 117|0x0000000087500000, 0x0000000087600000, 0x0000000087600000|100%|HS|  |TAMS 0x0000000087600000| PB 0x0000000087500000| Complete 
| 118|0x0000000087600000, 0x0000000087700000, 0x0000000087700000|100%|HC|  |TAMS 0x0000000087700000| PB 0x0000000087600000| Complete 
| 119|0x0000000087700000, 0x0000000087800000, 0x0000000087800000|100%| O|  |TAMS 0x0000000087800000| PB 0x0000000087800000| Updating 
| 120|0x0000000087800000, 0x0000000087900000, 0x0000000087900000|100%| O|  |TAMS 0x0000000087900000| PB 0x0000000087900000| Updating 
| 121|0x0000000087900000, 0x0000000087a00000, 0x0000000087a00000|100%| O|  |TAMS 0x0000000087a00000| PB 0x0000000087a00000| Updating 
| 122|0x0000000087a00000, 0x0000000087b00000, 0x0000000087b00000|100%| O|  |TAMS 0x0000000087b00000| PB 0x0000000087b00000| Updating 
| 123|0x0000000087b00000, 0x0000000087c00000, 0x0000000087c00000|100%| O|  |TAMS 0x0000000087c00000| PB 0x0000000087c00000| Updating 
| 124|0x0000000087c00000, 0x0000000087d00000, 0x0000000087d00000|100%| O|  |TAMS 0x0000000087ca3ec8| PB 0x0000000087ca3ec8| Updating 
| 125|0x0000000087d00000, 0x0000000087d74820, 0x0000000087e00000| 45%| O|  |TAMS 0x0000000087d00000| PB 0x0000000087d00000| Updating 
| 126|0x0000000087e00000, 0x0000000087e00000, 0x0000000087f00000|  0%| F|  |TAMS 0x0000000087e00000| PB 0x0000000087e00000| Untracked 
| 127|0x0000000087f00000, 0x0000000087f00000, 0x0000000088000000|  0%| F|  |TAMS 0x0000000087f00000| PB 0x0000000087f00000| Untracked 
| 128|0x0000000088000000, 0x0000000088000000, 0x0000000088100000|  0%| F|  |TAMS 0x0000000088000000| PB 0x0000000088000000| Untracked 
| 129|0x0000000088100000, 0x0000000088100000, 0x0000000088200000|  0%| F|  |TAMS 0x0000000088100000| PB 0x0000000088100000| Untracked 
| 130|0x0000000088200000, 0x0000000088200000, 0x0000000088300000|  0%| F|  |TAMS 0x0000000088200000| PB 0x0000000088200000| Untracked 
| 131|0x0000000088300000, 0x0000000088300000, 0x0000000088400000|  0%| F|  |TAMS 0x0000000088300000| PB 0x0000000088300000| Untracked 
| 132|0x0000000088400000, 0x0000000088400000, 0x0000000088500000|  0%| F|  |TAMS 0x0000000088400000| PB 0x0000000088400000| Untracked 
| 133|0x0000000088500000, 0x0000000088500000, 0x0000000088600000|  0%| F|  |TAMS 0x0000000088500000| PB 0x0000000088500000| Untracked 
| 134|0x0000000088600000, 0x0000000088600000, 0x0000000088700000|  0%| F|  |TAMS 0x0000000088600000| PB 0x0000000088600000| Untracked 
| 135|0x0000000088700000, 0x0000000088700000, 0x0000000088800000|  0%| F|  |TAMS 0x0000000088700000| PB 0x0000000088700000| Untracked 
| 136|0x0000000088800000, 0x0000000088800000, 0x0000000088900000|  0%| F|  |TAMS 0x0000000088800000| PB 0x0000000088800000| Untracked 
| 137|0x0000000088900000, 0x0000000088900000, 0x0000000088a00000|  0%| F|  |TAMS 0x0000000088900000| PB 0x0000000088900000| Untracked 
| 138|0x0000000088a00000, 0x0000000088a00000, 0x0000000088b00000|  0%| F|  |TAMS 0x0000000088a00000| PB 0x0000000088a00000| Untracked 
| 139|0x0000000088b00000, 0x0000000088b00000, 0x0000000088c00000|  0%| F|  |TAMS 0x0000000088b00000| PB 0x0000000088b00000| Untracked 
| 140|0x0000000088c00000, 0x0000000088c00000, 0x0000000088d00000|  0%| F|  |TAMS 0x0000000088c00000| PB 0x0000000088c00000| Untracked 
| 141|0x0000000088d00000, 0x0000000088d00000, 0x0000000088e00000|  0%| F|  |TAMS 0x0000000088d00000| PB 0x0000000088d00000| Untracked 
| 142|0x0000000088e00000, 0x0000000088eb33c0, 0x0000000088f00000| 70%| S|CS|TAMS 0x0000000088e00000| PB 0x0000000088e00000| Complete 
| 143|0x0000000088f00000, 0x0000000089000000, 0x0000000089000000|100%| S|CS|TAMS 0x0000000088f00000| PB 0x0000000088f00000| Complete 
| 144|0x0000000089000000, 0x0000000089000000, 0x0000000089100000|  0%| F|  |TAMS 0x0000000089000000| PB 0x0000000089000000| Untracked 
| 145|0x0000000089100000, 0x0000000089100000, 0x0000000089200000|  0%| F|  |TAMS 0x0000000089100000| PB 0x0000000089100000| Untracked 
| 146|0x0000000089200000, 0x0000000089200000, 0x0000000089300000|  0%| F|  |TAMS 0x0000000089200000| PB 0x0000000089200000| Untracked 
| 147|0x0000000089300000, 0x0000000089300000, 0x0000000089400000|  0%| F|  |TAMS 0x0000000089300000| PB 0x0000000089300000| Untracked 
| 148|0x0000000089400000, 0x0000000089400000, 0x0000000089500000|  0%| F|  |TAMS 0x0000000089400000| PB 0x0000000089400000| Untracked 
| 149|0x0000000089500000, 0x0000000089500000, 0x0000000089600000|  0%| F|  |TAMS 0x0000000089500000| PB 0x0000000089500000| Untracked 
| 150|0x0000000089600000, 0x0000000089600000, 0x0000000089700000|  0%| F|  |TAMS 0x0000000089600000| PB 0x0000000089600000| Untracked 
| 151|0x0000000089700000, 0x0000000089700000, 0x0000000089800000|  0%| F|  |TAMS 0x0000000089700000| PB 0x0000000089700000| Untracked 
| 152|0x0000000089800000, 0x0000000089800000, 0x0000000089900000|  0%| F|  |TAMS 0x0000000089800000| PB 0x0000000089800000| Untracked 
| 153|0x0000000089900000, 0x0000000089900000, 0x0000000089a00000|  0%| F|  |TAMS 0x0000000089900000| PB 0x0000000089900000| Untracked 
| 154|0x0000000089a00000, 0x0000000089a00000, 0x0000000089b00000|  0%| F|  |TAMS 0x0000000089a00000| PB 0x0000000089a00000| Untracked 
| 155|0x0000000089b00000, 0x0000000089b00000, 0x0000000089c00000|  0%| F|  |TAMS 0x0000000089b00000| PB 0x0000000089b00000| Untracked 
| 156|0x0000000089c00000, 0x0000000089c00000, 0x0000000089d00000|  0%| F|  |TAMS 0x0000000089c00000| PB 0x0000000089c00000| Untracked 
| 157|0x0000000089d00000, 0x0000000089d00000, 0x0000000089e00000|  0%| F|  |TAMS 0x0000000089d00000| PB 0x0000000089d00000| Untracked 
| 158|0x0000000089e00000, 0x0000000089e00000, 0x0000000089f00000|  0%| F|  |TAMS 0x0000000089e00000| PB 0x0000000089e00000| Untracked 
| 159|0x0000000089f00000, 0x0000000089f00000, 0x000000008a000000|  0%| F|  |TAMS 0x0000000089f00000| PB 0x0000000089f00000| Untracked 
| 160|0x000000008a000000, 0x000000008a000000, 0x000000008a100000|  0%| F|  |TAMS 0x000000008a000000| PB 0x000000008a000000| Untracked 
| 161|0x000000008a100000, 0x000000008a100000, 0x000000008a200000|  0%| F|  |TAMS 0x000000008a100000| PB 0x000000008a100000| Untracked 
| 162|0x000000008a200000, 0x000000008a200000, 0x000000008a300000|  0%| F|  |TAMS 0x000000008a200000| PB 0x000000008a200000| Untracked 
| 163|0x000000008a300000, 0x000000008a300000, 0x000000008a400000|  0%| F|  |TAMS 0x000000008a300000| PB 0x000000008a300000| Untracked 
| 164|0x000000008a400000, 0x000000008a400000, 0x000000008a500000|  0%| F|  |TAMS 0x000000008a400000| PB 0x000000008a400000| Untracked 
| 165|0x000000008a500000, 0x000000008a500000, 0x000000008a600000|  0%| F|  |TAMS 0x000000008a500000| PB 0x000000008a500000| Untracked 
| 166|0x000000008a600000, 0x000000008a600000, 0x000000008a700000|  0%| F|  |TAMS 0x000000008a600000| PB 0x000000008a600000| Untracked 
| 167|0x000000008a700000, 0x000000008a700000, 0x000000008a800000|  0%| F|  |TAMS 0x000000008a700000| PB 0x000000008a700000| Untracked 
| 168|0x000000008a800000, 0x000000008a800000, 0x000000008a900000|  0%| F|  |TAMS 0x000000008a800000| PB 0x000000008a800000| Untracked 
| 169|0x000000008a900000, 0x000000008a900000, 0x000000008aa00000|  0%| F|  |TAMS 0x000000008a900000| PB 0x000000008a900000| Untracked 
| 170|0x000000008aa00000, 0x000000008aa00000, 0x000000008ab00000|  0%| F|  |TAMS 0x000000008aa00000| PB 0x000000008aa00000| Untracked 
| 171|0x000000008ab00000, 0x000000008ab00000, 0x000000008ac00000|  0%| F|  |TAMS 0x000000008ab00000| PB 0x000000008ab00000| Untracked 
| 172|0x000000008ac00000, 0x000000008ac00000, 0x000000008ad00000|  0%| F|  |TAMS 0x000000008ac00000| PB 0x000000008ac00000| Untracked 
| 173|0x000000008ad00000, 0x000000008ad00000, 0x000000008ae00000|  0%| F|  |TAMS 0x000000008ad00000| PB 0x000000008ad00000| Untracked 
| 174|0x000000008ae00000, 0x000000008ae00000, 0x000000008af00000|  0%| F|  |TAMS 0x000000008ae00000| PB 0x000000008ae00000| Untracked 
| 175|0x000000008af00000, 0x000000008af00000, 0x000000008b000000|  0%| F|  |TAMS 0x000000008af00000| PB 0x000000008af00000| Untracked 
| 176|0x000000008b000000, 0x000000008b000000, 0x000000008b100000|  0%| F|  |TAMS 0x000000008b000000| PB 0x000000008b000000| Untracked 
| 177|0x000000008b100000, 0x000000008b100000, 0x000000008b200000|  0%| F|  |TAMS 0x000000008b100000| PB 0x000000008b100000| Untracked 
| 178|0x000000008b200000, 0x000000008b200000, 0x000000008b300000|  0%| F|  |TAMS 0x000000008b200000| PB 0x000000008b200000| Untracked 
| 179|0x000000008b300000, 0x000000008b300000, 0x000000008b400000|  0%| F|  |TAMS 0x000000008b300000| PB 0x000000008b300000| Untracked 
| 180|0x000000008b400000, 0x000000008b400000, 0x000000008b500000|  0%| F|  |TAMS 0x000000008b400000| PB 0x000000008b400000| Untracked 
| 181|0x000000008b500000, 0x000000008b500000, 0x000000008b600000|  0%| F|  |TAMS 0x000000008b500000| PB 0x000000008b500000| Untracked 
| 182|0x000000008b600000, 0x000000008b600000, 0x000000008b700000|  0%| F|  |TAMS 0x000000008b600000| PB 0x000000008b600000| Untracked 
| 224|0x000000008e000000, 0x000000008e000000, 0x000000008e100000|  0%| F|  |TAMS 0x000000008e000000| PB 0x000000008e000000| Untracked 
| 225|0x000000008e100000, 0x000000008e100000, 0x000000008e200000|  0%| F|  |TAMS 0x000000008e100000| PB 0x000000008e100000| Untracked 
| 226|0x000000008e200000, 0x000000008e200000, 0x000000008e300000|  0%| F|  |TAMS 0x000000008e200000| PB 0x000000008e200000| Untracked 
| 227|0x000000008e300000, 0x000000008e300000, 0x000000008e400000|  0%| F|  |TAMS 0x000000008e300000| PB 0x000000008e300000| Untracked 
| 228|0x000000008e400000, 0x000000008e400000, 0x000000008e500000|  0%| F|  |TAMS 0x000000008e400000| PB 0x000000008e400000| Untracked 
| 229|0x000000008e500000, 0x000000008e500000, 0x000000008e600000|  0%| F|  |TAMS 0x000000008e500000| PB 0x000000008e500000| Untracked 
| 230|0x000000008e600000, 0x000000008e600000, 0x000000008e700000|  0%| F|  |TAMS 0x000000008e600000| PB 0x000000008e600000| Untracked 
| 231|0x000000008e700000, 0x000000008e700000, 0x000000008e800000|  0%| F|  |TAMS 0x000000008e700000| PB 0x000000008e700000| Untracked 
| 251|0x000000008fb00000, 0x000000008fb00000, 0x000000008fc00000|  0%| F|  |TAMS 0x000000008fb00000| PB 0x000000008fb00000| Untracked 
|2040|0x00000000ff800000, 0x00000000ff900000, 0x00000000ff900000|100%| O|  |TAMS 0x00000000ff900000| PB 0x00000000ff900000| Updating 
|2041|0x00000000ff900000, 0x00000000ffa00000, 0x00000000ffa00000|100%| O|  |TAMS 0x00000000ffa00000| PB 0x00000000ffa00000| Updating 
|2042|0x00000000ffa00000, 0x00000000ffa00000, 0x00000000ffb00000|  0%| F|  |TAMS 0x00000000ffa00000| PB 0x00000000ffa00000| Untracked 
|2043|0x00000000ffb00000, 0x00000000ffb00000, 0x00000000ffc00000|  0%| F|  |TAMS 0x00000000ffb00000| PB 0x00000000ffb00000| Untracked 
|2044|0x00000000ffc00000, 0x00000000ffc79ee8, 0x00000000ffd00000| 47%| E|  |TAMS 0x00000000ffc00000| PB 0x00000000ffc00000| Complete 
|2045|0x00000000ffd00000, 0x00000000ffe00000, 0x00000000ffe00000|100%| E|CS|TAMS 0x00000000ffd00000| PB 0x00000000ffd00000| Complete 
|2046|0x00000000ffe00000, 0x00000000fff00000, 0x00000000fff00000|100%| E|CS|TAMS 0x00000000ffe00000| PB 0x00000000ffe00000| Complete 
|2047|0x00000000fff00000, 0x0000000100000000, 0x0000000100000000|100%| E|CS|TAMS 0x00000000fff00000| PB 0x00000000fff00000| Complete 

Card table byte_map: [0x000001ae7b780000,0x000001ae7bb80000] _byte_map_base: 0x000001ae7b380000

Marking Bits: (CMBitMap*) 0x000001ae66fe5590
 Bits: [0x000001ae7bb80000, 0x000001ae7db80000)

Polling page: 0x000001ae66d20000

Metaspace:

Usage:
  Non-class:    112.48 MB used.
      Class:     18.37 MB used.
       Both:    130.86 MB used.

Virtual space:
  Non-class space:      128.00 MB reserved,     113.81 MB ( 89%) committed,  2 nodes.
      Class space:        1.00 GB reserved,      19.50 MB (  2%) committed,  1 nodes.
             Both:        1.12 GB reserved,     133.31 MB ( 12%) committed. 

Chunk freelists:
   Non-Class:  13.62 MB
       Class:  12.52 MB
        Both:  26.14 MB

MaxMetaspaceSize: unlimited
CompressedClassSpaceSize: 1.00 GB
Initial GC threshold: 21.00 MB
Current GC threshold: 203.06 MB
CDS: off
 - commit_granule_bytes: 65536.
 - commit_granule_words: 8192.
 - virtual_space_node_default_size: 8388608.
 - enlarge_chunks_in_place: 1.
 - use_allocation_guard: 0.


Internal statistics:

num_allocs_failed_limit: 9.
num_arena_births: 4452.
num_arena_deaths: 2.
num_vsnodes_births: 3.
num_vsnodes_deaths: 0.
num_space_committed: 2134.
num_space_uncommitted: 1.
num_chunks_returned_to_freelist: 29.
num_chunks_taken_from_freelist: 10073.
num_chunk_merges: 13.
num_chunk_splits: 6639.
num_chunks_enlarged: 4171.
num_inconsistent_stats: 0.

CodeHeap 'non-profiled nmethods': size=120000Kb used=8136Kb max_used=8805Kb free=111863Kb
 bounds [0x000001ae731b0000, 0x000001ae73a50000, 0x000001ae7a6e0000]
CodeHeap 'profiled nmethods': size=120000Kb used=22724Kb max_used=23386Kb free=97275Kb
 bounds [0x000001ae6b6e0000, 0x000001ae6cdc0000, 0x000001ae72c10000]
CodeHeap 'non-nmethods': size=5760Kb used=2978Kb max_used=3002Kb free=2781Kb
 bounds [0x000001ae72c10000, 0x000001ae72f10000, 0x000001ae731b0000]
CodeCache: size=245760Kb, used=33838Kb, max_used=35193Kb, free=211919Kb
 total_blobs=13511, nmethods=12447, adapters=968, full_count=0
Compilation: enabled, stopped_count=0, restarted_count=0

Compilation events (20 events):
Event: 18.044 Thread 0x000001ae00acd540 15147       4       jdk.internal.org.objectweb.asm.MethodWriter::visitLdcInsn (215 bytes)
Event: 18.046 Thread 0x000001ae00acdbf0 15150       3       jdk.internal.org.objectweb.asm.Type::getTypeInternal (218 bytes)
Event: 18.046 Thread 0x000001ae00acd540 nmethod 15147 0x000001ae73a44d10 code [0x000001ae73a44f00, 0x000001ae73a45308]
Event: 18.046 Thread 0x000001ae00acd540 15149       4       java.util.LinkedHashMap::afterNodeInsertion (40 bytes)
Event: 18.046 Thread 0x000001ae00acdbf0 nmethod 15150 0x000001ae6cdb3890 code [0x000001ae6cdb3be0, 0x000001ae6cdb4e00]
Event: 18.047 Thread 0x000001ae00acd540 nmethod 15149 0x000001ae73a45710 code [0x000001ae73a458a0, 0x000001ae73a45970]
Event: 18.047 Thread 0x000001ae00acdbf0 15151       3       com.android.tools.r8.internal.f71::a (61 bytes)
Event: 18.047 Thread 0x000001ae00acd540 15148       4       jdk.internal.org.objectweb.asm.SymbolTable::addConstant (330 bytes)
Event: 18.047 Thread 0x000001ae00acdbf0 nmethod 15151 0x000001ae6cdb5410 code [0x000001ae6cdb5620, 0x000001ae6cdb59d0]
Event: 18.047 Thread 0x000001ae00acdbf0 15152       3       com.android.tools.r8.internal.g71::b (57 bytes)
Event: 18.047 Thread 0x000001ae00acdbf0 nmethod 15152 0x000001ae6cdb5b90 code [0x000001ae6cdb5d80, 0x000001ae6cdb61c8]
Event: 18.051 Thread 0x000001ae00acd540 nmethod 15148 0x000001ae73a45a10 code [0x000001ae73a45c60, 0x000001ae73a46610]
Event: 18.093 Thread 0x000001ae00acdbf0 15153       3       com.android.tools.r8.internal.g0::hasNext (15 bytes)
Event: 18.093 Thread 0x000001ae00acdbf0 nmethod 15153 0x000001ae6cdb6390 code [0x000001ae6cdb6540, 0x000001ae6cdb66b8]
Event: 18.127 Thread 0x000001ae00acdbf0 15154       3       jdk.internal.org.objectweb.asm.Type::getSort (19 bytes)
Event: 18.127 Thread 0x000001ae00acdbf0 nmethod 15154 0x000001ae6cdb6790 code [0x000001ae6cdb6920, 0x000001ae6cdb6a70]
Event: 18.138 Thread 0x000001ae00acd540 15155       4       java.util.zip.ZipUtils::get32 (23 bytes)
Event: 18.139 Thread 0x000001ae00acd540 nmethod 15155 0x000001ae73a46c90 code [0x000001ae73a46e20, 0x000001ae73a46f38]
Event: 18.178 Thread 0x000001ae00acd540 15156   !   4       java.util.concurrent.ConcurrentHashMap::putVal (432 bytes)
Event: 18.192 Thread 0x000001ae00acd540 nmethod 15156 0x000001ae73a47010 code [0x000001ae73a472a0, 0x000001ae73a48c18]

GC Heap History (20 events):
Event: 13.715 GC heap before
{Heap before GC invocations=41 (full 0):
 garbage-first heap   total 152576K, used 135764K [0x0000000080000000, 0x0000000100000000)
  region size 1024K, 46 young (47104K), 7 survivors (7168K)
 Metaspace       used 112324K, committed 114496K, reserved 1179648K
  class space    used 15904K, committed 16960K, reserved 1048576K
}
Event: 13.720 GC heap after
{Heap after GC invocations=42 (full 0):
 garbage-first heap   total 152576K, used 102040K [0x0000000080000000, 0x0000000100000000)
  region size 1024K, 6 young (6144K), 6 survivors (6144K)
 Metaspace       used 112324K, committed 114496K, reserved 1179648K
  class space    used 15904K, committed 16960K, reserved 1048576K
}
Event: 14.163 GC heap before
{Heap before GC invocations=43 (full 0):
 garbage-first heap   total 171008K, used 136856K [0x0000000080000000, 0x0000000100000000)
  region size 1024K, 40 young (40960K), 6 survivors (6144K)
 Metaspace       used 113931K, committed 116032K, reserved 1179648K
  class space    used 16168K, committed 17216K, reserved 1048576K
}
Event: 14.167 GC heap after
{Heap after GC invocations=44 (full 0):
 garbage-first heap   total 171008K, used 107729K [0x0000000080000000, 0x0000000100000000)
  region size 1024K, 5 young (5120K), 5 survivors (5120K)
 Metaspace       used 113931K, committed 116032K, reserved 1179648K
  class space    used 16168K, committed 17216K, reserved 1048576K
}
Event: 14.339 GC heap before
{Heap before GC invocations=44 (full 0):
 garbage-first heap   total 171008K, used 154833K [0x0000000080000000, 0x0000000100000000)
  region size 1024K, 51 young (52224K), 5 survivors (5120K)
 Metaspace       used 113997K, committed 116096K, reserved 1179648K
  class space    used 16175K, committed 17216K, reserved 1048576K
}
Event: 14.343 GC heap after
{Heap after GC invocations=45 (full 0):
 garbage-first heap   total 171008K, used 108761K [0x0000000080000000, 0x0000000100000000)
  region size 1024K, 5 young (5120K), 5 survivors (5120K)
 Metaspace       used 113997K, committed 116096K, reserved 1179648K
  class space    used 16175K, committed 17216K, reserved 1048576K
}
Event: 14.689 GC heap before
{Heap before GC invocations=45 (full 0):
 garbage-first heap   total 171008K, used 153817K [0x0000000080000000, 0x0000000100000000)
  region size 1024K, 50 young (51200K), 5 survivors (5120K)
 Metaspace       used 114323K, committed 116480K, reserved 1179648K
  class space    used 16218K, committed 17280K, reserved 1048576K
}
Event: 14.692 GC heap after
{Heap after GC invocations=46 (full 0):
 garbage-first heap   total 171008K, used 111669K [0x0000000080000000, 0x0000000100000000)
  region size 1024K, 6 young (6144K), 6 survivors (6144K)
 Metaspace       used 114323K, committed 116480K, reserved 1179648K
  class space    used 16218K, committed 17280K, reserved 1048576K
}
Event: 14.905 GC heap before
{Heap before GC invocations=47 (full 0):
 garbage-first heap   total 188416K, used 152629K [0x0000000080000000, 0x0000000100000000)
  region size 1024K, 47 young (48128K), 6 survivors (6144K)
 Metaspace       used 114573K, committed 116736K, reserved 1179648K
  class space    used 16251K, committed 17280K, reserved 1048576K
}
Event: 14.908 GC heap after
{Heap after GC invocations=48 (full 0):
 garbage-first heap   total 188416K, used 113088K [0x0000000080000000, 0x0000000100000000)
  region size 1024K, 5 young (5120K), 5 survivors (5120K)
 Metaspace       used 114573K, committed 116736K, reserved 1179648K
  class space    used 16251K, committed 17280K, reserved 1048576K
}
Event: 15.622 GC heap before
{Heap before GC invocations=48 (full 0):
 garbage-first heap   total 188416K, used 176576K [0x0000000080000000, 0x0000000100000000)
  region size 1024K, 61 young (62464K), 5 survivors (5120K)
 Metaspace       used 119807K, committed 121984K, reserved 1179648K
  class space    used 16918K, committed 17984K, reserved 1048576K
}
Event: 15.628 GC heap after
{Heap after GC invocations=49 (full 0):
 garbage-first heap   total 190464K, used 117742K [0x0000000080000000, 0x0000000100000000)
  region size 1024K, 8 young (8192K), 8 survivors (8192K)
 Metaspace       used 119807K, committed 121984K, reserved 1179648K
  class space    used 16918K, committed 17984K, reserved 1048576K
}
Event: 15.712 GC heap before
{Heap before GC invocations=49 (full 0):
 garbage-first heap   total 190464K, used 127982K [0x0000000080000000, 0x0000000100000000)
  region size 1024K, 20 young (20480K), 8 survivors (8192K)
 Metaspace       used 122273K, committed 124416K, reserved 1179648K
  class space    used 17233K, committed 18304K, reserved 1048576K
}
Event: 15.715 GC heap after
{Heap after GC invocations=50 (full 0):
 garbage-first heap   total 190464K, used 120058K [0x0000000080000000, 0x0000000100000000)
  region size 1024K, 2 young (2048K), 2 survivors (2048K)
 Metaspace       used 122273K, committed 124416K, reserved 1179648K
  class space    used 17233K, committed 18304K, reserved 1048576K
}
Event: 16.693 GC heap before
{Heap before GC invocations=51 (full 0):
 garbage-first heap   total 204800K, used 176378K [0x0000000080000000, 0x0000000100000000)
  region size 1024K, 54 young (55296K), 2 survivors (2048K)
 Metaspace       used 126771K, committed 129024K, reserved 1179648K
  class space    used 17748K, committed 18880K, reserved 1048576K
}
Event: 16.696 GC heap after
{Heap after GC invocations=52 (full 0):
 garbage-first heap   total 204800K, used 128350K [0x0000000080000000, 0x0000000100000000)
  region size 1024K, 7 young (7168K), 7 survivors (7168K)
 Metaspace       used 126771K, committed 129024K, reserved 1179648K
  class space    used 17748K, committed 18880K, reserved 1048576K
}
Event: 17.071 GC heap before
{Heap before GC invocations=52 (full 0):
 garbage-first heap   total 204800K, used 183646K [0x0000000080000000, 0x0000000100000000)
  region size 1024K, 62 young (63488K), 7 survivors (7168K)
 Metaspace       used 127003K, committed 129280K, reserved 1179648K
  class space    used 17786K, committed 18880K, reserved 1048576K
}
Event: 17.075 GC heap after
{Heap after GC invocations=53 (full 0):
 garbage-first heap   total 204800K, used 130500K [0x0000000080000000, 0x0000000100000000)
  region size 1024K, 5 young (5120K), 5 survivors (5120K)
 Metaspace       used 127003K, committed 129280K, reserved 1179648K
  class space    used 17786K, committed 18880K, reserved 1048576K
}
Event: 18.204 GC heap before
{Heap before GC invocations=53 (full 0):
 garbage-first heap   total 204800K, used 184772K [0x0000000080000000, 0x0000000100000000)
  region size 1024K, 59 young (60416K), 5 survivors (5120K)
 Metaspace       used 133839K, committed 136192K, reserved 1179648K
  class space    used 18776K, committed 19904K, reserved 1048576K
}
Event: 18.207 GC heap after
{Heap after GC invocations=54 (full 0):
 garbage-first heap   total 204800K, used 132254K [0x0000000080000000, 0x0000000100000000)
  region size 1024K, 2 young (2048K), 2 survivors (2048K)
 Metaspace       used 133839K, committed 136192K, reserved 1179648K
  class space    used 18776K, committed 19904K, reserved 1048576K
}

Dll operation events (3 events):
Event: 0.009 Loaded shared library C:\Program Files\Android\Android Studio\jbr\bin\java.dll
Event: 0.013 Loaded shared library C:\Program Files\Android\Android Studio\jbr\bin\zip.dll
Event: 0.545 Loaded shared library C:\Program Files\Android\Android Studio\jbr\bin\verify.dll

Deoptimization events (20 events):
Event: 17.385 Thread 0x000001ae0b242a00 Uncommon trap: trap_request=0xffffff45 fr.pc=0x000001ae73597298 relative=0x0000000000001258
Event: 17.385 Thread 0x000001ae0b242a00 Uncommon trap: reason=unstable_if action=reinterpret pc=0x000001ae73597298 method=java.util.concurrent.ConcurrentHashMap.putVal(Ljava/lang/Object;Ljava/lang/Object;Z)Ljava/lang/Object; @ 162 c2
Event: 17.385 Thread 0x000001ae0b242a00 DEOPT PACKING pc=0x000001ae73597298 sp=0x0000007529cf9a30
Event: 17.385 Thread 0x000001ae0b242a00 DEOPT UNPACKING pc=0x000001ae72c646a2 sp=0x0000007529cf99c8 mode 2
Event: 17.385 Thread 0x000001ae0b242a00 Uncommon trap: trap_request=0xffffff45 fr.pc=0x000001ae732d8d20 relative=0x0000000000000280
Event: 17.385 Thread 0x000001ae0b242a00 Uncommon trap: reason=unstable_if action=reinterpret pc=0x000001ae732d8d20 method=com.google.common.collect.MapMakerInternalMap$Segment.getEntry(Ljava/lang/Object;I)Lcom/google/common/collect/MapMakerInternalMap$InternalEntry; @ 63 c2
Event: 17.385 Thread 0x000001ae0b242a00 DEOPT PACKING pc=0x000001ae732d8d20 sp=0x0000007529cf9860
Event: 17.385 Thread 0x000001ae0b242a00 DEOPT UNPACKING pc=0x000001ae72c646a2 sp=0x0000007529cf97f8 mode 2
Event: 17.386 Thread 0x000001ae0b242a00 Uncommon trap: trap_request=0xffffff45 fr.pc=0x000001ae736d6c20 relative=0x0000000000000b60
Event: 17.386 Thread 0x000001ae0b242a00 Uncommon trap: reason=unstable_if action=reinterpret pc=0x000001ae736d6c20 method=com.google.common.collect.MapMakerInternalMap$Segment.put(Ljava/lang/Object;ILjava/lang/Object;Z)Ljava/lang/Object; @ 92 c2
Event: 17.386 Thread 0x000001ae0b242a00 DEOPT PACKING pc=0x000001ae736d6c20 sp=0x0000007529cf9940
Event: 17.386 Thread 0x000001ae0b242a00 DEOPT UNPACKING pc=0x000001ae72c646a2 sp=0x0000007529cf9860 mode 2
Event: 17.469 Thread 0x000001ae0b242a00 Uncommon trap: trap_request=0xffffff45 fr.pc=0x000001ae736da738 relative=0x0000000000000a18
Event: 17.469 Thread 0x000001ae0b242a00 Uncommon trap: reason=unstable_if action=reinterpret pc=0x000001ae736da738 method=com.google.common.collect.MapMakerInternalMap$Segment.put(Ljava/lang/Object;ILjava/lang/Object;Z)Ljava/lang/Object; @ 92 c2
Event: 17.469 Thread 0x000001ae0b242a00 DEOPT PACKING pc=0x000001ae736da738 sp=0x0000007529cf8eb0
Event: 17.469 Thread 0x000001ae0b242a00 DEOPT UNPACKING pc=0x000001ae72c646a2 sp=0x0000007529cf8e70 mode 2
Event: 17.558 Thread 0x000001ae0b242a00 Uncommon trap: trap_request=0xffffff45 fr.pc=0x000001ae73420730 relative=0x00000000000003f0
Event: 17.558 Thread 0x000001ae0b242a00 Uncommon trap: reason=unstable_if action=reinterpret pc=0x000001ae73420730 method=java.util.stream.StreamOpFlag.getMask(I)I @ 1 c2
Event: 17.558 Thread 0x000001ae0b242a00 DEOPT PACKING pc=0x000001ae73420730 sp=0x0000007529cfd450
Event: 17.558 Thread 0x000001ae0b242a00 DEOPT UNPACKING pc=0x000001ae72c646a2 sp=0x0000007529cfd330 mode 2

Classes loaded (20 events):
Event: 17.087 Loading class java/time/Clock
Event: 17.087 Loading class java/time/InstantSource
Event: 17.087 Loading class java/time/InstantSource done
Event: 17.087 Loading class java/time/Clock done
Event: 17.087 Loading class java/time/Clock$SystemClock
Event: 17.087 Loading class java/time/Clock$SystemClock done
Event: 17.104 Loading class java/util/HashMap$UnsafeHolder
Event: 17.104 Loading class java/util/HashMap$UnsafeHolder done
Event: 17.133 Loading class java/util/zip/ZipFile$ZipEntryIterator
Event: 17.133 Loading class java/util/zip/ZipFile$ZipEntryIterator done
Event: 17.135 Loading class java/util/zip/ZipOutputStream
Event: 17.136 Loading class java/util/zip/ZipOutputStream done
Event: 17.241 Loading class java/nio/file/FileTreeIterator
Event: 17.241 Loading class java/nio/file/FileTreeIterator done
Event: 17.295 Loading class java/util/zip/ZipInputStream
Event: 17.295 Loading class java/util/zip/ZipInputStream done
Event: 17.580 Loading class java/util/concurrent/RejectedExecutionException
Event: 17.580 Loading class java/util/concurrent/RejectedExecutionException done
Event: 17.927 Loading class java/util/concurrent/ConcurrentLinkedQueue$Itr
Event: 17.927 Loading class java/util/concurrent/ConcurrentLinkedQueue$Itr done

Classes unloaded (20 events):
Event: 18.252 Thread 0x000001ae00a4c8a0 Unloading class 0x00000001011df478 'jdk/internal/jimage/ImageHeader'
Event: 18.252 Thread 0x000001ae00a4c8a0 Unloading class 0x00000001011df210 'jdk/internal/jimage/BasicImageReader$2'
Event: 18.252 Thread 0x000001ae00a4c8a0 Unloading class 0x00000001011defa8 'jdk/internal/jimage/BasicImageReader$1'
Event: 18.252 Thread 0x000001ae00a4c8a0 Unloading class 0x00000001011ded08 'jdk/internal/jimage/ImageReader$Resource'
Event: 18.252 Thread 0x000001ae00a4c8a0 Unloading class 0x00000001011dea68 'jdk/internal/jimage/ImageReader$LinkNode'
Event: 18.252 Thread 0x000001ae00a4c8a0 Unloading class 0x00000001011de7c8 'jdk/internal/jimage/ImageReader$Directory'
Event: 18.252 Thread 0x000001ae00a4c8a0 Unloading class 0x00000001011de528 'jdk/internal/jimage/ImageReader$Node'
Event: 18.252 Thread 0x000001ae00a4c8a0 Unloading class 0x00000001011de2f8 'jdk/internal/jimage/ImageStrings'
Event: 18.252 Thread 0x000001ae00a4c8a0 Unloading class 0x00000001011de000 'jdk/internal/jimage/ImageReader$SharedImageReader'
Event: 18.252 Thread 0x000001ae00a4c8a0 Unloading class 0x00000001011ddbe0 'jdk/internal/jimage/BasicImageReader'
Event: 18.252 Thread 0x000001ae00a4c8a0 Unloading class 0x00000001011dd988 'jdk/internal/jimage/ImageReader'
Event: 18.252 Thread 0x000001ae00a4c8a0 Unloading class 0x00000001011dd728 'jdk/internal/jrtfs/SystemImage$2'
Event: 18.252 Thread 0x000001ae00a4c8a0 Unloading class 0x00000001011dd4d8 'jdk/internal/jrtfs/SystemImage$$Lambda+0x00000001011dd4d8'
Event: 18.252 Thread 0x000001ae00a4c8a0 Unloading class 0x00000001011dd270 'jdk/internal/jrtfs/ExplodedImage'
Event: 18.252 Thread 0x000001ae00a4c8a0 Unloading class 0x00000001011dd000 'jdk/internal/jrtfs/SystemImage$1'
Event: 18.252 Thread 0x000001ae00a4c8a0 Unloading class 0x00000001011dcca0 'jdk/internal/jrtfs/SystemImage'
Event: 18.252 Thread 0x000001ae00a4c8a0 Unloading class 0x00000001011dca08 'jdk/internal/jrtfs/JrtFileStore'
Event: 18.252 Thread 0x000001ae00a4c8a0 Unloading class 0x00000001011dc658 'jdk/internal/jrtfs/JrtPath'
Event: 18.252 Thread 0x000001ae00a4c8a0 Unloading class 0x00000001011dc328 'jdk/internal/jrtfs/JrtFileSystem'
Event: 18.252 Thread 0x000001ae00a4c8a0 Unloading class 0x00000001011dc000 'jdk/internal/jrtfs/JrtFileSystemProvider'

Classes redefined (0 events):
No events

Internal exceptions (20 events):
Event: 16.436 Thread 0x000001ae0b8029d0 Exception <a 'sun/nio/fs/WindowsException'{0x0000000089f51e38}> (0x0000000089f51e38) 
thrown [s\src\hotspot\share\prims\jni.cpp, line 537]
Event: 16.437 Thread 0x000001ae0b8029d0 Exception <a 'sun/nio/fs/WindowsException'{0x0000000089f6c780}> (0x0000000089f6c780) 
thrown [s\src\hotspot\share\prims\jni.cpp, line 537]
Event: 16.441 Thread 0x000001ae0b8029d0 Exception <a 'sun/nio/fs/WindowsException'{0x0000000089fc42b8}> (0x0000000089fc42b8) 
thrown [s\src\hotspot\share\prims\jni.cpp, line 537]
Event: 16.458 Thread 0x000001ae0b8029d0 Exception <a 'sun/nio/fs/WindowsException'{0x0000000089e95fe0}> (0x0000000089e95fe0) 
thrown [s\src\hotspot\share\prims\jni.cpp, line 537]
Event: 16.507 Thread 0x000001ae0b8029d0 Exception <a 'java/lang/NoSuchMethodError'{0x0000000089b854c0}: 'java.lang.Object java.lang.invoke.Invokers$Holder.invoke_MT(java.lang.Object, java.lang.Object, java.lang.Object, java.lang.Object, java.lang.Object, java.lang.Object, java.lang.Object, java.lang.Object, java.lang.Object, java.lang.Object)'> (0x0000000089b854c0) 
thrown [s\src\hotspot\share\interpreter\linkResolver.cpp, line 784]
Event: 16.535 Thread 0x000001ae0b8029d0 Exception <a 'sun/nio/fs/WindowsException'{0x0000000089a9fcb8}> (0x0000000089a9fcb8) 
thrown [s\src\hotspot\share\prims\jni.cpp, line 537]
Event: 16.675 Thread 0x000001ae0b8029d0 Implicit null exception at 0x000001ae73777ede to 0x000001ae73777f35
Event: 16.675 Thread 0x000001ae0b8029d0 Implicit null exception at 0x000001ae7355588a to 0x000001ae7355592d
Event: 16.675 Thread 0x000001ae0b8029d0 Implicit null exception at 0x000001ae736993e3 to 0x000001ae73699d00
Event: 16.676 Thread 0x000001ae0b8029d0 Implicit null exception at 0x000001ae736b33c7 to 0x000001ae736b36cc
Event: 16.735 Thread 0x000001ae069eb930 Exception <a 'java/lang/NoSuchMethodError'{0x00000000ffde20e0}: static Lorg/gradle/internal/build/event/types/DefaultJavaCompileTaskSuccessResult;.<clinit>()V> (0x00000000ffde20e0) 
thrown [s\src\hotspot\share\prims\jni.cpp, line 1144]
Event: 16.745 Thread 0x000001ae0b801620 Exception <a 'sun/nio/fs/WindowsException'{0x00000000ffc1dfd0}> (0x00000000ffc1dfd0) 
thrown [s\src\hotspot\share\prims\jni.cpp, line 537]
Event: 16.801 Thread 0x000001ae0b801620 Exception <a 'sun/nio/fs/WindowsException'{0x000000008e5ffb88}> (0x000000008e5ffb88) 
thrown [s\src\hotspot\share\prims\jni.cpp, line 537]
Event: 16.802 Thread 0x000001ae0b801620 Exception <a 'sun/nio/fs/WindowsException'{0x000000008e401c28}> (0x000000008e401c28) 
thrown [s\src\hotspot\share\prims\jni.cpp, line 537]
Event: 17.133 Thread 0x000001ae0b802340 Implicit null exception at 0x000001ae73393d6b to 0x000001ae733948d4
Event: 17.212 Thread 0x000001ae0b802340 Exception <a 'java/lang/NoSuchMethodError'{0x00000000ffaa8f50}: static Lcom/android/build/gradle/internal/tasks/DexArchiveBuilderTaskDelegate$ClasspathServiceKey;.<clinit>()V> (0x00000000ffaa8f50) 
thrown [s\src\hotspot\share\prims\jni.cpp, line 1144]
Event: 17.765 Thread 0x000001ae0b242a00 Exception <a 'java/lang/NoSuchMethodError'{0x000000008a66c388}: 'java.lang.Object java.lang.invoke.DirectMethodHandle$Holder.invokeStaticInit(java.lang.Object, java.lang.Object, java.lang.Object, java.lang.Object, java.lang.Object, java.lang.Object, java.lang.Object, java.lang.Object, java.lang.Object, java.lang.Object, java.lang.Object, java.lang.Object, java.lang.Object, java.lang.Object, java.lang.Object, java.lang.Object, java.lang.Object, java.lang.Object, java.lang.Object, java.lang.Object, int, java
Event: 17.766 Thread 0x000001ae0b242a00 Exception <a 'java/lang/IncompatibleClassChangeError'{0x000000008a682ee8}: Found class java.lang.Object, but interface was expected> (0x000000008a682ee8) 
thrown [s\src\hotspot\share\interpreter\linkResolver.cpp, line 851]
Event: 17.767 Thread 0x000001ae0b242a00 Exception <a 'java/lang/IncompatibleClassChangeError'{0x000000008a68cd28}: Found class java.lang.Object, but interface was expected> (0x000000008a68cd28) 
thrown [s\src\hotspot\share\interpreter\linkResolver.cpp, line 851]
Event: 17.808 Thread 0x000001ae0b242a00 Exception <a 'java/lang/IncompatibleClassChangeError'{0x000000008a466898}: Found class java.lang.Object, but interface was expected> (0x000000008a466898) 
thrown [s\src\hotspot\share\interpreter\linkResolver.cpp, line 851]

ZGC Phase Switch (0 events):
No events

VM Operations (20 events):
Event: 16.716 Executing VM operation: HandshakeAllThreads (Deoptimize) done
Event: 16.730 Executing VM operation: HandshakeAllThreads (Deoptimize)
Event: 16.730 Executing VM operation: HandshakeAllThreads (Deoptimize) done
Event: 16.731 Executing VM operation: HandshakeAllThreads (Deoptimize)
Event: 16.732 Executing VM operation: HandshakeAllThreads (Deoptimize) done
Event: 16.965 Executing VM operation: ICBufferFull
Event: 16.965 Executing VM operation: ICBufferFull done
Event: 17.071 Executing VM operation: G1CollectForAllocation (G1 Evacuation Pause)
Event: 17.075 Executing VM operation: G1CollectForAllocation (G1 Evacuation Pause) done
Event: 17.365 Executing VM operation: HandshakeAllThreads (Deoptimize)
Event: 17.366 Executing VM operation: HandshakeAllThreads (Deoptimize) done
Event: 17.456 Executing VM operation: HandshakeAllThreads (Deoptimize)
Event: 17.456 Executing VM operation: HandshakeAllThreads (Deoptimize) done
Event: 17.632 Executing VM operation: HandshakeAllThreads (Deoptimize)
Event: 17.632 Executing VM operation: HandshakeAllThreads (Deoptimize) done
Event: 17.774 Executing VM operation: HandshakeAllThreads (Deoptimize)
Event: 17.774 Executing VM operation: HandshakeAllThreads (Deoptimize) done
Event: 18.204 Executing VM operation: G1CollectForAllocation (G1 Evacuation Pause)
Event: 18.207 Executing VM operation: G1CollectForAllocation (G1 Evacuation Pause) done
Event: 18.252 Executing VM operation: G1PauseRemark

Memory protections (0 events):
No events

Nmethod flushes (20 events):
Event: 18.260 Thread 0x000001ae00a4c8a0 flushing  nmethod 0x000001ae6c943710
Event: 18.260 Thread 0x000001ae00a4c8a0 flushing  nmethod 0x000001ae6ca85290
Event: 18.260 Thread 0x000001ae00a4c8a0 flushing osr nmethod 0x000001ae73507790
Event: 18.260 Thread 0x000001ae00a4c8a0 flushing  nmethod 0x000001ae73779010
Event: 18.260 Thread 0x000001ae00a4c8a0 flushing  nmethod 0x000001ae6b915010
Event: 18.260 Thread 0x000001ae00a4c8a0 flushing  nmethod 0x000001ae6bafd710
Event: 18.260 Thread 0x000001ae00a4c8a0 flushing  nmethod 0x000001ae6bb79290
Event: 18.260 Thread 0x000001ae00a4c8a0 flushing  nmethod 0x000001ae6bb79c10
Event: 18.260 Thread 0x000001ae00a4c8a0 flushing  nmethod 0x000001ae6bbda310
Event: 18.260 Thread 0x000001ae00a4c8a0 flushing  nmethod 0x000001ae6bd42310
Event: 18.260 Thread 0x000001ae00a4c8a0 flushing  nmethod 0x000001ae6be7b690
Event: 18.260 Thread 0x000001ae00a4c8a0 flushing  nmethod 0x000001ae6beed410
Event: 18.260 Thread 0x000001ae00a4c8a0 flushing  nmethod 0x000001ae6c031090
Event: 18.260 Thread 0x000001ae00a4c8a0 flushing  nmethod 0x000001ae6c308210
Event: 18.260 Thread 0x000001ae00a4c8a0 flushing  nmethod 0x000001ae6c35dc90
Event: 18.260 Thread 0x000001ae00a4c8a0 flushing  nmethod 0x000001ae6c6af690
Event: 18.260 Thread 0x000001ae00a4c8a0 flushing  nmethod 0x000001ae6c6c0c90
Event: 18.260 Thread 0x000001ae00a4c8a0 flushing  nmethod 0x000001ae6c780f90
Event: 18.260 Thread 0x000001ae00a4c8a0 flushing  nmethod 0x000001ae6cb95c10
Event: 18.260 Thread 0x000001ae00a4c8a0 flushing  nmethod 0x000001ae6cb98190

Events (20 events):
Event: 15.541 Thread 0x000001ae0a7e8de0 Thread exited: 0x000001ae0a7e8de0
Event: 15.542 Thread 0x000001ae070b3b70 Thread exited: 0x000001ae070b3b70
Event: 15.834 Thread 0x000001ae00acd540 Thread added: 0x000001ae0a7e9b80
Event: 15.834 Thread 0x000001ae00acd540 Thread added: 0x000001ae0a7e94b0
Event: 16.651 Thread 0x000001ae0b8029d0 Thread added: 0x000001ae0a55f520
Event: 17.218 Thread 0x000001ae0b802340 Thread added: 0x000001ae0b23ce20
Event: 17.219 Thread 0x000001ae0b802340 Thread added: 0x000001ae0b240930
Event: 17.220 Thread 0x000001ae0b802340 Thread added: 0x000001ae0b23d4b0
Event: 17.221 Thread 0x000001ae0b802340 Thread added: 0x000001ae0b242a00
Event: 17.221 Thread 0x000001ae0b802340 Thread added: 0x000001ae0b241ce0
Event: 17.222 Thread 0x000001ae0b802340 Thread added: 0x000001ae0b242370
Event: 17.243 Thread 0x000001ae0b802340 Thread added: 0x000001ae0b243720
Event: 17.244 Thread 0x000001ae0b802340 Thread added: 0x000001ae0b244440
Event: 17.245 Thread 0x000001ae0b802340 Thread added: 0x000001ae0b243090
Event: 17.246 Thread 0x000001ae0b802340 Thread added: 0x000001ae0b243db0
Event: 17.248 Thread 0x000001ae0b802340 Thread added: 0x000001ae0b240fc0
Event: 17.249 Thread 0x000001ae0b802340 Thread added: 0x000001ae0b244ad0
Event: 17.249 Thread 0x000001ae0b802340 Thread added: 0x000001ae0b2478c0
Event: 17.412 Thread 0x000001ae0a7e94b0 Thread exited: 0x000001ae0a7e94b0
Event: 17.589 Thread 0x000001ae0a7e9b80 Thread exited: 0x000001ae0a7e9b80


Dynamic libraries:
0x00007ff6bfb10000 - 0x00007ff6bfb1a000 	C:\Program Files\Android\Android Studio\jbr\bin\java.exe
0x00007ffb555e0000 - 0x00007ffb55846000 	C:\WINDOWS\SYSTEM32\ntdll.dll
0x00007ffb54b00000 - 0x00007ffb54bc9000 	C:\WINDOWS\System32\KERNEL32.DLL
0x00007ffb52de0000 - 0x00007ffb531da000 	C:\WINDOWS\System32\KERNELBASE.dll
0x00007ffb52900000 - 0x00007ffb52a4c000 	C:\WINDOWS\System32\ucrtbase.dll
0x00007ffb45450000 - 0x00007ffb4546b000 	C:\Program Files\Android\Android Studio\jbr\bin\VCRUNTIME140.dll
0x00007ffb4c5c0000 - 0x00007ffb4c5d8000 	C:\Program Files\Android\Android Studio\jbr\bin\jli.dll
0x00007ffb53ef0000 - 0x00007ffb540b7000 	C:\WINDOWS\System32\USER32.dll
0x00007ffb52db0000 - 0x00007ffb52dd7000 	C:\WINDOWS\System32\win32u.dll
0x00007ffb535e0000 - 0x00007ffb5360b000 	C:\WINDOWS\System32\GDI32.dll
0x00007ffb52a50000 - 0x00007ffb52b7b000 	C:\WINDOWS\System32\gdi32full.dll
0x00007ffb24080000 - 0x00007ffb24312000 	C:\WINDOWS\WinSxS\amd64_microsoft.windows.common-controls_6595b64144ccf1df_6.0.26100.8521_none_3e08b75ce33403b3\COMCTL32.dll
0x00007ffb531e0000 - 0x00007ffb53283000 	C:\WINDOWS\System32\msvcp_win.dll
0x00007ffb53670000 - 0x00007ffb53719000 	C:\WINDOWS\System32\msvcrt.dll
0x00007ffb541a0000 - 0x00007ffb541d2000 	C:\WINDOWS\System32\IMM32.DLL
0x00007ffb45ab0000 - 0x00007ffb45abc000 	C:\Program Files\Android\Android Studio\jbr\bin\vcruntime140_1.dll
0x00007ffb45730000 - 0x00007ffb457bd000 	C:\Program Files\Android\Android Studio\jbr\bin\msvcp140.dll
0x00007ffa7fd00000 - 0x00007ffa80996000 	C:\Program Files\Android\Android Studio\jbr\bin\server\jvm.dll
0x00007ffb54e20000 - 0x00007ffb54ed6000 	C:\WINDOWS\System32\ADVAPI32.dll
0x00007ffb53b50000 - 0x00007ffb53bfa000 	C:\WINDOWS\System32\sechost.dll
0x00007ffb53cc0000 - 0x00007ffb53dd8000 	C:\WINDOWS\System32\RPCRT4.dll
0x00007ffb53720000 - 0x00007ffb537a0000 	C:\WINDOWS\System32\WS2_32.dll
0x00007ffb51480000 - 0x00007ffb514de000 	C:\WINDOWS\SYSTEM32\POWRPROF.dll
0x00007ffb4cb50000 - 0x00007ffb4cb86000 	C:\WINDOWS\SYSTEM32\WINMM.dll
0x00007ffb3d530000 - 0x00007ffb3d53b000 	C:\WINDOWS\SYSTEM32\VERSION.dll
0x00007ffb51460000 - 0x00007ffb51474000 	C:\WINDOWS\SYSTEM32\UMPDC.dll
0x00007ffb51720000 - 0x00007ffb5173b000 	C:\WINDOWS\SYSTEM32\kernel.appcore.dll
0x00007ffb45340000 - 0x00007ffb4534a000 	C:\Program Files\Android\Android Studio\jbr\bin\jimage.dll
0x00007ffb4ffe0000 - 0x00007ffb50222000 	C:\WINDOWS\SYSTEM32\DBGHELP.DLL
0x00007ffb537c0000 - 0x00007ffb53b43000 	C:\WINDOWS\System32\combase.dll
0x00007ffb540c0000 - 0x00007ffb54199000 	C:\WINDOWS\System32\OLEAUT32.dll
0x00007ffb4a8b0000 - 0x00007ffb4a8eb000 	C:\WINDOWS\SYSTEM32\dbgcore.DLL
0x00007ffb52b80000 - 0x00007ffb52c28000 	C:\WINDOWS\System32\bcryptPrimitives.dll
0x00007ffb4a870000 - 0x00007ffb4a87e000 	C:\Program Files\Android\Android Studio\jbr\bin\instrument.dll
0x00007ffb3cbf0000 - 0x00007ffb3cc10000 	C:\Program Files\Android\Android Studio\jbr\bin\java.dll
0x00007ffb14f00000 - 0x00007ffb14f18000 	C:\Program Files\Android\Android Studio\jbr\bin\zip.dll
0x00007ffb54370000 - 0x00007ffb54af4000 	C:\WINDOWS\System32\SHELL32.dll
0x00007ffb50490000 - 0x00007ffb50d10000 	C:\WINDOWS\SYSTEM32\windows.storage.dll
0x00007ffb534e0000 - 0x00007ffb535d6000 	C:\WINDOWS\System32\SHCORE.dll
0x00007ffb541e0000 - 0x00007ffb54247000 	C:\WINDOWS\System32\shlwapi.dll
0x00007ffb52790000 - 0x00007ffb527b9000 	C:\WINDOWS\SYSTEM32\profapi.dll
0x00007ffb452f0000 - 0x00007ffb45300000 	C:\Program Files\Android\Android Studio\jbr\bin\net.dll
0x00007ffb47650000 - 0x00007ffb47779000 	C:\WINDOWS\SYSTEM32\WINHTTP.dll
0x00007ffb51c90000 - 0x00007ffb51cfc000 	C:\WINDOWS\system32\mswsock.dll
0x00007ffb002c0000 - 0x00007ffb002d6000 	C:\Program Files\Android\Android Studio\jbr\bin\nio.dll
0x00007ffb3f700000 - 0x00007ffb3f710000 	C:\Program Files\Android\Android Studio\jbr\bin\verify.dll
0x00007ffb45a80000 - 0x00007ffb45aa7000 	C:\Users\loq\.gradle\native\1def1411415f61bf3af743bc5b6707747c0891f09f0c88961ee8f79bc544acac\windows-amd64\native-platform.dll
0x00007ffb41fd0000 - 0x00007ffb42048000 	C:\Users\loq\.gradle\native\0.2.7\x86_64-windows-gnu\gradle-fileevents.dll
0x00007ffb44b50000 - 0x00007ffb44b59000 	C:\Program Files\Android\Android Studio\jbr\bin\management.dll
0x00007ffb44b10000 - 0x00007ffb44b1b000 	C:\Program Files\Android\Android Studio\jbr\bin\management_ext.dll
0x00007ffb53ee0000 - 0x00007ffb53ee8000 	C:\WINDOWS\System32\PSAPI.DLL
0x00007ffb51090000 - 0x00007ffb510c3000 	C:\WINDOWS\SYSTEM32\IPHLPAPI.DLL
0x00007ffb537b0000 - 0x00007ffb537ba000 	C:\WINDOWS\System32\NSI.dll
0x00007ffb44c20000 - 0x00007ffb44c29000 	C:\Program Files\Android\Android Studio\jbr\bin\extnet.dll
0x00007ffb51f80000 - 0x00007ffb51f9b000 	C:\WINDOWS\SYSTEM32\CRYPTSP.dll
0x00007ffb51680000 - 0x00007ffb516b9000 	C:\WINDOWS\system32\rsaenh.dll
0x00007ffb51d40000 - 0x00007ffb51d73000 	C:\WINDOWS\SYSTEM32\USERENV.dll
0x00007ffb52760000 - 0x00007ffb5278a000 	C:\WINDOWS\SYSTEM32\bcrypt.dll
0x00007ffb51f70000 - 0x00007ffb51f7c000 	C:\WINDOWS\SYSTEM32\CRYPTBASE.dll
0x00007ffb1d4c0000 - 0x00007ffb1d4c8000 	C:\WINDOWS\system32\wshunix.dll
0x00007ffb51180000 - 0x00007ffb512ca000 	C:\WINDOWS\SYSTEM32\DNSAPI.dll
0x00007ffb51a90000 - 0x00007ffb51a9d000 	C:\WINDOWS\SYSTEM32\DSPARSE.dll
0x00007ffb46900000 - 0x00007ffb4690b000 	C:\Windows\System32\rasadhlp.dll
0x00007ffb3cb50000 - 0x00007ffb3cbd6000 	C:\WINDOWS\System32\fwpuclnt.dll

JVMTI agents:
C:\Users\loq\.gradle\wrapper\dists\gradle-8.13-bin\5xuhj0ry160q40clulazy9h7d\gradle-8.13\lib\agents\gradle-instrumentation-agent-8.13.jar path:C:\Program Files\Android\Android Studio\jbr\bin\instrument.dll, loaded, initialized, instrumentlib options:none

dbghelp: loaded successfully - version: 4.0.5 - missing functions: none
symbol engine: initialized successfully - sym options: 0x614 - pdb path: .;C:\Program Files\Android\Android Studio\jbr\bin;C:\WINDOWS\SYSTEM32;C:\WINDOWS\WinSxS\amd64_microsoft.windows.common-controls_6595b64144ccf1df_6.0.26100.8521_none_3e08b75ce33403b3;C:\Program Files\Android\Android Studio\jbr\bin\server;C:\Users\loq\.gradle\native\1def1411415f61bf3af743bc5b6707747c0891f09f0c88961ee8f79bc544acac\windows-amd64;C:\Users\loq\.gradle\native\0.2.7\x86_64-windows-gnu

VM Arguments:
jvm_args: --add-opens=java.base/java.lang=ALL-UNNAMED --add-opens=java.base/java.lang.invoke=ALL-UNNAMED --add-opens=java.base/java.util=ALL-UNNAMED --add-opens=java.prefs/java.util.prefs=ALL-UNNAMED --add-exports=jdk.compiler/com.sun.tools.javac.api=ALL-UNNAMED --add-exports=jdk.compiler/com.sun.tools.javac.util=ALL-UNNAMED --add-opens=java.base/java.util=ALL-UNNAMED --add-opens=java.prefs/java.util.prefs=ALL-UNNAMED --add-opens=java.base/java.nio.charset=ALL-UNNAMED --add-opens=java.base/java.net=ALL-UNNAMED --add-opens=java.base/java.util.concurrent.atomic=ALL-UNNAMED --add-opens=java.xml/javax.xml.namespace=ALL-UNNAMED -Xmx2048m -Dfile.encoding=UTF-8 -Duser.country=US -Duser.language=en -Duser.variant -javaagent:C:\Users\loq\.gradle\wrapper\dists\gradle-8.13-bin\5xuhj0ry160q40clulazy9h7d\gradle-8.13\lib\agents\gradle-instrumentation-agent-8.13.jar 
java_command: org.gradle.launcher.daemon.bootstrap.GradleDaemon 8.13
java_class_path (initial): C:\Users\loq\.gradle\wrapper\dists\gradle-8.13-bin\5xuhj0ry160q40clulazy9h7d\gradle-8.13\lib\gradle-daemon-main-8.13.jar
Launcher Type: SUN_STANDARD

[Global flags]
     intx CICompilerCount                          = 4                                         {product} {ergonomic}
     uint ConcGCThreads                            = 3                                         {product} {ergonomic}
     uint G1ConcRefinementThreads                  = 10                                        {product} {ergonomic}
   size_t G1HeapRegionSize                         = 1048576                                   {product} {ergonomic}
    uintx GCDrainStackTargetSize                   = 64                                        {product} {ergonomic}
   size_t InitialHeapSize                          = 264241152                                 {product} {ergonomic}
   size_t MarkStackSize                            = 4194304                                   {product} {ergonomic}
   size_t MaxHeapSize                              = 2147483648                                {product} {command line}
   size_t MaxNewSize                               = 1287651328                                {product} {ergonomic}
   size_t MinHeapDeltaBytes                        = 1048576                                   {product} {ergonomic}
   size_t MinHeapSize                              = 8388608                                   {product} {ergonomic}
    uintx NonNMethodCodeHeapSize                   = 5839372                                {pd product} {ergonomic}
    uintx NonProfiledCodeHeapSize                  = 122909434                              {pd product} {ergonomic}
    uintx ProfiledCodeHeapSize                     = 122909434                              {pd product} {ergonomic}
    uintx ReservedCodeCacheSize                    = 251658240                              {pd product} {ergonomic}
     bool SegmentedCodeCache                       = true                                      {product} {ergonomic}
   size_t SoftMaxHeapSize                          = 2147483648                             {manageable} {ergonomic}
     bool UseCompressedOops                        = true                           {product lp64_product} {ergonomic}
     bool UseG1GC                                  = true                                      {product} {ergonomic}
     bool UseLargePagesIndividualAllocation        = false                                  {pd product} {ergonomic}

Logging:
Log output configuration:
 #0: stdout all=warning uptime,level,tags foldmultilines=false
 #1: stderr all=off uptime,level,tags foldmultilines=false

Environment Variables:
PATH=C:\Program Files (x86)\Common Files\Oracle\Java\java8path;C:\Program Files (x86)\Common Files\Oracle\Java\javapath;C:\Windows\system32;C:\Windows;C:\Windows\System32\Wbem;C:\Windows\System32\WindowsPowerShell\v1.0\;C:\Windows\System32\OpenSSH\;C:\Program Files\dotnet\;C:\Program Files (x86)\NVIDIA Corporation\PhysX\Common;C:\WINDOWS\system32;C:\WINDOWS;C:\WINDOWS\System32\Wbem;C:\WINDOWS\System32\WindowsPowerShell\v1.0\;C:\WINDOWS\System32\OpenSSH\;C:\Program Files\NVIDIA Corporation\NVIDIA App\NvDLISR;C:\Users\loq\AppData\Local\Android\Sdk\platform-tools;C:\Program Files\Cloudflare\Cloudflare WARP\;C:\Users\loq\AppData\Local\Android\Sdk\emulator;C:\Program Files\Git\cmd;C:\Program Files\PuTTY\;C:\Users\loq\AppData\Local\Programs\Python\Python314\Scripts\;C:\Users\loq\AppData\Local\Programs\Python\Python314\;C:\Users\loq\AppData\Local\Microsoft\WindowsApps;C:\Users\loq\AppData\Local\Programs\Microsoft VS Code\bin;C:\Users\loq\AppData\Local\Python\bin;C:\Users\loq\AppData\Local\PowerToys\DSCModules\
USERNAME=loq
OS=Windows_NT
PROCESSOR_IDENTIFIER=Intel64 Family 6 Model 151 Stepping 2, GenuineIntel
TMP=C:\Users\loq\AppData\Local\Temp
TEMP=C:\Users\loq\AppData\Local\Temp




Periodic native trim disabled

JNI global refs:
JNI global refs: 28, weak refs: 0

JNI global refs memory usage: 835, weak refs: 201

Process memory usage:
Resident Set Size: 534928K (3% of 16478072K total physical memory with 783172K free physical memory)

OOME stack traces (most recent first):
Classloader memory used:
Loader org.gradle.internal.classloader.VisitableURLClassLoader                         : 46727K
Loader bootstrap                                                                       : 32275K
Loader org.gradle.internal.classloader.VisitableURLClassLoader$InstrumentingVisitableURLClassLoader: 31176K
Loader org.gradle.initialization.MixInLegacyTypesClassLoader                           : 13614K
Loader jdk.internal.loader.ClassLoaders$AppClassLoader                                 : 8431K
Loader jdk.internal.loader.ClassLoaders$PlatformClassLoader                            : 1003K
Loader jdk.internal.reflect.DelegatingClassLoader                                      : 403K
Loader org.gradle.internal.classloader.VisitableURLClassLoader                         : 201K
Loader org.gradle.groovy.scripts.internal.DefaultScriptCompilationHandler$ScriptClassLoader: 136K
Loader org.codehaus.groovy.runtime.callsite.CallSiteClassLoader                        : 27480B

Classes loaded by more than one classloader:
Class Program                                                                         : loaded 5 times (x 72B)
Class Build_gradle                                                                    : loaded 3 times (x 130B)
Class Build_gradle$1                                                                  : loaded 3 times (x 74B)
Class org.gradle.internal.classloader.FilteringClassLoader                            : loaded 2 times (x 105B)
Class com.google.common.base.CharMatcher$IsEither                                     : loaded 2 times (x 111B)
Class org.gradle.internal.classloader.ClassLoaderHierarchy                            : loaded 2 times (x 70B)
Class com.google.common.collect.ImmutableEnumSet                                      : loaded 2 times (x 146B)
Class com.google.common.util.concurrent.ExecutionError                                : loaded 2 times (x 82B)
Class com.google.common.collect.ImmutableList$1                                       : loaded 2 times (x 97B)
Class org.gradle.api.internal.classpath.ManifestUtil                                  : loaded 2 times (x 71B)
Class com.google.common.collect.RegularImmutableMap                                   : loaded 2 times (x 121B)
Class com.google.common.collect.ImmutableMap$MapViewOfValuesAsSingletonSets           : loaded 2 times (x 126B)
Class [Lorg.objectweb.asm.Symbol;                                                     : loaded 2 times (x 69B)
Class org.objectweb.asm.ClassVisitor                                                  : loaded 2 times (x 88B)
Class com.google.common.collect.UnmodifiableListIterator                              : loaded 2 times (x 95B)
Class com.google.common.base.Platform$JdkPatternCompiler                              : loaded 2 times (x 75B)
Class org.objectweb.asm.MethodTooLargeException                                       : loaded 2 times (x 83B)
Class [Lcom.google.common.cache.CacheBuilder$OneWeigher;                              : loaded 2 times (x 69B)
Class com.google.common.base.Suppliers                                                : loaded 2 times (x 71B)
Class org.gradle.internal.classloader.DefaultClassLoaderFactory                       : loaded 2 times (x 82B)
Class org.gradle.internal.classloader.ClassLoaderVisitor                              : loaded 2 times (x 76B)
Class [Lcom.google.common.collect.ImmutableMapEntry;                                  : loaded 2 times (x 69B)
Class org.gradle.api.internal.classpath.EffectiveClassPath                            : loaded 2 times (x 90B)
Class com.google.common.collect.ListMultimap                                          : loaded 2 times (x 70B)
Class com.google.common.collect.ImmutableEnumMap                                      : loaded 2 times (x 126B)
Class com.google.common.collect.Sets$1                                                : loaded 2 times (x 139B)
Class org.objectweb.asm.AnnotationVisitor                                             : loaded 2 times (x 78B)
Class org.gradle.api.internal.DefaultClassPathProvider                                : loaded 2 times (x 76B)
Class com.google.common.collect.Sets$2                                                : loaded 2 times (x 139B)
Class [Lorg.gradle.api.internal.ClassPathProvider;                                    : loaded 2 times (x 69B)
Class org.gradle.api.internal.ClassPathProvider                                       : loaded 2 times (x 70B)
Class [Lorg.objectweb.asm.AnnotationVisitor;                                          : loaded 2 times (x 69B)
Class com.google.common.collect.Sets$3                                                : loaded 2 times (x 139B)
Class com.google.common.util.concurrent.AbstractFuture$SafeAtomicHelper               : loaded 2 times (x 79B)
Class com.google.common.cache.LocalCache$LocalLoadingCache                            : loaded 2 times (x 134B)
Class org.gradle.internal.service.UnknownServiceException                             : loaded 2 times (x 83B)
Class com.google.common.collect.Sets$4                                                : loaded 2 times (x 139B)
Class org.objectweb.asm.ModuleVisitor                                                 : loaded 2 times (x 81B)
Class com.google.common.cache.LocalCache$Strength$1                                   : loaded 2 times (x 81B)
Class com.google.common.util.concurrent.SettableFuture                                : loaded 2 times (x 114B)
Class com.google.common.cache.LocalCache$Strength$2                                   : loaded 2 times (x 81B)
Class com.google.common.cache.LocalCache$Strength$3                                   : loaded 2 times (x 81B)
Class com.google.common.collect.MapDifference                                         : loaded 2 times (x 70B)
Class org.objectweb.asm.FieldWriter                                                   : loaded 2 times (x 78B)
Class com.google.common.cache.CacheBuilder$NullListener                               : loaded 2 times (x 82B)
Class org.gradle.internal.classpath.TransformedClassPath                              : loaded 2 times (x 96B)
Class org.gradle.internal.classloader.InstrumentingClassLoader                        : loaded 2 times (x 70B)
Class com.google.common.cache.CacheLoader$FunctionToCacheLoader                       : loaded 2 times (x 75B)
Class com.google.common.collect.Iterators$ArrayItr                                    : loaded 2 times (x 97B)
Class com.google.common.collect.ImmutableCollection$Builder                           : loaded 2 times (x 76B)
Class com.google.common.base.Joiner                                                   : loaded 2 times (x 79B)
Class com.google.common.base.MoreObjects                                              : loaded 2 times (x 71B)
Class com.google.common.collect.Platform                                              : loaded 2 times (x 71B)
Class [Lorg.objectweb.asm.Type;                                                       : loaded 2 times (x 69B)
Class com.google.common.collect.UnmodifiableIterator                                  : loaded 2 times (x 80B)
Class org.gradle.internal.service.ServiceLocator                                      : loaded 2 times (x 70B)
Class com.google.common.base.Ascii                                                    : loaded 2 times (x 71B)
Class com.google.common.collect.SingletonImmutableBiMap                               : loaded 2 times (x 143B)
Class com.google.common.cache.LocalCache$1                                            : loaded 2 times (x 89B)
Class com.google.common.collect.AbstractMapEntry                                      : loaded 2 times (x 81B)
Class com.google.common.collect.Sets$ImprovedAbstractSet                              : loaded 2 times (x 135B)
Class com.google.common.collect.ImmutableList$Builder                                 : loaded 2 times (x 77B)
Class com.google.common.collect.AbstractMultimap                                      : loaded 2 times (x 123B)
Class com.google.common.cache.LocalCache$2                                            : loaded 2 times (x 142B)
Class com.google.common.util.concurrent.AbstractFuture$UnsafeAtomicHelper$1           : loaded 2 times (x 76B)
Class com.google.common.collect.RegularImmutableAsList                                : loaded 2 times (x 217B)
Class com.google.common.util.concurrent.AbstractFuture$Trusted                        : loaded 2 times (x 70B)
Class com.google.common.collect.Iterators                                             : loaded 2 times (x 71B)
Class com.google.common.collect.Lists$StringAsImmutableList                           : loaded 2 times (x 207B)
Class com.google.common.util.concurrent.UncheckedExecutionException                   : loaded 2 times (x 82B)
Class org.gradle.kotlin.dsl.VersionCatalogAccessorsKt                                 : loaded 2 times (x 71B)
Class org.gradle.internal.InternalTransformer                                         : loaded 2 times (x 70B)
Class com.google.common.collect.AbstractMapBasedMultimap$KeySet$1                     : loaded 2 times (x 82B)
Class org.objectweb.asm.ClassWriter                                                   : loaded 2 times (x 106B)
Class com.google.common.cache.CacheLoader$UnsupportedLoadingOperationException        : loaded 2 times (x 82B)
Class com.google.common.base.CharMatcher$And                                          : loaded 2 times (x 112B)
Class org.gradle.internal.classloader.ClasspathUtil$1                                 : loaded 2 times (x 76B)
Class org.objectweb.asm.FieldVisitor                                                  : loaded 2 times (x 77B)
Class com.google.common.collect.IndexedImmutableSet                                   : loaded 2 times (x 152B)
Class com.google.common.collect.ImmutableMap$1                                        : loaded 2 times (x 81B)
Class com.google.common.collect.BiMap                                                 : loaded 2 times (x 70B)
Class org.gradle.api.internal.classpath.DefaultModuleRegistry$DefaultModule           : loaded 2 times (x 86B)
Class com.google.common.primitives.Ints                                               : loaded 2 times (x 71B)
Class com.google.common.collect.AbstractIterator                                      : loaded 2 times (x 82B)
Class com.google.common.collect.ObjectArrays                                          : loaded 2 times (x 71B)
Class com.google.common.collect.Multiset                                              : loaded 2 times (x 70B)
Class com.google.common.collect.ArrayListMultimapGwtSerializationDependencies         : loaded 2 times (x 172B)
Class com.google.common.collect.RegularImmutableMap$KeySet                            : loaded 2 times (x 152B)
Class com.google.common.math.MathPreconditions                                        : loaded 2 times (x 71B)
Class com.google.common.collect.ImmutableMapEntrySet                                  : loaded 2 times (x 152B)
Class org.gradle.api.internal.classpath.Module                                        : loaded 2 times (x 70B)
Class com.google.common.cache.Weigher                                                 : loaded 2 times (x 70B)
Class org.gradle.api.internal.classpath.UnknownModuleException                        : loaded 2 times (x 82B)
Class com.google.common.base.Stopwatch                                                : loaded 2 times (x 72B)
Class com.google.common.cache.LocalCache$Strength                                     : loaded 2 times (x 81B)
Class com.google.common.cache.Cache                                                   : loaded 2 times (x 70B)
Class com.google.common.util.concurrent.AbstractFuture$Cancellation                   : loaded 2 times (x 72B)
Class com.google.common.collect.ImmutableMap$Builder                                  : loaded 2 times (x 82B)
Class com.google.common.cache.RemovalListener                                         : loaded 2 times (x 70B)
Class org.gradle.api.internal.DefaultClassPathRegistry                                : loaded 2 times (x 76B)
Class com.google.common.primitives.IntsMethodsForWeb                                  : loaded 2 times (x 71B)
Class com.google.common.collect.Multimap                                              : loaded 2 times (x 70B)
Class org.gradle.api.internal.ClassPathRegistry                                       : loaded 2 times (x 70B)
Class org.gradle.internal.classpath.DefaultClassPath$ImmutableUniqueList              : loaded 2 times (x 199B)
Class com.google.common.base.Equivalence$Identity                                     : loaded 2 times (x 82B)
Class com.google.common.cache.CacheBuilder                                            : loaded 2 times (x 72B)
Class com.google.common.collect.SingletonImmutableList                                : loaded 2 times (x 207B)
Class Settings_gradle$1                                                               : loaded 2 times (x 74B)
Class org.gradle.internal.classpath.ClassPath                                         : loaded 2 times (x 70B)
Class org.gradle.api.UncheckedIOException                                             : loaded 2 times (x 82B)
Class com.google.common.base.JdkPattern                                               : loaded 2 times (x 75B)
Class com.google.common.collect.ImmutableList$ReverseImmutableList                    : loaded 2 times (x 209B)
Class org.objectweb.asm.SymbolTable$Entry                                             : loaded 2 times (x 74B)
Class com.google.common.util.concurrent.AbstractFuture$AtomicHelper                   : loaded 2 times (x 78B)
Class org.objectweb.asm.Edge                                                          : loaded 2 times (x 72B)
Class com.google.common.base.Suppliers$SupplierOfInstance                             : loaded 2 times (x 79B)
Class com.google.common.collect.Iterators$1                                           : loaded 2 times (x 81B)
Class com.google.common.cache.LocalCache$ComputingValueReference                      : loaded 2 times (x 96B)
Class com.google.common.collect.SingletonImmutableSet                                 : loaded 2 times (x 146B)
Class com.google.common.collect.ImmutableMap$IteratorBasedImmutableMap                : loaded 2 times (x 126B)
Class com.google.common.cache.LocalCache$Segment                                      : loaded 2 times (x 154B)
Class com.google.common.collect.AbstractListMultimap                                  : loaded 2 times (x 172B)
Class [Lorg.objectweb.asm.SymbolTable$Entry;                                          : loaded 2 times (x 69B)
Class com.google.common.cache.CacheLoader                                             : loaded 2 times (x 74B)
Class com.google.common.collect.Iterators$4                                           : loaded 2 times (x 82B)
Class com.google.common.collect.ImmutableBiMap                                        : loaded 2 times (x 143B)
Class org.gradle.internal.installation.GradleInstallation$1                           : loaded 2 times (x 75B)
Class org.gradle.api.internal.classpath.ModuleRegistry                                : loaded 2 times (x 70B)
Class com.google.common.util.concurrent.internal.InternalFutureFailureAccess          : loaded 2 times (x 72B)
Class com.google.common.collect.Iterators$5                                           : loaded 2 times (x 82B)
Class com.google.common.collect.ImmutableSet$JdkBackedSetBuilderImpl                  : loaded 2 times (x 76B)
Class com.google.common.util.concurrent.AbstractFuture$UnsafeAtomicHelper             : loaded 2 times (x 78B)
Class com.google.common.cache.LocalCache$LocalManualCache$1                           : loaded 2 times (x 75B)
Class com.google.common.base.CharMatcher$ForPredicate                                 : loaded 2 times (x 112B)
Class com.google.common.base.CharMatcher$AnyOf                                        : loaded 2 times (x 112B)
Class com.google.common.collect.ImmutableCollection                                   : loaded 2 times (x 125B)
Class org.gradle.api.internal.classpath.DefaultModuleRegistry                         : loaded 2 times (x 86B)
Class com.google.common.collect.Lists                                                 : loaded 2 times (x 71B)
Class com.google.common.util.concurrent.ListenableFuture                              : loaded 2 times (x 70B)
Class com.google.common.cache.ReferenceEntry                                          : loaded 2 times (x 70B)
Class com.google.common.base.Converter                                                : loaded 2 times (x 90B)
Class com.google.common.collect.ImmutableSet$CachingAsList                            : loaded 2 times (x 148B)
Class com.google.common.collect.AbstractMapBasedMultimap                              : loaded 2 times (x 139B)
Class com.google.common.util.concurrent.AbstractFuture                                : loaded 2 times (x 106B)
Class com.google.common.base.FunctionalEquivalence                                    : loaded 2 times (x 83B)
Class com.google.common.collect.Iterators$9                                           : loaded 2 times (x 81B)
Class com.google.common.collect.ImmutableAsList                                       : loaded 2 times (x 209B)
Class org.objectweb.asm.RecordComponentVisitor                                        : loaded 2 times (x 77B)
Class com.google.common.cache.CacheLoader$SupplierToCacheLoader                       : loaded 2 times (x 75B)
Class com.google.common.collect.Maps$EntryTransformer                                 : loaded 2 times (x 70B)
Class org.gradle.internal.service.ServiceLookupException                              : loaded 2 times (x 82B)
Class com.google.common.collect.Lists$ReverseList                                     : loaded 2 times (x 200B)
Class [Lcom.google.common.cache.LocalCache$EntryFactory;                              : loaded 2 times (x 69B)
Class org.gradle.internal.classloader.ClassLoaderFactory                              : loaded 2 times (x 70B)
Class com.google.common.base.CommonPattern                                            : loaded 2 times (x 74B)
Class com.google.common.cache.LocalCache$LocalManualCache                             : loaded 2 times (x 99B)
Class com.google.common.base.CharMatcher$IsNot                                        : loaded 2 times (x 111B)
Class org.gradle.internal.service.CachingServiceLocator                               : loaded 2 times (x 82B)
Class com.google.common.collect.AbstractMapBasedMultimap$KeySet                       : loaded 2 times (x 137B)
Class com.google.common.math.IntMath                                                  : loaded 2 times (x 71B)
Class com.google.common.collect.ImmutableMapEntry                                     : loaded 2 times (x 85B)
Class com.google.common.base.Equivalence                                              : loaded 2 times (x 82B)
Class com.google.common.base.Function                                                 : loaded 2 times (x 70B)
Class com.google.common.collect.ImmutableMapEntry$NonTerminalImmutableMapEntry        : loaded 2 times (x 85B)
Class com.google.common.cache.CacheBuilder$OneWeigher                                 : loaded 2 times (x 82B)
Class com.google.common.collect.RegularImmutableList                                  : loaded 2 times (x 213B)
Class org.gradle.internal.classloader.ClasspathUtil                                   : loaded 2 times (x 71B)
Class com.google.common.base.Charsets                                                 : loaded 2 times (x 71B)
Class com.google.common.util.concurrent.Uninterruptibles                              : loaded 2 times (x 71B)
Class com.google.common.collect.Maps                                                  : loaded 2 times (x 71B)
Class org.gradle.api.specs.Spec                                                       : loaded 2 times (x 70B)
Class [Lcom.google.common.collect.ImmutableEntry;                                     : loaded 2 times (x 69B)
Class com.google.common.cache.LocalCache$LoadingValueReference                        : loaded 2 times (x 96B)
Class com.google.common.collect.AbstractIndexedListIterator                           : loaded 2 times (x 96B)
Class com.google.common.base.Platform                                                 : loaded 2 times (x 71B)
Class [Lorg.objectweb.asm.AnnotationWriter;                                           : loaded 2 times (x 69B)
Class com.google.common.collect.Maps$8                                                : loaded 2 times (x 82B)
Class ijJvmDebugger1_dd9476fws5ghkmyjhzq8c3lvu                                        : loaded 2 times (x 179B)
Class com.google.common.collect.Lists$ReverseList$1                                   : loaded 2 times (x 99B)
Class com.google.common.collect.Sets$SetView                                          : loaded 2 times (x 138B)
Class com.google.common.cache.LocalCache$StrongValueReference                         : loaded 2 times (x 90B)
Class com.google.common.util.concurrent.AbstractFuture$SynchronizedHelper             : loaded 2 times (x 78B)
Class org.objectweb.asm.Type                                                          : loaded 2 times (x 72B)
Class org.gradle.internal.classloader.VisitableURLClassLoader$InstrumentingVisitableURLClassLoader: loaded 2 times (x 123B)
Class org.objectweb.asm.ByteVector                                                    : loaded 2 times (x 79B)
Class [Lcom.google.common.cache.CacheBuilder$NullListener;                            : loaded 2 times (x 69B)
Class com.google.common.math.IntMath$1                                                : loaded 2 times (x 71B)
Class org.gradle.internal.classloader.VisitableURLClassLoader$Spec                    : loaded 2 times (x 74B)
Class org.gradle.internal.classpath.DefaultClassPath                                  : loaded 2 times (x 90B)
Class org.objectweb.asm.Symbol                                                        : loaded 2 times (x 73B)
Class com.google.common.io.Closer                                                     : loaded 2 times (x 78B)
Class com.google.common.base.CharMatcher$Ascii                                        : loaded 2 times (x 112B)
Class com.google.common.base.CharMatcher$BitSetMatcher                                : loaded 2 times (x 112B)
Class com.google.common.collect.RegularImmutableMap$Values                            : loaded 2 times (x 207B)
Class com.google.common.collect.ImmutableSet                                          : loaded 2 times (x 145B)
Class org.gradle.internal.classloader.ClassLoaderSpec                                 : loaded 2 times (x 71B)
Class org.objectweb.asm.AnnotationWriter                                              : loaded 2 times (x 79B)
Class com.google.common.cache.CacheStats                                              : loaded 2 times (x 71B)
Class ijKotlinCoroutineJvmDebugInit1_dr5rl83ekjus9wg5ng7m2936$_run_closure1$_closure2 : loaded 2 times (x 139B)
Class com.google.common.io.Closer$Suppressor                                          : loaded 2 times (x 70B)
Class org.objectweb.asm.RecordComponentWriter                                         : loaded 2 times (x 78B)
Class com.google.common.util.concurrent.AbstractFuture$Listener                       : loaded 2 times (x 72B)
Class com.google.common.base.CharMatcher$Or                                           : loaded 2 times (x 112B)
Class Settings_gradle$1$1                                                             : loaded 2 times (x 74B)
Class org.objectweb.asm.Attribute                                                     : loaded 2 times (x 77B)
Class com.google.common.base.Supplier                                                 : loaded 2 times (x 70B)
Class org.gradle.internal.classloader.VisitableURLClassLoader                         : loaded 2 times (x 117B)
Class com.google.common.util.concurrent.AbstractFuture$Waiter                         : loaded 2 times (x 72B)
Class Settings_gradle                                                                 : loaded 2 times (x 128B)
Class org.gradle.internal.Cast                                                        : loaded 2 times (x 71B)
Class org.gradle.api.Action                                                           : loaded 2 times (x 70B)
Class com.google.common.base.Strings                                                  : loaded 2 times (x 71B)
Class com.google.common.collect.Sets                                                  : loaded 2 times (x 71B)
Class org.objectweb.asm.Handler                                                       : loaded 2 times (x 72B)
Class com.google.common.base.Ticker                                                   : loaded 2 times (x 72B)
Class com.google.common.base.CharMatcher$FastMatcher                                  : loaded 2 times (x 111B)
Class [Lcom.google.common.cache.LocalCache$Segment;                                   : loaded 2 times (x 69B)
Class [Lcom.google.common.cache.LocalCache$Strength;                                  : loaded 2 times (x 69B)
Class com.google.common.cache.CacheBuilder$1                                          : loaded 2 times (x 85B)
Class com.google.common.base.Predicate                                                : loaded 2 times (x 70B)
Class com.google.common.collect.ImmutableMap                                          : loaded 2 times (x 120B)
Class org.gradle.internal.classpath.DefaultClassPath$ImmutableUniqueList$Builder      : loaded 2 times (x 75B)
Class com.google.common.cache.LocalCache                                              : loaded 2 times (x 187B)
Class com.google.common.cache.CacheBuilder$2                                          : loaded 2 times (x 79B)
Class com.google.common.base.CharMatcher$NegatedFastMatcher                           : loaded 2 times (x 113B)
Class com.google.common.collect.ArrayListMultimap                                     : loaded 2 times (x 172B)
Class com.google.common.cache.CacheBuilder$3                                          : loaded 2 times (x 72B)
Class [Lcom.google.common.collect.AbstractMapEntry;                                   : loaded 2 times (x 69B)
Class com.google.common.collect.ImmutableEntry                                        : loaded 2 times (x 82B)
Class org.gradle.api.GradleException                                                  : loaded 2 times (x 82B)
Class com.google.common.base.Suppliers$MemoizingSupplier                              : loaded 2 times (x 79B)
Class com.google.common.collect.CollectPreconditions                                  : loaded 2 times (x 71B)
Class com.google.common.collect.SortedMapDifference                                   : loaded 2 times (x 70B)
Class com.google.common.cache.LocalCache$EntryFactory                                 : loaded 2 times (x 83B)
Class com.google.common.cache.LocalCache$AbstractReferenceEntry                       : loaded 2 times (x 107B)
Class org.gradle.internal.IoActions                                                   : loaded 2 times (x 71B)
Class org.objectweb.asm.SymbolTable                                                   : loaded 2 times (x 72B)
Class com.google.common.cache.CacheLoader$InvalidCacheLoadException                   : loaded 2 times (x 82B)
Class com.google.common.collect.ImmutableSet$RegularSetBuilderImpl                    : loaded 2 times (x 77B)
Class org.gradle.internal.classloader.SystemClassLoaderSpec                           : loaded 2 times (x 71B)
Class com.google.common.cache.LocalCache$StrongEntry                                  : loaded 2 times (x 108B)
Class com.google.common.util.concurrent.AbstractFuture$TrustedFuture                  : loaded 2 times (x 114B)
Class com.google.common.cache.LoadingCache                                            : loaded 2 times (x 70B)
Class com.google.common.base.Suppliers$NonSerializableMemoizingSupplier               : loaded 2 times (x 79B)
Class org.objectweb.asm.MethodWriter                                                  : loaded 2 times (x 106B)
Class [Lcom.google.common.cache.Weigher;                                              : loaded 2 times (x 69B)
Class com.google.common.collect.RegularImmutableMap$BucketOverflowException           : loaded 2 times (x 82B)
Class ijJvmDebugger1_dd9476fws5ghkmyjhzq8c3lvu$_run_closure1                          : loaded 2 times (x 139B)
Class com.google.common.collect.RegularImmutableBiMap                                 : loaded 2 times (x 149B)
Class com.google.common.cache.LocalCache$ValueReference                               : loaded 2 times (x 70B)
Class com.google.common.base.CharMatcher$Negated                                      : loaded 2 times (x 113B)
Class com.google.common.base.CharMatcher$Is                                           : loaded 2 times (x 111B)
Class com.google.common.hash.PrimitiveSink                                            : loaded 2 times (x 70B)
Class com.google.common.base.PatternCompiler                                          : loaded 2 times (x 70B)
Class com.google.common.util.concurrent.AbstractFuture$Failure                        : loaded 2 times (x 72B)
Class com.google.common.base.Equivalence$Equals                                       : loaded 2 times (x 82B)
Class com.google.common.collect.Hashing                                               : loaded 2 times (x 71B)
Class com.google.common.base.Preconditions                                            : loaded 2 times (x 71B)
Class com.google.common.base.Joiner$1                                                 : loaded 2 times (x 80B)
Class org.objectweb.asm.Label                                                         : loaded 2 times (x 73B)
Class org.objectweb.asm.CurrentFrame                                                  : loaded 2 times (x 73B)
Class org.objectweb.asm.ClassTooLargeException                                        : loaded 2 times (x 83B)
Class com.google.common.base.CharMatcher                                              : loaded 2 times (x 111B)
Class com.google.common.collect.PeekingIterator                                       : loaded 2 times (x 70B)
Class com.google.common.base.Joiner$2                                                 : loaded 2 times (x 79B)
Class org.objectweb.asm.Frame                                                         : loaded 2 times (x 73B)
Class org.objectweb.asm.MethodVisitor                                                 : loaded 2 times (x 105B)
Class com.google.common.cache.LocalCache$EntryFactory$1                               : loaded 2 times (x 83B)
Class [Lcom.google.common.cache.RemovalListener;                                      : loaded 2 times (x 69B)
Class com.google.common.base.CharMatcher$NamedFastMatcher                             : loaded 2 times (x 112B)
Class com.google.common.base.CharMatcher$1                                            : loaded 2 times (x 113B)
Class com.google.common.cache.LocalCache$EntryFactory$2                               : loaded 2 times (x 83B)
Class org.gradle.api.internal.classpath.GlobalCacheRootsProvider                      : loaded 2 times (x 70B)
Class org.objectweb.asm.ModuleWriter                                                  : loaded 2 times (x 82B)
Class com.google.common.cache.LocalCache$EntryFactory$3                               : loaded 2 times (x 83B)
Class com.google.common.base.Ticker$1                                                 : loaded 2 times (x 72B)
Class com.google.common.collect.Maps$BiMapConverter                                   : loaded 2 times (x 90B)
Class com.google.common.collect.ImmutableMapEntrySet$RegularEntrySet                  : loaded 2 times (x 152B)
Class com.google.common.cache.LocalCache$EntryFactory$4                               : loaded 2 times (x 83B)
Class com.google.common.base.CharMatcher$InRange                                      : loaded 2 times (x 111B)
Class com.google.common.collect.ImmutableSet$Builder                                  : loaded 2 times (x 85B)
Class ijKotlinCoroutineJvmDebugInit1_dr5rl83ekjus9wg5ng7m2936$_run_closure1           : loaded 2 times (x 139B)
Class com.google.common.cache.LocalCache$EntryFactory$5                               : loaded 2 times (x 83B)
Class com.google.common.base.PairwiseEquivalence                                      : loaded 2 times (x 83B)
Class com.google.common.cache.LocalCache$EntryFactory$6                               : loaded 2 times (x 83B)
Class org.gradle.internal.installation.CurrentGradleInstallationLocator               : loaded 2 times (x 71B)
Class com.google.common.collect.Maps$KeySet                                           : loaded 2 times (x 137B)
Class com.google.common.cache.LocalCache$EntryFactory$7                               : loaded 2 times (x 83B)
Class com.google.common.collect.ImmutableSet$EmptySetBuilderImpl                      : loaded 2 times (x 76B)
Class com.google.common.collect.ImmutableList                                         : loaded 2 times (x 206B)
Class ijJvmDebugger1_dd9476fws5ghkmyjhzq8c3lvu$_run_closure1$_closure2                : loaded 2 times (x 140B)
Class org.gradle.internal.service.DefaultServiceLocator                               : loaded 2 times (x 83B)
Class com.google.common.cache.LocalCache$EntryFactory$8                               : loaded 2 times (x 83B)
Class com.google.common.collect.ImmutableSet$SetBuilderImpl                           : loaded 2 times (x 76B)
Class org.gradle.internal.installation.CurrentGradleInstallation                      : loaded 2 times (x 73B)
Class com.google.common.cache.CacheLoader$1                                           : loaded 2 times (x 75B)
Class com.google.common.collect.ForwardingObject                                      : loaded 2 times (x 72B)
Class com.google.common.collect.ImmutableList$SubList                                 : loaded 2 times (x 209B)
Class org.gradle.util.internal.GUtil                                                  : loaded 2 times (x 71B)
Class com.google.common.util.concurrent.AbstractFuture$SetFuture                      : loaded 2 times (x 75B)
Class com.google.common.cache.AbstractCache$StatsCounter                              : loaded 2 times (x 70B)
Class com.google.common.collect.Iterators$MergingIterator                             : loaded 2 times (x 81B)
Class com.google.common.collect.RegularImmutableSet                                   : loaded 2 times (x 149B)
Class ijKotlinCoroutineJvmDebugInit1_dr5rl83ekjus9wg5ng7m2936                         : loaded 2 times (x 179B)
Class org.gradle.internal.installation.GradleInstallation                             : loaded 2 times (x 75B)
Class com.google.common.collect.Iterables                                             : loaded 2 times (x 71B)
Class com.google.common.collect.Lists$RandomAccessReverseList                         : loaded 2 times (x 200B)

---------------  S Y S T E M  ---------------

OS:
 Windows 11 , 64 bit Build 26100 (10.0.26100.8521)
OS uptime: 0 days 12:40 hours

CPU: total 12 (initial active 12) (6 cores per cpu, 2 threads per core) family 6 model 151 stepping 2 microcode 0x3e, cx8, cmov, fxsr, ht, mmx, 3dnowpref, sse, sse2, sse3, ssse3, sse4.1, sse4.2, popcnt, lzcnt, tsc, tscinvbit, avx, avx2, aes, erms, clmul, bmi1, bmi2, adx, sha, fma, vzeroupper, clflush, clflushopt, clwb, serialize, rdtscp, rdpid, fsrm, f16c, pku, cet_ibt, cet_ss
Processor Information for the first 12 processors :
  Max Mhz: 2400, Current Mhz: 2400, Mhz Limit: 2400

Memory: 4k page, system-wide physical 16091M (763M free)
TotalPageFile size 25307M (AvailPageFile size 68M)
current process WorkingSet (physical memory assigned to process): 525M, peak: 560M
current process commit charge ("private bytes"): 571M, peak: 615M

vm_info: OpenJDK 64-Bit Server VM (21.0.8+-14196175-b1038.72) for windows-amd64 JRE (21.0.8+-14196175-b1038.72), built on 2025-10-01T10:24:33Z by "builder" with MS VC++ 16.10 / 16.11 (VS2019)

END.
