#
# There is insufficient memory for the Java Runtime Environment to continue.
# Native memory allocation (malloc) failed to allocate 1431376 bytes. Error detail: Chunk::new
# Possible reasons:
#   The system is out of physical RAM or swap space
#   This process is running with CompressedOops enabled, and the Java Heap may be blocking the growth of the native heap
# Possible solutions:
#   Reduce memory load on the system
#   Increase physical memory or swap space
#   Check if swap backing store is full
#   Decrease Java heap size (-Xmx/-Xms)
#   Decrease number of Java threads
#   Decrease Java thread stack sizes (-Xss)
#   Set larger code cache with -XX:ReservedCodeCacheSize=
#   JVM is running with Unscaled Compressed Oops mode in which the Java heap is
#     placed in the first 4GB address space. The Java Heap base address is the
#     maximum limit for the native heap growth. Please use -XX:HeapBaseMinAddress
#     to set the Java Heap base and to place the Java Heap above 4GB virtual address.
# This output file may be truncated or incomplete.
#
#  Out of Memory Error (arena.cpp:168), pid=18532, tid=10780
#
# JRE version: OpenJDK Runtime Environment (21.0.8) (build 21.0.8+-14196175-b1038.72)
# Java VM: OpenJDK 64-Bit Server VM (21.0.8+-14196175-b1038.72, mixed mode, tiered, compressed oops, compressed class ptrs, g1 gc, windows-amd64)
# No core dump will be written. Minidumps are not enabled by default on client versions of Windows
#

---------------  S U M M A R Y ------------

Command Line: --add-opens=java.base/java.lang=ALL-UNNAMED --add-opens=java.base/java.lang.invoke=ALL-UNNAMED --add-opens=java.base/java.util=ALL-UNNAMED --add-opens=java.prefs/java.util.prefs=ALL-UNNAMED --add-exports=jdk.compiler/com.sun.tools.javac.api=ALL-UNNAMED --add-exports=jdk.compiler/com.sun.tools.javac.util=ALL-UNNAMED --add-opens=java.base/java.util=ALL-UNNAMED --add-opens=java.prefs/java.util.prefs=ALL-UNNAMED --add-opens=java.base/java.nio.charset=ALL-UNNAMED --add-opens=java.base/java.net=ALL-UNNAMED --add-opens=java.base/java.util.concurrent.atomic=ALL-UNNAMED --add-opens=java.xml/javax.xml.namespace=ALL-UNNAMED -Xmx2048m -Dfile.encoding=UTF-8 -Duser.country=US -Duser.language=en -Duser.variant -javaagent:C:\Users\loq\.gradle\wrapper\dists\gradle-8.13-bin\5xuhj0ry160q40clulazy9h7d\gradle-8.13\lib\agents\gradle-instrumentation-agent-8.13.jar org.gradle.launcher.daemon.bootstrap.GradleDaemon 8.13

Host: 12th Gen Intel(R) Core(TM) i5-12450HX, 12 cores, 15G,  Windows 11 , 64 bit Build 26100 (10.0.26100.8328)
Time: Sat Jun 20 23:15:31 2026 Egypt Daylight Time elapsed time: 16.198416 seconds (0d 0h 0m 16s)

---------------  T H R E A D  ---------------

Current thread (0x000001f9919c70e0):  JavaThread "C2 CompilerThread0" daemon [_thread_in_native, id=10780, stack(0x000000cee6f00000,0x000000cee7000000) (1024K)]


Current CompileTask:
C2:16200 10771       4       java.net.URLClassLoader$1::run (5 bytes)

Stack: [0x000000cee6f00000,0x000000cee7000000]
Native frames: (J=compiled Java code, j=interpreted, Vv=VM code, C=native code)
V  [jvm.dll+0x6d68d9]
V  [jvm.dll+0x866693]
V  [jvm.dll+0x868c4e]
V  [jvm.dll+0x869333]
V  [jvm.dll+0x280566]
V  [jvm.dll+0xc07cd]
V  [jvm.dll+0xc0d03]
V  [jvm.dll+0x3b95e1]
V  [jvm.dll+0x385507]
V  [jvm.dll+0x38497a]
V  [jvm.dll+0x249252]
V  [jvm.dll+0x248821]
V  [jvm.dll+0x1c73a4]
V  [jvm.dll+0x257f9e]
V  [jvm.dll+0x2564e6]
V  [jvm.dll+0x3f4696]
V  [jvm.dll+0x80eac8]
V  [jvm.dll+0x6d512d]
C  [ucrtbase.dll+0x37b0]
C  [KERNEL32.DLL+0x2e957]
C  [ntdll.dll+0x427c]


---------------  P R O C E S S  ---------------

Threads class SMR info:
_java_thread_list=0x000001f999449be0, length=112, elements={
0x000001f9f9c4c300, 0x000001f99196ef70, 0x000001f991999390, 0x000001f9919a9f00,
0x000001f9919bb7d0, 0x000001f9919bbe40, 0x000001f9919bc8a0, 0x000001f9919bdf30,
0x000001f9919c70e0, 0x000001f9919cb2e0, 0x000001f996073100, 0x000001f997a4e680,
0x000001f997beed90, 0x000001f997a665e0, 0x000001f997b4d9e0, 0x000001f997b39640,
0x000001f997c07250, 0x000001f997c56a10, 0x000001f997c59800, 0x000001f997c58450,
0x000001f997c57730, 0x000001f997c57dc0, 0x000001f997c58ae0, 0x000001f997c59e90,
0x000001f997c59170, 0x000001f99a6e2aa0, 0x000001f99a6e44e0, 0x000001f99a6e1d80,
0x000001f99a6e3e50, 0x000001f99a6e2410, 0x000001f99a6e1060, 0x000001f99a6e4b70,
0x000001f99a6e16f0, 0x000001f99a6e5200, 0x000001f99a6e3130, 0x000001f99a6e5890,
0x000001f99a6e37c0, 0x000001f99a6e8680, 0x000001f99a6e5f20, 0x000001f99a6e72d0,
0x000001f99a6e7960, 0x000001f99a6e7ff0, 0x000001f99a6e65b0, 0x000001f99992faf0,
0x000001f999932250, 0x000001f999931530, 0x000001f999931bc0, 0x000001f99992edd0,
0x000001f9999328e0, 0x000001f99992f460, 0x000001f999932f70, 0x000001f999933600,
0x000001f999930180, 0x000001f999933c90, 0x000001f999930810, 0x000001f999934320,
0x000001f999935040, 0x000001f9999349b0, 0x000001f9999356d0, 0x000001f999935d60,
0x000001f9999363f0, 0x000001f9966302c0, 0x000001f996630fe0, 0x000001f996631670,
0x000001f996630950, 0x000001f996634af0, 0x000001f996633740, 0x000001f996632390,
0x000001f996636530, 0x000001f9966330b0, 0x000001f996633dd0, 0x000001f996636bc0,
0x000001f996637250, 0x000001f996635810, 0x000001f9966378e0, 0x000001f996635180,
0x000001f996635ea0, 0x000001f99817bcc0, 0x000001f99817d700, 0x000001f99817afa0,
0x000001f99817dd90, 0x000001f99817d070, 0x000001f99817c350, 0x000001f99817e420,
0x000001f99817eab0, 0x000001f99817b630, 0x000001f99817f140, 0x000001f99817fe60,
0x000001f99817f7d0, 0x000001f99817c9e0, 0x000001f9981818a0, 0x000001f9981804f0,
0x000001f998180b80, 0x000001f9981825c0, 0x000001f998181f30, 0x000001f998181210,
0x000001f998536850, 0x000001f998536ee0, 0x000001f998534e10, 0x000001f99bc084a0,
0x000001f99bc08b30, 0x000001f99bc05d40, 0x000001f99bc070f0, 0x000001f9985354a0,
0x000001f998539640, 0x000001f9985361c0, 0x000001f99853b080, 0x000001f99853a360,
0x000001f99853a9f0, 0x000001f99853b710, 0x000001f99853c430, 0x000001f9a10821e0
}

Java Threads: ( => current thread )
  0x000001f9f9c4c300 JavaThread "main"                              [_thread_blocked, id=12656, stack(0x000000cee6000000,0x000000cee6100000) (1024K)]
  0x000001f99196ef70 JavaThread "Common-Cleaner"             daemon [_thread_blocked, id=11180, stack(0x000000cee6800000,0x000000cee6900000) (1024K)]
  0x000001f991999390 JavaThread "Reference Handler"          daemon [_thread_blocked, id=4008, stack(0x000000cee6900000,0x000000cee6a00000) (1024K)]
  0x000001f9919a9f00 JavaThread "Finalizer"                  daemon [_thread_blocked, id=2728, stack(0x000000cee6a00000,0x000000cee6b00000) (1024K)]
  0x000001f9919bb7d0 JavaThread "Signal Dispatcher"          daemon [_thread_blocked, id=15756, stack(0x000000cee6b00000,0x000000cee6c00000) (1024K)]
  0x000001f9919bbe40 JavaThread "Attach Listener"            daemon [_thread_blocked, id=15848, stack(0x000000cee6c00000,0x000000cee6d00000) (1024K)]
  0x000001f9919bc8a0 JavaThread "Service Thread"             daemon [_thread_blocked, id=1704, stack(0x000000cee6d00000,0x000000cee6e00000) (1024K)]
  0x000001f9919bdf30 JavaThread "Monitor Deflation Thread"   daemon [_thread_blocked, id=3044, stack(0x000000cee6e00000,0x000000cee6f00000) (1024K)]
=>0x000001f9919c70e0 JavaThread "C2 CompilerThread0"         daemon [_thread_in_native, id=10780, stack(0x000000cee6f00000,0x000000cee7000000) (1024K)]
  0x000001f9919cb2e0 JavaThread "C1 CompilerThread0"         daemon [_thread_blocked, id=16848, stack(0x000000cee7000000,0x000000cee7100000) (1024K)]
  0x000001f996073100 JavaThread "Notification Thread"        daemon [_thread_blocked, id=20648, stack(0x000000cee7100000,0x000000cee7200000) (1024K)]
  0x000001f997a4e680 JavaThread "Daemon health stats"               [_thread_blocked, id=6444, stack(0x000000cee7300000,0x000000cee7400000) (1024K)]
  0x000001f997beed90 JavaThread "Incoming local TCP Connector on port 53799"        [_thread_in_native, id=11208, stack(0x000000cee7c00000,0x000000cee7d00000) (1024K)]
  0x000001f997a665e0 JavaThread "Daemon periodic checks"            [_thread_blocked, id=21280, stack(0x000000cee7d00000,0x000000cee7e00000) (1024K)]
  0x000001f997b4d9e0 JavaThread "Daemon"                            [_thread_blocked, id=20336, stack(0x000000cee7e00000,0x000000cee7f00000) (1024K)]
  0x000001f997b39640 JavaThread "Handler for socket connection from /127.0.0.1:53799 to /127.0.0.1:53800"        [_thread_in_native, id=11584, stack(0x000000cee7f00000,0x000000cee8000000) (1024K)]
  0x000001f997c07250 JavaThread "Cancel handler"                    [_thread_blocked, id=2452, stack(0x000000cee8000000,0x000000cee8100000) (1024K)]
  0x000001f997c56a10 JavaThread "Daemon worker"                     [_thread_blocked, id=13620, stack(0x000000cee8100000,0x000000cee8200000) (1024K)]
  0x000001f997c59800 JavaThread "Asynchronous log dispatcher for DefaultDaemonConnection: socket connection from /127.0.0.1:53799 to /127.0.0.1:53800"        [_thread_blocked, id=7284, stack(0x000000cee8200000,0x000000cee8300000) (1024K)]
  0x000001f997c58450 JavaThread "Stdin handler"                     [_thread_blocked, id=9628, stack(0x000000cee8600000,0x000000cee8700000) (1024K)]
  0x000001f997c57730 JavaThread "Daemon client event forwarder"        [_thread_in_vm, id=16404, stack(0x000000cee8700000,0x000000cee8800000) (1024K)]
  0x000001f997c57dc0 JavaThread "Cache worker for journal cache (C:\Users\loq\.gradle\caches\journal-1)"        [_thread_blocked, id=6896, stack(0x000000cee8800000,0x000000cee8900000) (1024K)]
  0x000001f997c58ae0 JavaThread "File lock request listener"        [_thread_in_native, id=21392, stack(0x000000cee8900000,0x000000cee8a00000) (1024K)]
  0x000001f997c59e90 JavaThread "Cache worker for file hash cache (C:\Users\loq\.gradle\caches\8.13\fileHashes)"        [_thread_blocked, id=21476, stack(0x000000cee8a00000,0x000000cee8b00000) (1024K)]
  0x000001f997c59170 JavaThread "Cache worker for file hash cache (C:\Users\loq\AndroidStudioProjects\EvilCorp\.gradle\8.13\fileHashes)"        [_thread_blocked, id=18112, stack(0x000000cee8c00000,0x000000cee8d00000) (1024K)]
  0x000001f99a6e2aa0 JavaThread "Cache worker for Build Output Cleanup Cache (C:\Users\loq\AndroidStudioProjects\EvilCorp\.gradle\buildOutputCleanup)"        [_thread_blocked, id=20220, stack(0x000000cee8d00000,0x000000cee8e00000) (1024K)]
  0x000001f99a6e44e0 JavaThread "File watcher server"        daemon [_thread_in_native, id=20492, stack(0x000000cee8e00000,0x000000cee8f00000) (1024K)]
  0x000001f99a6e1d80 JavaThread "File watcher consumer"      daemon [_thread_blocked, id=11140, stack(0x000000cee8f00000,0x000000cee9000000) (1024K)]
  0x000001f99a6e3e50 JavaThread "jar transforms"                    [_thread_blocked, id=21168, stack(0x000000cee9000000,0x000000cee9100000) (1024K)]
  0x000001f99a6e2410 JavaThread "jar transforms Thread 2"           [_thread_blocked, id=18232, stack(0x000000cee9100000,0x000000cee9200000) (1024K)]
  0x000001f99a6e1060 JavaThread "jar transforms Thread 3"           [_thread_blocked, id=1100, stack(0x000000cee9200000,0x000000cee9300000) (1024K)]
  0x000001f99a6e4b70 JavaThread "jar transforms Thread 4"           [_thread_blocked, id=14300, stack(0x000000cee9300000,0x000000cee9400000) (1024K)]
  0x000001f99a6e16f0 JavaThread "jar transforms Thread 5"           [_thread_blocked, id=18144, stack(0x000000cee9400000,0x000000cee9500000) (1024K)]
  0x000001f99a6e5200 JavaThread "jar transforms Thread 6"           [_thread_blocked, id=8948, stack(0x000000cee9500000,0x000000cee9600000) (1024K)]
  0x000001f99a6e3130 JavaThread "jar transforms Thread 7"           [_thread_blocked, id=8652, stack(0x000000cee9600000,0x000000cee9700000) (1024K)]
  0x000001f99a6e5890 JavaThread "jar transforms Thread 8"           [_thread_blocked, id=660, stack(0x000000cee9700000,0x000000cee9800000) (1024K)]
  0x000001f99a6e37c0 JavaThread "jar transforms Thread 9"           [_thread_blocked, id=2788, stack(0x000000cee9800000,0x000000cee9900000) (1024K)]
  0x000001f99a6e8680 JavaThread "jar transforms Thread 10"          [_thread_blocked, id=18984, stack(0x000000cee9900000,0x000000cee9a00000) (1024K)]
  0x000001f99a6e5f20 JavaThread "jar transforms Thread 11"          [_thread_blocked, id=3236, stack(0x000000cee9a00000,0x000000cee9b00000) (1024K)]
  0x000001f99a6e72d0 JavaThread "jar transforms Thread 12"          [_thread_blocked, id=11596, stack(0x000000cee9b00000,0x000000cee9c00000) (1024K)]
  0x000001f99a6e7960 JavaThread "Cache worker for checksums cache (C:\Users\loq\AndroidStudioProjects\EvilCorp\.gradle\8.13\checksums)"        [_thread_blocked, id=20132, stack(0x000000cee8b00000,0x000000cee8c00000) (1024K)]
  0x000001f99a6e7ff0 JavaThread "Cache worker for file content cache (C:\Users\loq\.gradle\caches\8.13\fileContent)"        [_thread_blocked, id=20704, stack(0x000000cee9c00000,0x000000cee9d00000) (1024K)]
  0x000001f99a6e65b0 JavaThread "Cache worker for cache directory md-supplier (C:\Users\loq\.gradle\caches\8.13\md-supplier)"        [_thread_blocked, id=11576, stack(0x000000cee9d00000,0x000000cee9e00000) (1024K)]
  0x000001f99992faf0 JavaThread "Cache worker for cache directory md-rule (C:\Users\loq\.gradle\caches\8.13\md-rule)"        [_thread_blocked, id=15348, stack(0x000000cee9e00000,0x000000cee9f00000) (1024K)]
  0x000001f999932250 JavaThread "Unconstrained build operations"        [_thread_blocked, id=19328, stack(0x000000cee9f00000,0x000000ceea000000) (1024K)]
  0x000001f999931530 JavaThread "Unconstrained build operations Thread 2"        [_thread_blocked, id=964, stack(0x000000ceea000000,0x000000ceea100000) (1024K)]
  0x000001f999931bc0 JavaThread "Unconstrained build operations Thread 3"        [_thread_blocked, id=7692, stack(0x000000ceea100000,0x000000ceea200000) (1024K)]
  0x000001f99992edd0 JavaThread "Unconstrained build operations Thread 4"        [_thread_blocked, id=17136, stack(0x000000ceea200000,0x000000ceea300000) (1024K)]
  0x000001f9999328e0 JavaThread "Unconstrained build operations Thread 5"        [_thread_blocked, id=4888, stack(0x000000ceea300000,0x000000ceea400000) (1024K)]
  0x000001f99992f460 JavaThread "Unconstrained build operations Thread 6"        [_thread_blocked, id=11804, stack(0x000000ceea400000,0x000000ceea500000) (1024K)]
  0x000001f999932f70 JavaThread "Unconstrained build operations Thread 7"        [_thread_blocked, id=16836, stack(0x000000ceea500000,0x000000ceea600000) (1024K)]
  0x000001f999933600 JavaThread "Unconstrained build operations Thread 8"        [_thread_blocked, id=11016, stack(0x000000ceea600000,0x000000ceea700000) (1024K)]
  0x000001f999930180 JavaThread "Unconstrained build operations Thread 9"        [_thread_blocked, id=7700, stack(0x000000ceea700000,0x000000ceea800000) (1024K)]
  0x000001f999933c90 JavaThread "Unconstrained build operations Thread 10"        [_thread_blocked, id=13088, stack(0x000000ceea800000,0x000000ceea900000) (1024K)]
  0x000001f999930810 JavaThread "Unconstrained build operations Thread 11"        [_thread_blocked, id=15436, stack(0x000000ceea900000,0x000000ceeaa00000) (1024K)]
  0x000001f999934320 JavaThread "Unconstrained build operations Thread 12"        [_thread_blocked, id=11440, stack(0x000000ceeaa00000,0x000000ceeab00000) (1024K)]
  0x000001f999935040 JavaThread "Unconstrained build operations Thread 13"        [_thread_blocked, id=16544, stack(0x000000ceeab00000,0x000000ceeac00000) (1024K)]
  0x000001f9999349b0 JavaThread "Unconstrained build operations Thread 14"        [_thread_blocked, id=18496, stack(0x000000ceeac00000,0x000000ceead00000) (1024K)]
  0x000001f9999356d0 JavaThread "Unconstrained build operations Thread 15"        [_thread_blocked, id=13944, stack(0x000000ceead00000,0x000000ceeae00000) (1024K)]
  0x000001f999935d60 JavaThread "Unconstrained build operations Thread 16"        [_thread_blocked, id=21172, stack(0x000000ceeae00000,0x000000ceeaf00000) (1024K)]
  0x000001f9999363f0 JavaThread "Unconstrained build operations Thread 17"        [_thread_blocked, id=7800, stack(0x000000ceeaf00000,0x000000ceeb000000) (1024K)]
  0x000001f9966302c0 JavaThread "Unconstrained build operations Thread 18"        [_thread_blocked, id=20456, stack(0x000000ceeb000000,0x000000ceeb100000) (1024K)]
  0x000001f996630fe0 JavaThread "Unconstrained build operations Thread 19"        [_thread_blocked, id=19900, stack(0x000000ceeb100000,0x000000ceeb200000) (1024K)]
  0x000001f996631670 JavaThread "Unconstrained build operations Thread 20"        [_thread_blocked, id=9868, stack(0x000000ceeb200000,0x000000ceeb300000) (1024K)]
  0x000001f996630950 JavaThread "Unconstrained build operations Thread 21"        [_thread_blocked, id=13056, stack(0x000000ceeb300000,0x000000ceeb400000) (1024K)]
  0x000001f996634af0 JavaThread "Unconstrained build operations Thread 22"        [_thread_blocked, id=21212, stack(0x000000ceeb400000,0x000000ceeb500000) (1024K)]
  0x000001f996633740 JavaThread "Unconstrained build operations Thread 23"        [_thread_blocked, id=18360, stack(0x000000ceeb500000,0x000000ceeb600000) (1024K)]
  0x000001f996632390 JavaThread "Unconstrained build operations Thread 24"        [_thread_blocked, id=12984, stack(0x000000ceeb600000,0x000000ceeb700000) (1024K)]
  0x000001f996636530 JavaThread "Unconstrained build operations Thread 25"        [_thread_blocked, id=20852, stack(0x000000ceeb700000,0x000000ceeb800000) (1024K)]
  0x000001f9966330b0 JavaThread "Unconstrained build operations Thread 26"        [_thread_blocked, id=13768, stack(0x000000ceeb800000,0x000000ceeb900000) (1024K)]
  0x000001f996633dd0 JavaThread "Unconstrained build operations Thread 27"        [_thread_blocked, id=14160, stack(0x000000ceeb900000,0x000000ceeba00000) (1024K)]
  0x000001f996636bc0 JavaThread "Unconstrained build operations Thread 28"        [_thread_blocked, id=7628, stack(0x000000ceeba00000,0x000000ceebb00000) (1024K)]
  0x000001f996637250 JavaThread "Unconstrained build operations Thread 29"        [_thread_blocked, id=16948, stack(0x000000ceebb00000,0x000000ceebc00000) (1024K)]
  0x000001f996635810 JavaThread "Unconstrained build operations Thread 30"        [_thread_blocked, id=16852, stack(0x000000ceebc00000,0x000000ceebd00000) (1024K)]
  0x000001f9966378e0 JavaThread "Unconstrained build operations Thread 31"        [_thread_blocked, id=12488, stack(0x000000ceebd00000,0x000000ceebe00000) (1024K)]
  0x000001f996635180 JavaThread "Unconstrained build operations Thread 32"        [_thread_blocked, id=8656, stack(0x000000ceebe00000,0x000000ceebf00000) (1024K)]
  0x000001f996635ea0 JavaThread "Unconstrained build operations Thread 33"        [_thread_blocked, id=7028, stack(0x000000ceebf00000,0x000000ceec000000) (1024K)]
  0x000001f99817bcc0 JavaThread "Unconstrained build operations Thread 34"        [_thread_blocked, id=11948, stack(0x000000ceec000000,0x000000ceec100000) (1024K)]
  0x000001f99817d700 JavaThread "Unconstrained build operations Thread 35"        [_thread_blocked, id=19636, stack(0x000000ceec100000,0x000000ceec200000) (1024K)]
  0x000001f99817afa0 JavaThread "Unconstrained build operations Thread 36"        [_thread_blocked, id=2688, stack(0x000000ceec200000,0x000000ceec300000) (1024K)]
  0x000001f99817dd90 JavaThread "Unconstrained build operations Thread 37"        [_thread_blocked, id=16988, stack(0x000000ceec300000,0x000000ceec400000) (1024K)]
  0x000001f99817d070 JavaThread "Unconstrained build operations Thread 38"        [_thread_blocked, id=19768, stack(0x000000ceec400000,0x000000ceec500000) (1024K)]
  0x000001f99817c350 JavaThread "Unconstrained build operations Thread 39"        [_thread_blocked, id=20552, stack(0x000000ceec500000,0x000000ceec600000) (1024K)]
  0x000001f99817e420 JavaThread "Unconstrained build operations Thread 40"        [_thread_blocked, id=5804, stack(0x000000ceec600000,0x000000ceec700000) (1024K)]
  0x000001f99817eab0 JavaThread "Unconstrained build operations Thread 41"        [_thread_blocked, id=1820, stack(0x000000ceec700000,0x000000ceec800000) (1024K)]
  0x000001f99817b630 JavaThread "Unconstrained build operations Thread 42"        [_thread_blocked, id=20876, stack(0x000000ceec800000,0x000000ceec900000) (1024K)]
  0x000001f99817f140 JavaThread "Unconstrained build operations Thread 43"        [_thread_blocked, id=7128, stack(0x000000ceec900000,0x000000ceeca00000) (1024K)]
  0x000001f99817fe60 JavaThread "Unconstrained build operations Thread 44"        [_thread_blocked, id=1076, stack(0x000000ceeca00000,0x000000ceecb00000) (1024K)]
  0x000001f99817f7d0 JavaThread "Unconstrained build operations Thread 45"        [_thread_blocked, id=8920, stack(0x000000ceecb00000,0x000000ceecc00000) (1024K)]
  0x000001f99817c9e0 JavaThread "Unconstrained build operations Thread 46"        [_thread_blocked, id=21096, stack(0x000000ceecc00000,0x000000ceecd00000) (1024K)]
  0x000001f9981818a0 JavaThread "Unconstrained build operations Thread 47"        [_thread_blocked, id=20776, stack(0x000000ceecd00000,0x000000ceece00000) (1024K)]
  0x000001f9981804f0 JavaThread "Unconstrained build operations Thread 48"        [_thread_blocked, id=16480, stack(0x000000ceece00000,0x000000ceecf00000) (1024K)]
  0x000001f998180b80 JavaThread "Unconstrained build operations Thread 49"        [_thread_blocked, id=12068, stack(0x000000ceecf00000,0x000000ceed000000) (1024K)]
  0x000001f9981825c0 JavaThread "Unconstrained build operations Thread 50"        [_thread_blocked, id=17624, stack(0x000000ceed000000,0x000000ceed100000) (1024K)]
  0x000001f998181f30 JavaThread "Unconstrained build operations Thread 51"        [_thread_blocked, id=20348, stack(0x000000ceed100000,0x000000ceed200000) (1024K)]
  0x000001f998181210 JavaThread "Unconstrained build operations Thread 52"        [_thread_blocked, id=20716, stack(0x000000ceed200000,0x000000ceed300000) (1024K)]
  0x000001f998536850 JavaThread "Unconstrained build operations Thread 53"        [_thread_blocked, id=16960, stack(0x000000ceed300000,0x000000ceed400000) (1024K)]
  0x000001f998536ee0 JavaThread "Unconstrained build operations Thread 54"        [_thread_blocked, id=21400, stack(0x000000ceed400000,0x000000ceed500000) (1024K)]
  0x000001f998534e10 JavaThread "Memory manager"                    [_thread_blocked, id=15760, stack(0x000000cee7200000,0x000000cee7300000) (1024K)]
  0x000001f99bc084a0 JavaThread "included builds"                   [_thread_blocked, id=16476, stack(0x000000ceed500000,0x000000ceed600000) (1024K)]
  0x000001f99bc08b30 JavaThread "Execution worker"                  [_thread_blocked, id=18608, stack(0x000000ceed600000,0x000000ceed700000) (1024K)]
  0x000001f99bc05d40 JavaThread "Execution worker Thread 2"         [_thread_blocked, id=16392, stack(0x000000ceed700000,0x000000ceed800000) (1024K)]
  0x000001f99bc070f0 JavaThread "Execution worker Thread 3"         [_thread_blocked, id=18084, stack(0x000000ceed800000,0x000000ceed900000) (1024K)]
  0x000001f9985354a0 JavaThread "Execution worker Thread 4"         [_thread_blocked, id=11684, stack(0x000000ceed900000,0x000000ceeda00000) (1024K)]
  0x000001f998539640 JavaThread "Execution worker Thread 5"         [_thread_blocked, id=16444, stack(0x000000ceeda00000,0x000000ceedb00000) (1024K)]
  0x000001f9985361c0 JavaThread "Execution worker Thread 6"         [_thread_blocked, id=2236, stack(0x000000ceedb00000,0x000000ceedc00000) (1024K)]
  0x000001f99853b080 JavaThread "Execution worker Thread 7"         [_thread_blocked, id=10364, stack(0x000000ceedc00000,0x000000ceedd00000) (1024K)]
  0x000001f99853a360 JavaThread "Execution worker Thread 8"         [_thread_blocked, id=16452, stack(0x000000ceedd00000,0x000000ceede00000) (1024K)]
  0x000001f99853a9f0 JavaThread "Execution worker Thread 9"         [_thread_blocked, id=724, stack(0x000000ceede00000,0x000000ceedf00000) (1024K)]
  0x000001f99853b710 JavaThread "Execution worker Thread 10"        [_thread_blocked, id=13292, stack(0x000000ceedf00000,0x000000ceee000000) (1024K)]
  0x000001f99853c430 JavaThread "Execution worker Thread 11"        [_thread_blocked, id=19580, stack(0x000000ceee000000,0x000000ceee100000) (1024K)]
  0x000001f9a10821e0 JavaThread "Cache worker for execution history cache (C:\Users\loq\AndroidStudioProjects\EvilCorp\.gradle\8.13\executionHistory)"        [_thread_blocked, id=16144, stack(0x000000ceee100000,0x000000ceee200000) (1024K)]
Total: 112

Other Threads:
  0x000001f991941f80 VMThread "VM Thread"                           [id=16180, stack(0x000000cee6700000,0x000000cee6800000) (1024K)]
  0x000001f9918e19e0 WatcherThread "VM Periodic Task Thread"        [id=14180, stack(0x000000cee6600000,0x000000cee6700000) (1024K)]
  0x000001f9f9ca6870 WorkerThread "GC Thread#0"                     [id=8964, stack(0x000000cee6100000,0x000000cee6200000) (1024K)]
  0x000001f9967d9870 WorkerThread "GC Thread#1"                     [id=12692, stack(0x000000cee7400000,0x000000cee7500000) (1024K)]
  0x000001f9965b7f70 WorkerThread "GC Thread#2"                     [id=14824, stack(0x000000cee7500000,0x000000cee7600000) (1024K)]
  0x000001f9962c31f0 WorkerThread "GC Thread#3"                     [id=5348, stack(0x000000cee7600000,0x000000cee7700000) (1024K)]
  0x000001f996726a10 WorkerThread "GC Thread#4"                     [id=2008, stack(0x000000cee7700000,0x000000cee7800000) (1024K)]
  0x000001f9967262d0 WorkerThread "GC Thread#5"                     [id=16080, stack(0x000000cee7800000,0x000000cee7900000) (1024K)]
  0x000001f996726670 WorkerThread "GC Thread#6"                     [id=14236, stack(0x000000cee7900000,0x000000cee7a00000) (1024K)]
  0x000001f996727890 WorkerThread "GC Thread#7"                     [id=6480, stack(0x000000cee7a00000,0x000000cee7b00000) (1024K)]
  0x000001f996727c30 WorkerThread "GC Thread#8"                     [id=7928, stack(0x000000cee7b00000,0x000000cee7c00000) (1024K)]
  0x000001f997b5f5f0 WorkerThread "GC Thread#9"                     [id=14636, stack(0x000000cee8300000,0x000000cee8400000) (1024K)]
  0x000001f9f9cb7760 ConcurrentGCThread "G1 Main Marker"            [id=20912, stack(0x000000cee6200000,0x000000cee6300000) (1024K)]
  0x000001f9f9cb8fb0 WorkerThread "G1 Conc#0"                       [id=1028, stack(0x000000cee6300000,0x000000cee6400000) (1024K)]
  0x000001f997b61a30 WorkerThread "G1 Conc#1"                       [id=1960, stack(0x000000cee8400000,0x000000cee8500000) (1024K)]
  0x000001f997b60810 WorkerThread "G1 Conc#2"                       [id=11424, stack(0x000000cee8500000,0x000000cee8600000) (1024K)]
  0x000001f9917795d0 ConcurrentGCThread "G1 Refine#0"               [id=4648, stack(0x000000cee6400000,0x000000cee6500000) (1024K)]
  0x000001f99177ae00 ConcurrentGCThread "G1 Service"                [id=13656, stack(0x000000cee6500000,0x000000cee6600000) (1024K)]
Total: 18

Threads with active compile tasks:
C2 CompilerThread0  16273 10771       4       java.net.URLClassLoader$1::run (5 bytes)
C1 CompilerThread0  16273 10839       3       org.gradle.tooling.internal.provider.runner.ClientForwardingBuildOperationListener::finished (96 bytes)
Total: 2

VM state: not at safepoint (normal execution)

VM Mutex/Monitor currently owned by a thread:  ([mutex/lock_event])
[0x00007ffcea307038] MethodCompileQueue_lock - owner thread: 0x0000000000000000

Heap address: 0x0000000080000000, size: 2048 MB, Compressed Oops mode: 32-bit

CDS archive(s) not mapped
Compressed class space mapped at: 0x0000000100000000-0x0000000140000000, reserved size: 1073741824
Narrow klass base: 0x0000000000000000, Narrow klass shift: 3, Narrow klass range: 0x140000000

GC Precious Log:
 CardTable entry size: 512
 Card Set container configuration: InlinePtr #cards 5 size 8 Array Of Cards #cards 12 size 40 Howl #buckets 4 coarsen threshold 1843 Howl Bitmap #cards 512 size 80 coarsen threshold 460 Card regions per heap region 1 cards per card region 2048
 CPUs: 12 total, 12 available
 Memory: 16091M
 Large Page Support: Disabled
 NUMA Support: Disabled
 Compressed Oops: Enabled (32-bit)
 Heap Region Size: 1M
 Heap Min Capacity: 8M
 Heap Initial Capacity: 252M
 Heap Max Capacity: 2G
 Pre-touch: Disabled
 Parallel Workers: 10
 Concurrent Workers: 3
 Concurrent Refinement Workers: 10
 Periodic GC: Disabled

Heap:
 garbage-first heap   total 227328K, used 189905K [0x0000000080000000, 0x0000000100000000)
  region size 1024K, 57 young (58368K), 4 survivors (4096K)
 Metaspace       used 102096K, committed 104256K, reserved 1179648K
  class space    used 14468K, committed 15552K, reserved 1048576K

Heap Regions: E=young(eden), S=young(survivor), O=old, HS=humongous(starts), HC=humongous(continues), CS=collection set, F=free, TAMS=top-at-mark-start, PB=parsable bottom
|   0|0x0000000080000000, 0x0000000080100000, 0x0000000080100000|100%|HS|  |TAMS 0x0000000080000000| PB 0x0000000080000000| Complete 
|   1|0x0000000080100000, 0x0000000080200000, 0x0000000080200000|100%|HC|  |TAMS 0x0000000080100000| PB 0x0000000080100000| Complete 
|   2|0x0000000080200000, 0x0000000080300000, 0x0000000080300000|100%|HC|  |TAMS 0x0000000080200000| PB 0x0000000080200000| Complete 
|   3|0x0000000080300000, 0x0000000080400000, 0x0000000080400000|100%| O|  |TAMS 0x0000000080300000| PB 0x0000000080300000| Untracked 
|   4|0x0000000080400000, 0x0000000080500000, 0x0000000080500000|100%| O|  |TAMS 0x0000000080400000| PB 0x0000000080400000| Untracked 
|   5|0x0000000080500000, 0x0000000080600000, 0x0000000080600000|100%| O|  |TAMS 0x0000000080500000| PB 0x0000000080500000| Untracked 
|   6|0x0000000080600000, 0x0000000080700000, 0x0000000080700000|100%|HS|  |TAMS 0x0000000080600000| PB 0x0000000080600000| Complete 
|   7|0x0000000080700000, 0x0000000080800000, 0x0000000080800000|100%| O|  |TAMS 0x0000000080700000| PB 0x0000000080700000| Untracked 
|   8|0x0000000080800000, 0x0000000080900000, 0x0000000080900000|100%| O|  |TAMS 0x0000000080800000| PB 0x0000000080800000| Untracked 
|   9|0x0000000080900000, 0x0000000080a00000, 0x0000000080a00000|100%| O|  |TAMS 0x0000000080900000| PB 0x0000000080900000| Untracked 
|  10|0x0000000080a00000, 0x0000000080b00000, 0x0000000080b00000|100%| O|  |TAMS 0x0000000080a00000| PB 0x0000000080a00000| Untracked 
|  11|0x0000000080b00000, 0x0000000080c00000, 0x0000000080c00000|100%| O|  |TAMS 0x0000000080b00000| PB 0x0000000080b00000| Untracked 
|  12|0x0000000080c00000, 0x0000000080d00000, 0x0000000080d00000|100%| O|  |TAMS 0x0000000080c00000| PB 0x0000000080c00000| Untracked 
|  13|0x0000000080d00000, 0x0000000080e00000, 0x0000000080e00000|100%| O|  |TAMS 0x0000000080d00000| PB 0x0000000080d00000| Untracked 
|  14|0x0000000080e00000, 0x0000000080f00000, 0x0000000080f00000|100%| O|  |TAMS 0x0000000080e00000| PB 0x0000000080e00000| Untracked 
|  15|0x0000000080f00000, 0x0000000081000000, 0x0000000081000000|100%| O|  |TAMS 0x0000000080f00000| PB 0x0000000080f00000| Untracked 
|  16|0x0000000081000000, 0x0000000081100000, 0x0000000081100000|100%| O|  |TAMS 0x0000000081000000| PB 0x0000000081000000| Untracked 
|  17|0x0000000081100000, 0x0000000081200000, 0x0000000081200000|100%| O|  |TAMS 0x0000000081100000| PB 0x0000000081100000| Untracked 
|  18|0x0000000081200000, 0x0000000081300000, 0x0000000081300000|100%| O|  |TAMS 0x0000000081200000| PB 0x0000000081200000| Untracked 
|  19|0x0000000081300000, 0x0000000081400000, 0x0000000081400000|100%| O|  |TAMS 0x0000000081300000| PB 0x0000000081300000| Untracked 
|  20|0x0000000081400000, 0x0000000081500000, 0x0000000081500000|100%| O|  |TAMS 0x0000000081400000| PB 0x0000000081400000| Untracked 
|  21|0x0000000081500000, 0x0000000081600000, 0x0000000081600000|100%|HS|  |TAMS 0x0000000081500000| PB 0x0000000081500000| Complete 
|  22|0x0000000081600000, 0x0000000081700000, 0x0000000081700000|100%|HC|  |TAMS 0x0000000081600000| PB 0x0000000081600000| Complete 
|  23|0x0000000081700000, 0x0000000081800000, 0x0000000081800000|100%|HC|  |TAMS 0x0000000081700000| PB 0x0000000081700000| Complete 
|  24|0x0000000081800000, 0x0000000081900000, 0x0000000081900000|100%|HC|  |TAMS 0x0000000081800000| PB 0x0000000081800000| Complete 
|  25|0x0000000081900000, 0x0000000081a00000, 0x0000000081a00000|100%|HC|  |TAMS 0x0000000081900000| PB 0x0000000081900000| Complete 
|  26|0x0000000081a00000, 0x0000000081b00000, 0x0000000081b00000|100%|HC|  |TAMS 0x0000000081a00000| PB 0x0000000081a00000| Complete 
|  27|0x0000000081b00000, 0x0000000081c00000, 0x0000000081c00000|100%|HS|  |TAMS 0x0000000081b00000| PB 0x0000000081b00000| Complete 
|  28|0x0000000081c00000, 0x0000000081d00000, 0x0000000081d00000|100%|HS|  |TAMS 0x0000000081c00000| PB 0x0000000081c00000| Complete 
|  29|0x0000000081d00000, 0x0000000081e00000, 0x0000000081e00000|100%|HC|  |TAMS 0x0000000081d00000| PB 0x0000000081d00000| Complete 
|  30|0x0000000081e00000, 0x0000000081f00000, 0x0000000081f00000|100%|HS|  |TAMS 0x0000000081e00000| PB 0x0000000081e00000| Complete 
|  31|0x0000000081f00000, 0x0000000082000000, 0x0000000082000000|100%|HC|  |TAMS 0x0000000081f00000| PB 0x0000000081f00000| Complete 
|  32|0x0000000082000000, 0x0000000082100000, 0x0000000082100000|100%|HC|  |TAMS 0x0000000082000000| PB 0x0000000082000000| Complete 
|  33|0x0000000082100000, 0x0000000082200000, 0x0000000082200000|100%|HC|  |TAMS 0x0000000082100000| PB 0x0000000082100000| Complete 
|  34|0x0000000082200000, 0x0000000082300000, 0x0000000082300000|100%|HS|  |TAMS 0x0000000082200000| PB 0x0000000082200000| Complete 
|  35|0x0000000082300000, 0x0000000082400000, 0x0000000082400000|100%|HS|  |TAMS 0x0000000082300000| PB 0x0000000082300000| Complete 
|  36|0x0000000082400000, 0x0000000082500000, 0x0000000082500000|100%|HS|  |TAMS 0x0000000082400000| PB 0x0000000082400000| Complete 
|  37|0x0000000082500000, 0x0000000082600000, 0x0000000082600000|100%|HC|  |TAMS 0x0000000082500000| PB 0x0000000082500000| Complete 
|  38|0x0000000082600000, 0x0000000082700000, 0x0000000082700000|100%|HS|  |TAMS 0x0000000082600000| PB 0x0000000082600000| Complete 
|  39|0x0000000082700000, 0x0000000082800000, 0x0000000082800000|100%| O|  |TAMS 0x0000000082700000| PB 0x0000000082700000| Untracked 
|  40|0x0000000082800000, 0x0000000082900000, 0x0000000082900000|100%| O|  |TAMS 0x0000000082800000| PB 0x0000000082800000| Untracked 
|  41|0x0000000082900000, 0x0000000082a00000, 0x0000000082a00000|100%| O|  |TAMS 0x0000000082900000| PB 0x0000000082900000| Untracked 
|  42|0x0000000082a00000, 0x0000000082b00000, 0x0000000082b00000|100%|HS|  |TAMS 0x0000000082a00000| PB 0x0000000082a00000| Complete 
|  43|0x0000000082b00000, 0x0000000082c00000, 0x0000000082c00000|100%| O|  |TAMS 0x0000000082b00000| PB 0x0000000082b00000| Untracked 
|  44|0x0000000082c00000, 0x0000000082d00000, 0x0000000082d00000|100%| O|  |TAMS 0x0000000082c00000| PB 0x0000000082c00000| Untracked 
|  45|0x0000000082d00000, 0x0000000082e00000, 0x0000000082e00000|100%|HS|  |TAMS 0x0000000082d00000| PB 0x0000000082d00000| Complete 
|  46|0x0000000082e00000, 0x0000000082f00000, 0x0000000082f00000|100%|HC|  |TAMS 0x0000000082e00000| PB 0x0000000082e00000| Complete 
|  47|0x0000000082f00000, 0x0000000083000000, 0x0000000083000000|100%|HC|  |TAMS 0x0000000082f00000| PB 0x0000000082f00000| Complete 
|  48|0x0000000083000000, 0x0000000083100000, 0x0000000083100000|100%|HC|  |TAMS 0x0000000083000000| PB 0x0000000083000000| Complete 
|  49|0x0000000083100000, 0x0000000083200000, 0x0000000083200000|100%|HC|  |TAMS 0x0000000083100000| PB 0x0000000083100000| Complete 
|  50|0x0000000083200000, 0x0000000083300000, 0x0000000083300000|100%|HC|  |TAMS 0x0000000083200000| PB 0x0000000083200000| Complete 
|  51|0x0000000083300000, 0x0000000083400000, 0x0000000083400000|100%| O|  |TAMS 0x0000000083300000| PB 0x0000000083300000| Untracked 
|  52|0x0000000083400000, 0x0000000083500000, 0x0000000083500000|100%| O|  |TAMS 0x0000000083400000| PB 0x0000000083400000| Untracked 
|  53|0x0000000083500000, 0x0000000083600000, 0x0000000083600000|100%| O|  |TAMS 0x0000000083500000| PB 0x0000000083500000| Untracked 
|  54|0x0000000083600000, 0x0000000083700000, 0x0000000083700000|100%| O|  |TAMS 0x0000000083600000| PB 0x0000000083600000| Untracked 
|  55|0x0000000083700000, 0x0000000083800000, 0x0000000083800000|100%| O|  |TAMS 0x0000000083700000| PB 0x0000000083700000| Untracked 
|  56|0x0000000083800000, 0x0000000083900000, 0x0000000083900000|100%|HS|  |TAMS 0x0000000083800000| PB 0x0000000083800000| Complete 
|  57|0x0000000083900000, 0x0000000083a00000, 0x0000000083a00000|100%|HC|  |TAMS 0x0000000083900000| PB 0x0000000083900000| Complete 
|  58|0x0000000083a00000, 0x0000000083b00000, 0x0000000083b00000|100%|HS|  |TAMS 0x0000000083a00000| PB 0x0000000083a00000| Complete 
|  59|0x0000000083b00000, 0x0000000083c00000, 0x0000000083c00000|100%|HS|  |TAMS 0x0000000083b00000| PB 0x0000000083b00000| Complete 
|  60|0x0000000083c00000, 0x0000000083d00000, 0x0000000083d00000|100%|HC|  |TAMS 0x0000000083c00000| PB 0x0000000083c00000| Complete 
|  61|0x0000000083d00000, 0x0000000083e00000, 0x0000000083e00000|100%|HC|  |TAMS 0x0000000083d00000| PB 0x0000000083d00000| Complete 
|  62|0x0000000083e00000, 0x0000000083f00000, 0x0000000083f00000|100%|HC|  |TAMS 0x0000000083e00000| PB 0x0000000083e00000| Complete 
|  63|0x0000000083f00000, 0x0000000084000000, 0x0000000084000000|100%|HS|  |TAMS 0x0000000083f00000| PB 0x0000000083f00000| Complete 
|  64|0x0000000084000000, 0x0000000084100000, 0x0000000084100000|100%|HC|  |TAMS 0x0000000084000000| PB 0x0000000084000000| Complete 
|  65|0x0000000084100000, 0x0000000084200000, 0x0000000084200000|100%|HC|  |TAMS 0x0000000084100000| PB 0x0000000084100000| Complete 
|  66|0x0000000084200000, 0x0000000084300000, 0x0000000084300000|100%|HC|  |TAMS 0x0000000084200000| PB 0x0000000084200000| Complete 
|  67|0x0000000084300000, 0x0000000084400000, 0x0000000084400000|100%|HC|  |TAMS 0x0000000084300000| PB 0x0000000084300000| Complete 
|  68|0x0000000084400000, 0x0000000084500000, 0x0000000084500000|100%|HC|  |TAMS 0x0000000084400000| PB 0x0000000084400000| Complete 
|  69|0x0000000084500000, 0x0000000084600000, 0x0000000084600000|100%|HS|  |TAMS 0x0000000084500000| PB 0x0000000084500000| Complete 
|  70|0x0000000084600000, 0x0000000084700000, 0x0000000084700000|100%|HC|  |TAMS 0x0000000084600000| PB 0x0000000084600000| Complete 
|  71|0x0000000084700000, 0x0000000084800000, 0x0000000084800000|100%|HC|  |TAMS 0x0000000084700000| PB 0x0000000084700000| Complete 
|  72|0x0000000084800000, 0x0000000084900000, 0x0000000084900000|100%|HC|  |TAMS 0x0000000084800000| PB 0x0000000084800000| Complete 
|  73|0x0000000084900000, 0x0000000084a00000, 0x0000000084a00000|100%|HC|  |TAMS 0x0000000084900000| PB 0x0000000084900000| Complete 
|  74|0x0000000084a00000, 0x0000000084b00000, 0x0000000084b00000|100%|HC|  |TAMS 0x0000000084a00000| PB 0x0000000084a00000| Complete 
|  75|0x0000000084b00000, 0x0000000084c00000, 0x0000000084c00000|100%| O|  |TAMS 0x0000000084b00000| PB 0x0000000084b00000| Untracked 
|  76|0x0000000084c00000, 0x0000000084d00000, 0x0000000084d00000|100%| O|  |TAMS 0x0000000084c00000| PB 0x0000000084c00000| Untracked 
|  77|0x0000000084d00000, 0x0000000084e00000, 0x0000000084e00000|100%| O|  |TAMS 0x0000000084d00000| PB 0x0000000084d00000| Untracked 
|  78|0x0000000084e00000, 0x0000000084f00000, 0x0000000084f00000|100%| O|  |TAMS 0x0000000084e00000| PB 0x0000000084e00000| Untracked 
|  79|0x0000000084f00000, 0x0000000085000000, 0x0000000085000000|100%|HS|  |TAMS 0x0000000084f00000| PB 0x0000000084f00000| Complete 
|  80|0x0000000085000000, 0x0000000085100000, 0x0000000085100000|100%| O|Cm|TAMS 0x0000000085000000| PB 0x0000000085000000| Complete 
|  81|0x0000000085100000, 0x0000000085200000, 0x0000000085200000|100%| O|  |TAMS 0x0000000085100000| PB 0x0000000085100000| Untracked 
|  82|0x0000000085200000, 0x0000000085300000, 0x0000000085300000|100%| O|  |TAMS 0x0000000085200000| PB 0x0000000085200000| Untracked 
|  83|0x0000000085300000, 0x0000000085400000, 0x0000000085400000|100%| O|  |TAMS 0x0000000085300000| PB 0x0000000085300000| Untracked 
|  84|0x0000000085400000, 0x0000000085500000, 0x0000000085500000|100%| O|  |TAMS 0x0000000085400000| PB 0x0000000085400000| Untracked 
|  85|0x0000000085500000, 0x0000000085600000, 0x0000000085600000|100%| O|  |TAMS 0x0000000085500000| PB 0x0000000085500000| Untracked 
|  86|0x0000000085600000, 0x0000000085700000, 0x0000000085700000|100%| O|  |TAMS 0x0000000085600000| PB 0x0000000085600000| Untracked 
|  87|0x0000000085700000, 0x0000000085800000, 0x0000000085800000|100%| O|  |TAMS 0x0000000085700000| PB 0x0000000085700000| Untracked 
|  88|0x0000000085800000, 0x0000000085900000, 0x0000000085900000|100%| O|  |TAMS 0x0000000085800000| PB 0x0000000085800000| Untracked 
|  89|0x0000000085900000, 0x0000000085a00000, 0x0000000085a00000|100%| O|  |TAMS 0x0000000085900000| PB 0x0000000085900000| Untracked 
|  90|0x0000000085a00000, 0x0000000085b00000, 0x0000000085b00000|100%| O|  |TAMS 0x0000000085a00000| PB 0x0000000085a00000| Untracked 
|  91|0x0000000085b00000, 0x0000000085c00000, 0x0000000085c00000|100%|HS|  |TAMS 0x0000000085b00000| PB 0x0000000085b00000| Complete 
|  92|0x0000000085c00000, 0x0000000085d00000, 0x0000000085d00000|100%|HS|  |TAMS 0x0000000085c00000| PB 0x0000000085c00000| Complete 
|  93|0x0000000085d00000, 0x0000000085e00000, 0x0000000085e00000|100%|HS|  |TAMS 0x0000000085d00000| PB 0x0000000085d00000| Complete 
|  94|0x0000000085e00000, 0x0000000085f00000, 0x0000000085f00000|100%|HS|  |TAMS 0x0000000085e00000| PB 0x0000000085e00000| Complete 
|  95|0x0000000085f00000, 0x0000000086000000, 0x0000000086000000|100%| O|  |TAMS 0x0000000085f00000| PB 0x0000000085f00000| Untracked 
|  96|0x0000000086000000, 0x0000000086100000, 0x0000000086100000|100%|HS|  |TAMS 0x0000000086000000| PB 0x0000000086000000| Complete 
|  97|0x0000000086100000, 0x0000000086200000, 0x0000000086200000|100%| O|  |TAMS 0x0000000086100000| PB 0x0000000086100000| Untracked 
|  98|0x0000000086200000, 0x0000000086300000, 0x0000000086300000|100%| O|Cm|TAMS 0x0000000086200000| PB 0x0000000086200000| Complete 
|  99|0x0000000086300000, 0x0000000086400000, 0x0000000086400000|100%| O|  |TAMS 0x0000000086300000| PB 0x0000000086300000| Untracked 
| 100|0x0000000086400000, 0x0000000086500000, 0x0000000086500000|100%| O|  |TAMS 0x0000000086400000| PB 0x0000000086400000| Untracked 
| 101|0x0000000086500000, 0x0000000086600000, 0x0000000086600000|100%| O|  |TAMS 0x0000000086500000| PB 0x0000000086500000| Untracked 
| 102|0x0000000086600000, 0x0000000086700000, 0x0000000086700000|100%| O|  |TAMS 0x0000000086600000| PB 0x0000000086600000| Untracked 
| 103|0x0000000086700000, 0x0000000086800000, 0x0000000086800000|100%| O|  |TAMS 0x0000000086700000| PB 0x0000000086700000| Untracked 
| 104|0x0000000086800000, 0x0000000086900000, 0x0000000086900000|100%| O|  |TAMS 0x0000000086800000| PB 0x0000000086800000| Untracked 
| 105|0x0000000086900000, 0x0000000086a00000, 0x0000000086a00000|100%|HS|  |TAMS 0x0000000086900000| PB 0x0000000086900000| Complete 
| 106|0x0000000086a00000, 0x0000000086b00000, 0x0000000086b00000|100%| O|  |TAMS 0x0000000086a00000| PB 0x0000000086a00000| Untracked 
| 107|0x0000000086b00000, 0x0000000086c00000, 0x0000000086c00000|100%| O|  |TAMS 0x0000000086b00000| PB 0x0000000086b00000| Untracked 
| 108|0x0000000086c00000, 0x0000000086d00000, 0x0000000086d00000|100%| O|  |TAMS 0x0000000086c00000| PB 0x0000000086c00000| Untracked 
| 109|0x0000000086d00000, 0x0000000086e00000, 0x0000000086e00000|100%| O|  |TAMS 0x0000000086d00000| PB 0x0000000086d00000| Untracked 
| 110|0x0000000086e00000, 0x0000000086f00000, 0x0000000086f00000|100%| O|  |TAMS 0x0000000086e00000| PB 0x0000000086e00000| Untracked 
| 111|0x0000000086f00000, 0x0000000087000000, 0x0000000087000000|100%| O|  |TAMS 0x0000000086f00000| PB 0x0000000086f00000| Untracked 
| 112|0x0000000087000000, 0x0000000087100000, 0x0000000087100000|100%| O|  |TAMS 0x0000000087000000| PB 0x0000000087000000| Untracked 
| 113|0x0000000087100000, 0x0000000087200000, 0x0000000087200000|100%| O|Cm|TAMS 0x0000000087100000| PB 0x0000000087100000| Complete 
| 114|0x0000000087200000, 0x0000000087300000, 0x0000000087300000|100%| O|  |TAMS 0x0000000087200000| PB 0x0000000087200000| Untracked 
| 115|0x0000000087300000, 0x0000000087400000, 0x0000000087400000|100%| O|  |TAMS 0x0000000087300000| PB 0x0000000087300000| Untracked 
| 116|0x0000000087400000, 0x0000000087500000, 0x0000000087500000|100%| O|  |TAMS 0x0000000087400000| PB 0x0000000087400000| Untracked 
| 117|0x0000000087500000, 0x0000000087600000, 0x0000000087600000|100%| O|  |TAMS 0x0000000087500000| PB 0x0000000087500000| Untracked 
| 118|0x0000000087600000, 0x0000000087700000, 0x0000000087700000|100%| O|  |TAMS 0x0000000087600000| PB 0x0000000087600000| Untracked 
| 119|0x0000000087700000, 0x000000008775a2d0, 0x0000000087800000| 35%| O|  |TAMS 0x0000000087700000| PB 0x0000000087700000| Untracked 
| 120|0x0000000087800000, 0x0000000087900000, 0x0000000087900000|100%|HS|  |TAMS 0x0000000087800000| PB 0x0000000087800000| Complete 
| 121|0x0000000087900000, 0x0000000087a00000, 0x0000000087a00000|100%|HC|  |TAMS 0x0000000087900000| PB 0x0000000087900000| Complete 
| 122|0x0000000087a00000, 0x0000000087a00000, 0x0000000087b00000|  0%| F|  |TAMS 0x0000000087a00000| PB 0x0000000087a00000| Untracked 
| 123|0x0000000087b00000, 0x0000000087b00000, 0x0000000087c00000|  0%| F|  |TAMS 0x0000000087b00000| PB 0x0000000087b00000| Untracked 
| 124|0x0000000087c00000, 0x0000000087c00000, 0x0000000087d00000|  0%| F|  |TAMS 0x0000000087c00000| PB 0x0000000087c00000| Untracked 
| 125|0x0000000087d00000, 0x0000000087d00000, 0x0000000087e00000|  0%| F|  |TAMS 0x0000000087d00000| PB 0x0000000087d00000| Untracked 
| 126|0x0000000087e00000, 0x0000000087e00000, 0x0000000087f00000|  0%| F|  |TAMS 0x0000000087e00000| PB 0x0000000087e00000| Untracked 
| 127|0x0000000087f00000, 0x0000000087f00000, 0x0000000088000000|  0%| F|  |TAMS 0x0000000087f00000| PB 0x0000000087f00000| Untracked 
| 128|0x0000000088000000, 0x0000000088000000, 0x0000000088100000|  0%| F|  |TAMS 0x0000000088000000| PB 0x0000000088000000| Untracked 
| 129|0x0000000088100000, 0x0000000088100000, 0x0000000088200000|  0%| F|  |TAMS 0x0000000088100000| PB 0x0000000088100000| Untracked 
| 130|0x0000000088200000, 0x0000000088200000, 0x0000000088300000|  0%| F|  |TAMS 0x0000000088200000| PB 0x0000000088200000| Untracked 
| 131|0x0000000088300000, 0x0000000088300000, 0x0000000088400000|  0%| F|  |TAMS 0x0000000088300000| PB 0x0000000088300000| Untracked 
| 132|0x0000000088400000, 0x0000000088400000, 0x0000000088500000|  0%| F|  |TAMS 0x0000000088400000| PB 0x0000000088400000| Untracked 
| 133|0x0000000088500000, 0x0000000088500000, 0x0000000088600000|  0%| F|  |TAMS 0x0000000088500000| PB 0x0000000088500000| Untracked 
| 134|0x0000000088600000, 0x0000000088600000, 0x0000000088700000|  0%| F|  |TAMS 0x0000000088600000| PB 0x0000000088600000| Untracked 
| 135|0x0000000088700000, 0x0000000088700000, 0x0000000088800000|  0%| F|  |TAMS 0x0000000088700000| PB 0x0000000088700000| Untracked 
| 136|0x0000000088800000, 0x0000000088800000, 0x0000000088900000|  0%| F|  |TAMS 0x0000000088800000| PB 0x0000000088800000| Untracked 
| 137|0x0000000088900000, 0x0000000088900000, 0x0000000088a00000|  0%| F|  |TAMS 0x0000000088900000| PB 0x0000000088900000| Untracked 
| 138|0x0000000088a00000, 0x0000000088a00000, 0x0000000088b00000|  0%| F|  |TAMS 0x0000000088a00000| PB 0x0000000088a00000| Untracked 
| 139|0x0000000088b00000, 0x0000000088b00000, 0x0000000088c00000|  0%| F|  |TAMS 0x0000000088b00000| PB 0x0000000088b00000| Untracked 
| 140|0x0000000088c00000, 0x0000000088c00000, 0x0000000088d00000|  0%| F|  |TAMS 0x0000000088c00000| PB 0x0000000088c00000| Untracked 
| 141|0x0000000088d00000, 0x0000000088d00000, 0x0000000088e00000|  0%| F|  |TAMS 0x0000000088d00000| PB 0x0000000088d00000| Untracked 
| 142|0x0000000088e00000, 0x0000000088e00000, 0x0000000088f00000|  0%| F|  |TAMS 0x0000000088e00000| PB 0x0000000088e00000| Untracked 
| 143|0x0000000088f00000, 0x0000000088f00000, 0x0000000089000000|  0%| F|  |TAMS 0x0000000088f00000| PB 0x0000000088f00000| Untracked 
| 144|0x0000000089000000, 0x0000000089000000, 0x0000000089100000|  0%| F|  |TAMS 0x0000000089000000| PB 0x0000000089000000| Untracked 
| 145|0x0000000089100000, 0x0000000089100000, 0x0000000089200000|  0%| F|  |TAMS 0x0000000089100000| PB 0x0000000089100000| Untracked 
| 146|0x0000000089200000, 0x0000000089200000, 0x0000000089300000|  0%| F|  |TAMS 0x0000000089200000| PB 0x0000000089200000| Untracked 
| 147|0x0000000089300000, 0x0000000089300000, 0x0000000089400000|  0%| F|  |TAMS 0x0000000089300000| PB 0x0000000089300000| Untracked 
| 148|0x0000000089400000, 0x0000000089400000, 0x0000000089500000|  0%| F|  |TAMS 0x0000000089400000| PB 0x0000000089400000| Untracked 
| 149|0x0000000089500000, 0x0000000089500000, 0x0000000089600000|  0%| F|  |TAMS 0x0000000089500000| PB 0x0000000089500000| Untracked 
| 150|0x0000000089600000, 0x0000000089600000, 0x0000000089700000|  0%| F|  |TAMS 0x0000000089600000| PB 0x0000000089600000| Untracked 
| 151|0x0000000089700000, 0x0000000089700000, 0x0000000089800000|  0%| F|  |TAMS 0x0000000089700000| PB 0x0000000089700000| Untracked 
| 152|0x0000000089800000, 0x0000000089800000, 0x0000000089900000|  0%| F|  |TAMS 0x0000000089800000| PB 0x0000000089800000| Untracked 
| 153|0x0000000089900000, 0x0000000089900000, 0x0000000089a00000|  0%| F|  |TAMS 0x0000000089900000| PB 0x0000000089900000| Untracked 
| 154|0x0000000089a00000, 0x0000000089a00000, 0x0000000089b00000|  0%| F|  |TAMS 0x0000000089a00000| PB 0x0000000089a00000| Untracked 
| 155|0x0000000089b00000, 0x0000000089b65fa8, 0x0000000089c00000| 39%| E|  |TAMS 0x0000000089b00000| PB 0x0000000089b00000| Complete 
| 156|0x0000000089c00000, 0x0000000089d00000, 0x0000000089d00000|100%| E|CS|TAMS 0x0000000089c00000| PB 0x0000000089c00000| Complete 
| 157|0x0000000089d00000, 0x0000000089e00000, 0x0000000089e00000|100%| E|CS|TAMS 0x0000000089d00000| PB 0x0000000089d00000| Complete 
| 158|0x0000000089e00000, 0x0000000089e1a4c0, 0x0000000089f00000| 10%| S|CS|TAMS 0x0000000089e00000| PB 0x0000000089e00000| Complete 
| 159|0x0000000089f00000, 0x000000008a000000, 0x000000008a000000|100%| S|CS|TAMS 0x0000000089f00000| PB 0x0000000089f00000| Complete 
| 160|0x000000008a000000, 0x000000008a100000, 0x000000008a100000|100%| S|CS|TAMS 0x000000008a000000| PB 0x000000008a000000| Complete 
| 161|0x000000008a100000, 0x000000008a200000, 0x000000008a200000|100%| S|CS|TAMS 0x000000008a100000| PB 0x000000008a100000| Complete 
| 162|0x000000008a200000, 0x000000008a300000, 0x000000008a300000|100%| E|CS|TAMS 0x000000008a200000| PB 0x000000008a200000| Complete 
| 163|0x000000008a300000, 0x000000008a400000, 0x000000008a400000|100%| E|CS|TAMS 0x000000008a300000| PB 0x000000008a300000| Complete 
| 164|0x000000008a400000, 0x000000008a500000, 0x000000008a500000|100%| E|CS|TAMS 0x000000008a400000| PB 0x000000008a400000| Complete 
| 165|0x000000008a500000, 0x000000008a600000, 0x000000008a600000|100%| E|CS|TAMS 0x000000008a500000| PB 0x000000008a500000| Complete 
| 166|0x000000008a600000, 0x000000008a700000, 0x000000008a700000|100%| E|CS|TAMS 0x000000008a600000| PB 0x000000008a600000| Complete 
| 167|0x000000008a700000, 0x000000008a800000, 0x000000008a800000|100%| E|CS|TAMS 0x000000008a700000| PB 0x000000008a700000| Complete 
| 168|0x000000008a800000, 0x000000008a900000, 0x000000008a900000|100%| E|CS|TAMS 0x000000008a800000| PB 0x000000008a800000| Complete 
| 169|0x000000008a900000, 0x000000008aa00000, 0x000000008aa00000|100%| E|CS|TAMS 0x000000008a900000| PB 0x000000008a900000| Complete 
| 170|0x000000008aa00000, 0x000000008ab00000, 0x000000008ab00000|100%| E|CS|TAMS 0x000000008aa00000| PB 0x000000008aa00000| Complete 
| 171|0x000000008ab00000, 0x000000008ac00000, 0x000000008ac00000|100%| E|CS|TAMS 0x000000008ab00000| PB 0x000000008ab00000| Complete 
| 172|0x000000008ac00000, 0x000000008ad00000, 0x000000008ad00000|100%| E|CS|TAMS 0x000000008ac00000| PB 0x000000008ac00000| Complete 
| 173|0x000000008ad00000, 0x000000008ae00000, 0x000000008ae00000|100%| E|CS|TAMS 0x000000008ad00000| PB 0x000000008ad00000| Complete 
| 174|0x000000008ae00000, 0x000000008af00000, 0x000000008af00000|100%| E|CS|TAMS 0x000000008ae00000| PB 0x000000008ae00000| Complete 
| 175|0x000000008af00000, 0x000000008b000000, 0x000000008b000000|100%| E|CS|TAMS 0x000000008af00000| PB 0x000000008af00000| Complete 
| 176|0x000000008b000000, 0x000000008b100000, 0x000000008b100000|100%| E|CS|TAMS 0x000000008b000000| PB 0x000000008b000000| Complete 
| 177|0x000000008b100000, 0x000000008b200000, 0x000000008b200000|100%| E|CS|TAMS 0x000000008b100000| PB 0x000000008b100000| Complete 
| 178|0x000000008b200000, 0x000000008b300000, 0x000000008b300000|100%| E|CS|TAMS 0x000000008b200000| PB 0x000000008b200000| Complete 
| 179|0x000000008b300000, 0x000000008b400000, 0x000000008b400000|100%| E|CS|TAMS 0x000000008b300000| PB 0x000000008b300000| Complete 
| 180|0x000000008b400000, 0x000000008b500000, 0x000000008b500000|100%| E|CS|TAMS 0x000000008b400000| PB 0x000000008b400000| Complete 
| 181|0x000000008b500000, 0x000000008b600000, 0x000000008b600000|100%| E|CS|TAMS 0x000000008b500000| PB 0x000000008b500000| Complete 
| 182|0x000000008b600000, 0x000000008b700000, 0x000000008b700000|100%| E|CS|TAMS 0x000000008b600000| PB 0x000000008b600000| Complete 
| 183|0x000000008b700000, 0x000000008b800000, 0x000000008b800000|100%| E|CS|TAMS 0x000000008b700000| PB 0x000000008b700000| Complete 
| 184|0x000000008b800000, 0x000000008b900000, 0x000000008b900000|100%| E|CS|TAMS 0x000000008b800000| PB 0x000000008b800000| Complete 
| 185|0x000000008b900000, 0x000000008ba00000, 0x000000008ba00000|100%| E|CS|TAMS 0x000000008b900000| PB 0x000000008b900000| Complete 
| 186|0x000000008ba00000, 0x000000008bb00000, 0x000000008bb00000|100%| E|CS|TAMS 0x000000008ba00000| PB 0x000000008ba00000| Complete 
| 187|0x000000008bb00000, 0x000000008bc00000, 0x000000008bc00000|100%| E|CS|TAMS 0x000000008bb00000| PB 0x000000008bb00000| Complete 
| 188|0x000000008bc00000, 0x000000008bd00000, 0x000000008bd00000|100%| E|CS|TAMS 0x000000008bc00000| PB 0x000000008bc00000| Complete 
| 189|0x000000008bd00000, 0x000000008be00000, 0x000000008be00000|100%| E|CS|TAMS 0x000000008bd00000| PB 0x000000008bd00000| Complete 
| 190|0x000000008be00000, 0x000000008bf00000, 0x000000008bf00000|100%| E|CS|TAMS 0x000000008be00000| PB 0x000000008be00000| Complete 
| 191|0x000000008bf00000, 0x000000008c000000, 0x000000008c000000|100%| E|CS|TAMS 0x000000008bf00000| PB 0x000000008bf00000| Complete 
| 192|0x000000008c000000, 0x000000008c100000, 0x000000008c100000|100%| E|CS|TAMS 0x000000008c000000| PB 0x000000008c000000| Complete 
| 193|0x000000008c100000, 0x000000008c200000, 0x000000008c200000|100%| E|CS|TAMS 0x000000008c100000| PB 0x000000008c100000| Complete 
| 194|0x000000008c200000, 0x000000008c300000, 0x000000008c300000|100%| E|CS|TAMS 0x000000008c200000| PB 0x000000008c200000| Complete 
| 195|0x000000008c300000, 0x000000008c400000, 0x000000008c400000|100%| E|CS|TAMS 0x000000008c300000| PB 0x000000008c300000| Complete 
| 196|0x000000008c400000, 0x000000008c500000, 0x000000008c500000|100%| E|CS|TAMS 0x000000008c400000| PB 0x000000008c400000| Complete 
| 197|0x000000008c500000, 0x000000008c600000, 0x000000008c600000|100%| E|CS|TAMS 0x000000008c500000| PB 0x000000008c500000| Complete 
| 198|0x000000008c600000, 0x000000008c700000, 0x000000008c700000|100%| E|CS|TAMS 0x000000008c600000| PB 0x000000008c600000| Complete 
| 199|0x000000008c700000, 0x000000008c800000, 0x000000008c800000|100%| E|CS|TAMS 0x000000008c700000| PB 0x000000008c700000| Complete 
| 200|0x000000008c800000, 0x000000008c900000, 0x000000008c900000|100%| E|CS|TAMS 0x000000008c800000| PB 0x000000008c800000| Complete 
| 224|0x000000008e000000, 0x000000008e100000, 0x000000008e100000|100%| E|CS|TAMS 0x000000008e000000| PB 0x000000008e000000| Complete 
| 225|0x000000008e100000, 0x000000008e200000, 0x000000008e200000|100%| E|CS|TAMS 0x000000008e100000| PB 0x000000008e100000| Complete 
| 226|0x000000008e200000, 0x000000008e300000, 0x000000008e300000|100%| E|CS|TAMS 0x000000008e200000| PB 0x000000008e200000| Complete 
| 227|0x000000008e300000, 0x000000008e400000, 0x000000008e400000|100%| E|CS|TAMS 0x000000008e300000| PB 0x000000008e300000| Complete 
| 228|0x000000008e400000, 0x000000008e500000, 0x000000008e500000|100%| E|CS|TAMS 0x000000008e400000| PB 0x000000008e400000| Complete 
| 229|0x000000008e500000, 0x000000008e600000, 0x000000008e600000|100%| E|CS|TAMS 0x000000008e500000| PB 0x000000008e500000| Complete 
| 230|0x000000008e600000, 0x000000008e700000, 0x000000008e700000|100%| E|CS|TAMS 0x000000008e600000| PB 0x000000008e600000| Complete 
| 231|0x000000008e700000, 0x000000008e800000, 0x000000008e800000|100%| E|CS|TAMS 0x000000008e700000| PB 0x000000008e700000| Complete 
| 232|0x000000008e800000, 0x000000008e900000, 0x000000008e900000|100%| E|CS|TAMS 0x000000008e800000| PB 0x000000008e800000| Complete 
| 233|0x000000008e900000, 0x000000008ea00000, 0x000000008ea00000|100%| E|CS|TAMS 0x000000008e900000| PB 0x000000008e900000| Complete 
| 251|0x000000008fb00000, 0x000000008fc00000, 0x000000008fc00000|100%| E|CS|TAMS 0x000000008fb00000| PB 0x000000008fb00000| Complete 
|2038|0x00000000ff600000, 0x00000000ff700000, 0x00000000ff700000|100%| O|  |TAMS 0x00000000ff600000| PB 0x00000000ff600000| Untracked 
|2039|0x00000000ff700000, 0x00000000ff800000, 0x00000000ff800000|100%| E|CS|TAMS 0x00000000ff700000| PB 0x00000000ff700000| Complete 
|2040|0x00000000ff800000, 0x00000000ff900000, 0x00000000ff900000|100%| O|  |TAMS 0x00000000ff800000| PB 0x00000000ff800000| Untracked 
|2041|0x00000000ff900000, 0x00000000ffa00000, 0x00000000ffa00000|100%| O|  |TAMS 0x00000000ff900000| PB 0x00000000ff900000| Untracked 
|2042|0x00000000ffa00000, 0x00000000ffb00000, 0x00000000ffb00000|100%| O|  |TAMS 0x00000000ffa00000| PB 0x00000000ffa00000| Untracked 
|2043|0x00000000ffb00000, 0x00000000ffc00000, 0x00000000ffc00000|100%| O|  |TAMS 0x00000000ffb00000| PB 0x00000000ffb00000| Untracked 
|2044|0x00000000ffc00000, 0x00000000ffd00000, 0x00000000ffd00000|100%| O|  |TAMS 0x00000000ffc00000| PB 0x00000000ffc00000| Untracked 
|2045|0x00000000ffd00000, 0x00000000ffe00000, 0x00000000ffe00000|100%| O|  |TAMS 0x00000000ffd00000| PB 0x00000000ffd00000| Untracked 
|2046|0x00000000ffe00000, 0x00000000fff00000, 0x00000000fff00000|100%| O|  |TAMS 0x00000000ffe00000| PB 0x00000000ffe00000| Untracked 
|2047|0x00000000fff00000, 0x0000000100000000, 0x0000000100000000|100%| O|  |TAMS 0x00000000fff00000| PB 0x00000000fff00000| Untracked 

Card table byte_map: [0x000001f9fd6f0000,0x000001f9fdaf0000] _byte_map_base: 0x000001f9fd2f0000

Marking Bits: (CMBitMap*) 0x000001f9f9ca6e80
 Bits: [0x000001f9fdaf0000, 0x000001f9ffaf0000)

Polling page: 0x000001f9f7830000

Metaspace:

Usage:
  Non-class:     85.81 MB used.
      Class:     14.16 MB used.
       Both:     99.97 MB used.

Virtual space:
  Non-class space:      128.00 MB reserved,      86.88 MB ( 68%) committed,  2 nodes.
      Class space:        1.00 GB reserved,      15.19 MB (  1%) committed,  1 nodes.
             Both:        1.12 GB reserved,     102.06 MB (  9%) committed. 

Chunk freelists:
   Non-Class:  8.39 MB
       Class:  640.00 KB
        Both:  9.02 MB

MaxMetaspaceSize: unlimited
CompressedClassSpaceSize: 1.00 GB
Initial GC threshold: 21.00 MB
Current GC threshold: 154.38 MB
CDS: off
 - commit_granule_bytes: 65536.
 - commit_granule_words: 8192.
 - virtual_space_node_default_size: 8388608.
 - enlarge_chunks_in_place: 1.
 - use_allocation_guard: 0.


Internal statistics:

num_allocs_failed_limit: 6.
num_arena_births: 4150.
num_arena_deaths: 0.
num_vsnodes_births: 3.
num_vsnodes_deaths: 0.
num_space_committed: 1633.
num_space_uncommitted: 0.
num_chunks_returned_to_freelist: 6.
num_chunks_taken_from_freelist: 8633.
num_chunk_merges: 6.
num_chunk_splits: 5592.
num_chunks_enlarged: 3429.
num_inconsistent_stats: 0.

CodeHeap 'non-profiled nmethods': size=120000Kb used=5424Kb max_used=5424Kb free=114575Kb
 bounds [0x000001f987ad0000, 0x000001f988020000, 0x000001f98f000000]
CodeHeap 'profiled nmethods': size=120000Kb used=16856Kb max_used=16856Kb free=103143Kb
 bounds [0x000001f980000000, 0x000001f981080000, 0x000001f987530000]
CodeHeap 'non-nmethods': size=5760Kb used=2858Kb max_used=2881Kb free=2901Kb
 bounds [0x000001f987530000, 0x000001f987810000, 0x000001f987ad0000]
CodeCache: size=245760Kb, used=25138Kb, max_used=25161Kb, free=220619Kb
 total_blobs=10216, nmethods=9238, adapters=882, full_count=0
Compilation: enabled, stopped_count=0, restarted_count=0

Compilation events (20 events):
Event: 15.164 Thread 0x000001f9919cb2e0 nmethod 10787 0x000001f981059d90 code [0x000001f981059f40, 0x000001f98105a0e0]
Event: 15.164 Thread 0x000001f9919cb2e0 10798       3       com.google.common.collect.AbstractMapBasedMultimap$KeySet$1::<init> (15 bytes)
Event: 15.164 Thread 0x000001f9919cb2e0 nmethod 10798 0x000001f98105a190 code [0x000001f98105a340, 0x000001f98105a560]
Event: 15.164 Thread 0x000001f9919cb2e0 10796       3       com.google.common.collect.AbstractListMultimap::get (9 bytes)
Event: 15.164 Thread 0x000001f9919cb2e0 nmethod 10796 0x000001f98105a610 code [0x000001f98105a820, 0x000001f98105b040]
Event: 15.164 Thread 0x000001f9919cb2e0 10797       3       com.google.common.collect.AbstractListMultimap::wrapCollection (11 bytes)
Event: 15.164 Thread 0x000001f9919cb2e0 nmethod 10797 0x000001f98105b210 code [0x000001f98105b3c0, 0x000001f98105b600]
Event: 15.164 Thread 0x000001f9919cb2e0 10799       3       org.gradle.internal.reflect.annotations.impl.DefaultTypeAnnotationMetadataStore$HasAnnotationMetadataBuilder$$Lambda/0x00000001007e2000::apply (13 bytes)
Event: 15.164 Thread 0x000001f9919cb2e0 nmethod 10799 0x000001f98105b710 code [0x000001f98105b8e0, 0x000001f98105bca0]
Event: 15.168 Thread 0x000001f9919cb2e0 10800       1       org.gradle.internal.properties.annotations.AbstractAnnotationHandler::getAnnotationType (5 bytes)
Event: 15.168 Thread 0x000001f9919cb2e0 nmethod 10800 0x000001f988019990 code [0x000001f988019b20, 0x000001f988019be8]
Event: 15.168 Thread 0x000001f9919cb2e0 10802       3       com.google.common.collect.SingletonImmutableBiMap::createEntrySet (15 bytes)
Event: 15.168 Thread 0x000001f9919cb2e0 nmethod 10802 0x000001f98105bd90 code [0x000001f98105bfa0, 0x000001f98105c680]
Event: 15.168 Thread 0x000001f9919cb2e0 10801       1       org.gradle.internal.properties.annotations.AbstractAnnotationHandler::getAllowedModifiers (5 bytes)
Event: 15.168 Thread 0x000001f9919cb2e0 nmethod 10801 0x000001f988019c90 code [0x000001f988019e20, 0x000001f988019ee8]
Event: 15.173 Thread 0x000001f9919cb2e0 10803       3       java.io.ObjectStreamClass::getSerialVersionUID (42 bytes)
Event: 15.173 Thread 0x000001f9919cb2e0 nmethod 10803 0x000001f98105c910 code [0x000001f98105cb40, 0x000001f98105d208]
Event: 15.180 Thread 0x000001f9919cb2e0 10805       1       org.gradle.internal.logging.events.ProgressStartEvent::getBuildOperationCategory (5 bytes)
Event: 15.180 Thread 0x000001f9919cb2e0 nmethod 10805 0x000001f98801a590 code [0x000001f98801a720, 0x000001f98801a7e8]
Event: 15.663 Thread 0x000001f9919cb2e0 10809       3       java.util.concurrent.TimeUnit::toNanos (45 bytes)

GC Heap History (20 events):
Event: 7.609 GC heap before
{Heap before GC invocations=23 (full 0):
 garbage-first heap   total 176128K, used 153290K [0x0000000080000000, 0x0000000100000000)
  region size 1024K, 53 young (54272K), 5 survivors (5120K)
 Metaspace       used 74821K, committed 76608K, reserved 1114112K
  class space    used 10533K, committed 11392K, reserved 1048576K
}
Event: 7.611 GC heap after
{Heap after GC invocations=24 (full 0):
 garbage-first heap   total 176128K, used 106352K [0x0000000080000000, 0x0000000100000000)
  region size 1024K, 5 young (5120K), 5 survivors (5120K)
 Metaspace       used 74821K, committed 76608K, reserved 1114112K
  class space    used 10533K, committed 11392K, reserved 1048576K
}
Event: 7.831 GC heap before
{Heap before GC invocations=24 (full 0):
 garbage-first heap   total 176128K, used 159600K [0x0000000080000000, 0x0000000100000000)
  region size 1024K, 57 young (58368K), 5 survivors (5120K)
 Metaspace       used 74928K, committed 76736K, reserved 1114112K
  class space    used 10550K, committed 11392K, reserved 1048576K
}
Event: 7.833 GC heap after
{Heap after GC invocations=25 (full 0):
 garbage-first heap   total 176128K, used 106388K [0x0000000080000000, 0x0000000100000000)
  region size 1024K, 5 young (5120K), 5 survivors (5120K)
 Metaspace       used 74928K, committed 76736K, reserved 1114112K
  class space    used 10550K, committed 11392K, reserved 1048576K
}
Event: 7.862 GC heap before
{Heap before GC invocations=25 (full 0):
 garbage-first heap   total 176128K, used 108436K [0x0000000080000000, 0x0000000100000000)
  region size 1024K, 8 young (8192K), 5 survivors (5120K)
 Metaspace       used 74957K, committed 76736K, reserved 1114112K
  class space    used 10553K, committed 11392K, reserved 1048576K
}
Event: 7.864 GC heap after
{Heap after GC invocations=26 (full 0):
 garbage-first heap   total 176128K, used 106952K [0x0000000080000000, 0x0000000100000000)
  region size 1024K, 5 young (5120K), 5 survivors (5120K)
 Metaspace       used 74957K, committed 76736K, reserved 1114112K
  class space    used 10553K, committed 11392K, reserved 1048576K
}
Event: 8.731 GC heap before
{Heap before GC invocations=27 (full 0):
 garbage-first heap   total 181248K, used 166344K [0x0000000080000000, 0x0000000100000000)
  region size 1024K, 57 young (58368K), 5 survivors (5120K)
 Metaspace       used 78541K, committed 80320K, reserved 1179648K
  class space    used 11009K, committed 11904K, reserved 1048576K
}
Event: 8.735 GC heap after
{Heap after GC invocations=28 (full 0):
 garbage-first heap   total 181248K, used 119354K [0x0000000080000000, 0x0000000100000000)
  region size 1024K, 8 young (8192K), 8 survivors (8192K)
 Metaspace       used 78541K, committed 80320K, reserved 1179648K
  class space    used 11009K, committed 11904K, reserved 1048576K
}
Event: 9.121 GC heap before
{Heap before GC invocations=28 (full 0):
 garbage-first heap   total 181248K, used 162362K [0x0000000080000000, 0x0000000100000000)
  region size 1024K, 50 young (51200K), 8 survivors (8192K)
 Metaspace       used 83104K, committed 84992K, reserved 1179648K
  class space    used 11636K, committed 12544K, reserved 1048576K
}
Event: 9.124 GC heap after
{Heap after GC invocations=29 (full 0):
 garbage-first heap   total 181248K, used 120433K [0x0000000080000000, 0x0000000100000000)
  region size 1024K, 2 young (2048K), 2 survivors (2048K)
 Metaspace       used 83104K, committed 84992K, reserved 1179648K
  class space    used 11636K, committed 12544K, reserved 1048576K
}
Event: 9.302 GC heap before
{Heap before GC invocations=29 (full 0):
 garbage-first heap   total 181248K, used 127601K [0x0000000080000000, 0x0000000100000000)
  region size 1024K, 10 young (10240K), 2 survivors (2048K)
 Metaspace       used 84539K, committed 86464K, reserved 1179648K
  class space    used 11803K, committed 12736K, reserved 1048576K
}
Event: 9.304 GC heap after
{Heap after GC invocations=30 (full 0):
 garbage-first heap   total 181248K, used 121744K [0x0000000080000000, 0x0000000100000000)
  region size 1024K, 3 young (3072K), 3 survivors (3072K)
 Metaspace       used 84539K, committed 86464K, reserved 1179648K
  class space    used 11803K, committed 12736K, reserved 1048576K
}
Event: 10.170 GC heap before
{Heap before GC invocations=31 (full 0):
 garbage-first heap   total 203776K, used 171920K [0x0000000080000000, 0x0000000100000000)
  region size 1024K, 47 young (48128K), 3 survivors (3072K)
 Metaspace       used 86966K, committed 88832K, reserved 1179648K
  class space    used 12151K, committed 13056K, reserved 1048576K
}
Event: 10.176 GC heap after
{Heap after GC invocations=32 (full 0):
 garbage-first heap   total 203776K, used 126507K [0x0000000080000000, 0x0000000100000000)
  region size 1024K, 6 young (6144K), 6 survivors (6144K)
 Metaspace       used 86966K, committed 88832K, reserved 1179648K
  class space    used 12151K, committed 13056K, reserved 1048576K
}
Event: 11.967 GC heap before
{Heap before GC invocations=32 (full 0):
 garbage-first heap   total 203776K, used 181803K [0x0000000080000000, 0x0000000100000000)
  region size 1024K, 60 young (61440K), 6 survivors (6144K)
 Metaspace       used 90084K, committed 92032K, reserved 1179648K
  class space    used 12551K, committed 13504K, reserved 1048576K
}
Event: 11.979 GC heap after
{Heap after GC invocations=33 (full 0):
 garbage-first heap   total 203776K, used 131534K [0x0000000080000000, 0x0000000100000000)
  region size 1024K, 8 young (8192K), 8 survivors (8192K)
 Metaspace       used 90084K, committed 92032K, reserved 1179648K
  class space    used 12551K, committed 13504K, reserved 1048576K
}
Event: 12.717 GC heap before
{Heap before GC invocations=33 (full 0):
 garbage-first heap   total 203776K, used 167374K [0x0000000080000000, 0x0000000100000000)
  region size 1024K, 44 young (45056K), 8 survivors (8192K)
 Metaspace       used 92840K, committed 94848K, reserved 1179648K
  class space    used 12940K, committed 13952K, reserved 1048576K
}
Event: 12.725 GC heap after
{Heap after GC invocations=34 (full 0):
 garbage-first heap   total 203776K, used 133881K [0x0000000080000000, 0x0000000100000000)
  region size 1024K, 3 young (3072K), 3 survivors (3072K)
 Metaspace       used 92840K, committed 94848K, reserved 1179648K
  class space    used 12940K, committed 13952K, reserved 1048576K
}
Event: 13.817 GC heap before
{Heap before GC invocations=35 (full 0):
 garbage-first heap   total 227328K, used 187129K [0x0000000080000000, 0x0000000100000000)
  region size 1024K, 54 young (55296K), 3 survivors (3072K)
 Metaspace       used 96897K, committed 98944K, reserved 1179648K
  class space    used 13671K, committed 14720K, reserved 1048576K
}
Event: 13.821 GC heap after
{Heap after GC invocations=36 (full 0):
 garbage-first heap   total 227328K, used 134609K [0x0000000080000000, 0x0000000100000000)
  region size 1024K, 4 young (4096K), 4 survivors (4096K)
 Metaspace       used 96897K, committed 98944K, reserved 1179648K
  class space    used 13671K, committed 14720K, reserved 1048576K
}

Dll operation events (3 events):
Event: 0.010 Loaded shared library C:\Program Files\Android\Android Studio\jbr\bin\java.dll
Event: 0.017 Loaded shared library C:\Program Files\Android\Android Studio\jbr\bin\zip.dll
Event: 0.682 Loaded shared library C:\Program Files\Android\Android Studio\jbr\bin\verify.dll

Deoptimization events (20 events):
Event: 15.005 Thread 0x000001f997c56a10 Uncommon trap: trap_request=0xffffff45 fr.pc=0x000001f987b9dc30 relative=0x0000000000000090
Event: 15.005 Thread 0x000001f997c56a10 Uncommon trap: reason=unstable_if action=reinterpret pc=0x000001f987b9dc30 method=java.util.concurrent.TimeUnit.toNanos(J)J @ 22 c2
Event: 15.005 Thread 0x000001f997c56a10 DEOPT PACKING pc=0x000001f987b9dc30 sp=0x000000cee81fc4b0
Event: 15.005 Thread 0x000001f997c56a10 DEOPT UNPACKING pc=0x000001f9875846a2 sp=0x000000cee81fc420 mode 2
Event: 15.010 Thread 0x000001f997c56a10 Uncommon trap: trap_request=0xffffffc6 fr.pc=0x000001f987e038d0 relative=0x0000000000000df0
Event: 15.010 Thread 0x000001f997c56a10 Uncommon trap: reason=bimorphic_or_optimized_type_check action=maybe_recompile pc=0x000001f987e038d0 method=com.google.common.cache.LocalCache$Segment.get(Ljava/lang/Object;I)Ljava/lang/Object; @ 44 c2
Event: 15.010 Thread 0x000001f997c56a10 DEOPT PACKING pc=0x000001f987e038d0 sp=0x000000cee81fc0e0
Event: 15.010 Thread 0x000001f997c56a10 DEOPT UNPACKING pc=0x000001f9875846a2 sp=0x000000cee81fc020 mode 2
Event: 15.091 Thread 0x000001f997c56a10 Uncommon trap: trap_request=0xffffff76 fr.pc=0x000001f987ff8fec relative=0x0000000000000c0c
Event: 15.091 Thread 0x000001f997c56a10 Uncommon trap: reason=predicate action=maybe_recompile pc=0x000001f987ff8fec method=com.google.common.collect.RegularImmutableMap.fromEntryArrayCheckingBucketOverflow(I[Ljava/util/Map$Entry;Z)Lcom/google/common/collect/ImmutableMap; @ 50 c2
Event: 15.091 Thread 0x000001f997c56a10 DEOPT PACKING pc=0x000001f987ff8fec sp=0x000000cee81f8f60
Event: 15.091 Thread 0x000001f997c56a10 DEOPT UNPACKING pc=0x000001f9875846a2 sp=0x000000cee81f8f08 mode 2
Event: 15.103 Thread 0x000001f997c56a10 Uncommon trap: trap_request=0xffffff45 fr.pc=0x000001f987d2f2b4 relative=0x0000000000000094
Event: 15.103 Thread 0x000001f997c56a10 Uncommon trap: reason=unstable_if action=reinterpret pc=0x000001f987d2f2b4 method=java.util.HashMap$HashMapSpliterator.getFence()I @ 37 c2
Event: 15.103 Thread 0x000001f997c56a10 DEOPT PACKING pc=0x000001f987d2f2b4 sp=0x000000cee81f9940
Event: 15.103 Thread 0x000001f997c56a10 DEOPT UNPACKING pc=0x000001f9875846a2 sp=0x000000cee81f98b8 mode 2
Event: 15.151 Thread 0x000001f997c56a10 Uncommon trap: trap_request=0xffffff45 fr.pc=0x000001f987e49038 relative=0x0000000000001298
Event: 15.151 Thread 0x000001f997c56a10 Uncommon trap: reason=unstable_if action=reinterpret pc=0x000001f987e49038 method=org.gradle.internal.event.DefaultListenerManager$EventBroadcast.maybeInitialize()V @ 4 c2
Event: 15.151 Thread 0x000001f997c56a10 DEOPT PACKING pc=0x000001f987e49038 sp=0x000000cee81faec0
Event: 15.151 Thread 0x000001f997c56a10 DEOPT UNPACKING pc=0x000001f9875846a2 sp=0x000000cee81face0 mode 2

Classes loaded (20 events):
Event: 14.714 Loading class java/lang/AbstractMethodError
Event: 14.715 Loading class java/lang/AbstractMethodError done
Event: 14.741 Loading class java/io/NotSerializableException
Event: 14.741 Loading class java/io/NotSerializableException done
Event: 14.960 Loading class java/util/TreeMap$AscendingSubMap
Event: 14.960 Loading class java/util/TreeMap$NavigableSubMap
Event: 14.961 Loading class java/util/TreeMap$NavigableSubMap done
Event: 14.961 Loading class java/util/TreeMap$AscendingSubMap done
Event: 14.961 Loading class java/util/TreeMap$NavigableSubMap$SubMapKeyIterator
Event: 14.961 Loading class java/util/TreeMap$NavigableSubMap$SubMapIterator
Event: 14.962 Loading class java/util/TreeMap$NavigableSubMap$SubMapIterator done
Event: 14.962 Loading class java/util/TreeMap$NavigableSubMap$SubMapKeyIterator done
Event: 15.102 Loading class java/util/stream/ReduceOps$5
Event: 15.103 Loading class java/util/stream/ReduceOps$5 done
Event: 15.103 Loading class java/util/stream/ReduceOps$CountingSink$OfRef
Event: 15.103 Loading class java/util/stream/ReduceOps$CountingSink
Event: 15.103 Loading class java/util/stream/ReduceOps$CountingSink done
Event: 15.103 Loading class java/util/stream/ReduceOps$CountingSink$OfRef done
Event: 15.128 Loading class java/util/IdentityHashMap$KeyIterator
Event: 15.128 Loading class java/util/IdentityHashMap$KeyIterator done

Classes unloaded (0 events):
No events

Classes redefined (0 events):
No events

Internal exceptions (20 events):
Event: 14.529 Thread 0x000001f997c56a10 Exception <a 'java/lang/ClassNotFoundException'{0x000000008be89f08}: com/android/build/gradle/internal/api/ApkVariantOutputImpl_DecoratedBeanInfo> (0x000000008be89f08) 
thrown [s\src\hotspot\share\classfile\systemDictionary.cpp, line 312]
Event: 14.530 Thread 0x000001f997c56a10 Exception <a 'java/lang/ClassNotFoundException'{0x000000008be99a80}: com/android/build/gradle/internal/api/ApkVariantOutputImplBeanInfo> (0x000000008be99a80) 
thrown [s\src\hotspot\share\classfile\systemDictionary.cpp, line 312]
Event: 14.532 Thread 0x000001f997c56a10 Exception <a 'java/lang/ClassNotFoundException'{0x000000008bea9620}: com/android/build/gradle/internal/api/BaseVariantOutputImplBeanInfo> (0x000000008bea9620) 
thrown [s\src\hotspot\share\classfile\systemDictionary.cpp, line 312]
Event: 14.533 Thread 0x000001f997c56a10 Exception <a 'java/lang/ClassNotFoundException'{0x000000008beb9198}: com/android/build/gradle/internal/api/BaseVariantOutputImplCustomizer> (0x000000008beb9198) 
thrown [s\src\hotspot\share\classfile\systemDictionary.cpp, line 312]
Event: 14.539 Thread 0x000001f997c56a10 Exception <a 'java/lang/ClassNotFoundException'{0x000000008bedbfd0}: com/android/build/gradle/internal/api/ApkVariantOutputImplCustomizer> (0x000000008bedbfd0) 
thrown [s\src\hotspot\share\classfile\systemDictionary.cpp, line 312]
Event: 14.541 Thread 0x000001f997c56a10 Exception <a 'java/lang/ClassNotFoundException'{0x000000008befa428}: com/android/build/gradle/internal/api/ApkVariantOutputImpl_DecoratedCustomizer> (0x000000008befa428) 
thrown [s\src\hotspot\share\classfile\systemDictionary.cpp, line 312]
Event: 14.559 Thread 0x000001f997c56a10 Exception <a 'java/lang/NoClassDefFoundError'{0x000000008bc16890}: org/jetbrains/kotlin/gradle/plugin/KotlinBasePluginWrapper> (0x000000008bc16890) 
thrown [s\src\hotspot\share\oops\constantPool.cpp, line 874]
Event: 14.722 Thread 0x000001f997c57730 Exception <a 'java/lang/NoSuchMethodError'{0x000000008b689230}: static Lorg/gradle/internal/build/event/types/DefaultOperationFinishedProgressEvent;.<clinit>()V> (0x000000008b689230) 
thrown [s\src\hotspot\share\prims\jni.cpp, line 1144]
Event: 14.724 Thread 0x000001f997c57730 Exception <a 'java/lang/NoSuchMethodError'{0x000000008b6a7a58}: static Lorg/gradle/internal/build/event/types/DefaultSuccessResult;.<clinit>()V> (0x000000008b6a7a58) 
thrown [s\src\hotspot\share\prims\jni.cpp, line 1144]
Event: 14.724 Thread 0x000001f997c57730 Exception <a 'java/lang/NoSuchMethodError'{0x000000008b6a8be0}: static Lorg/gradle/internal/build/event/types/AbstractOperationResult;.<clinit>()V> (0x000000008b6a8be0) 
thrown [s\src\hotspot\share\prims\jni.cpp, line 1144]
Event: 14.725 Thread 0x000001f997c57730 Exception <a 'java/lang/NoSuchMethodError'{0x000000008b6a9db8}: static Lorg/gradle/internal/build/event/types/AbstractResult;.<clinit>()V> (0x000000008b6a9db8) 
thrown [s\src\hotspot\share\prims\jni.cpp, line 1144]
Event: 14.956 Thread 0x000001f99bc070f0 Implicit null exception at 0x000001f987ea5e8b to 0x000001f987ea5f50
Event: 14.956 Thread 0x000001f99bc070f0 Implicit null exception at 0x000001f987d4b60e to 0x000001f987d4bda4
Event: 14.962 Thread 0x000001f997c56a10 Exception <a 'java/lang/NoSuchMethodError'{0x000000008b0e3498}: 'void java.lang.invoke.DirectMethodHandle$Holder.invokeSpecial(java.lang.Object, java.lang.Object, java.lang.Object, java.lang.Object, java.lang.Object, java.lang.Object, java.lang.Object, java.lang.Object, java.lang.Object)'> (0x000000008b0e3498) 
thrown [s\src\hotspot\share\interpreter\linkResolver.cpp, line 784]
Event: 14.963 Thread 0x000001f997c56a10 Implicit null exception at 0x000001f987f3fa42 to 0x000001f987f40420
Event: 15.016 Thread 0x000001f997c57730 Exception <a 'java/lang/NoSuchMethodError'{0x000000008ad08768}: static Lorg/gradle/tooling/internal/provider/PhasedBuildActionResult;.<clinit>()V> (0x000000008ad08768) 
thrown [s\src\hotspot\share\prims\jni.cpp, line 1144]
Event: 15.017 Thread 0x000001f997c57730 Exception <a 'java/lang/NoSuchMethodError'{0x000000008ad12470}: static Lorg/gradle/tooling/internal/provider/serialization/SerializedPayload;.<clinit>()V> (0x000000008ad12470) 
thrown [s\src\hotspot\share\prims\jni.cpp, line 1144]
Event: 15.018 Thread 0x000001f997c57730 Exception <a 'java/lang/NoSuchMethodError'{0x000000008ad16000}: static [B.<clinit>()V> (0x000000008ad16000) 
thrown [s\src\hotspot\share\prims\jni.cpp, line 1144]
Event: 15.103 Thread 0x000001f997c56a10 Implicit null exception at 0x000001f987d2f279 to 0x000001f987d2f2a4
Event: 15.182 Thread 0x000001f99bc084a0 Exception <a 'java/lang/NoSuchMethodError'{0x000000008a7b8748}: 'java.lang.Object java.lang.invoke.DirectMethodHandle$Holder.newInvokeSpecial(java.lang.Object, java.lang.Object, int, java.lang.Object, java.lang.Object)'> (0x000000008a7b8748) 
thrown [s\src\hotspot\share\interpreter\linkResolver.cpp, line 784]

ZGC Phase Switch (0 events):
No events

VM Operations (20 events):
Event: 10.973 Executing VM operation: ICBufferFull done
Event: 11.967 Executing VM operation: G1CollectForAllocation (G1 Evacuation Pause)
Event: 11.979 Executing VM operation: G1CollectForAllocation (G1 Evacuation Pause) done
Event: 12.105 Executing VM operation: HandshakeAllThreads (Deoptimize)
Event: 12.105 Executing VM operation: HandshakeAllThreads (Deoptimize) done
Event: 12.107 Executing VM operation: HandshakeAllThreads (Deoptimize)
Event: 12.108 Executing VM operation: HandshakeAllThreads (Deoptimize) done
Event: 12.717 Executing VM operation: G1TryInitiateConcMark (G1 Humongous Allocation)
Event: 12.725 Executing VM operation: G1TryInitiateConcMark (G1 Humongous Allocation) done
Event: 12.754 Executing VM operation: G1PauseRemark
Event: 12.759 Executing VM operation: G1PauseRemark done
Event: 12.774 Executing VM operation: G1PauseCleanup
Event: 12.774 Executing VM operation: G1PauseCleanup done
Event: 13.817 Executing VM operation: G1CollectForAllocation (G1 Evacuation Pause)
Event: 13.821 Executing VM operation: G1CollectForAllocation (G1 Evacuation Pause) done
Event: 14.822 Executing VM operation: Cleanup
Event: 14.824 Executing VM operation: Cleanup done
Event: 15.063 Executing VM operation: HandshakeAllThreads (Deoptimize)
Event: 15.063 Executing VM operation: HandshakeAllThreads (Deoptimize) done
Event: 16.063 Executing VM operation: Cleanup

Memory protections (0 events):
No events

Nmethod flushes (20 events):
Event: 12.758 Thread 0x000001f991941f80 flushing  nmethod 0x000001f980307810
Event: 12.758 Thread 0x000001f991941f80 flushing  nmethod 0x000001f980307d90
Event: 12.758 Thread 0x000001f991941f80 flushing  nmethod 0x000001f980308690
Event: 12.758 Thread 0x000001f991941f80 flushing  nmethod 0x000001f9803a6910
Event: 12.758 Thread 0x000001f991941f80 flushing  nmethod 0x000001f98045b510
Event: 12.758 Thread 0x000001f991941f80 flushing  nmethod 0x000001f9804d8990
Event: 12.758 Thread 0x000001f991941f80 flushing  nmethod 0x000001f9805f6010
Event: 12.758 Thread 0x000001f991941f80 flushing  nmethod 0x000001f98063fe10
Event: 12.758 Thread 0x000001f991941f80 flushing  nmethod 0x000001f980640990
Event: 12.758 Thread 0x000001f991941f80 flushing  nmethod 0x000001f9807c7590
Event: 12.758 Thread 0x000001f991941f80 flushing  nmethod 0x000001f98083ea10
Event: 12.758 Thread 0x000001f991941f80 flushing  nmethod 0x000001f98083f390
Event: 12.758 Thread 0x000001f991941f80 flushing  nmethod 0x000001f9808b3190
Event: 12.758 Thread 0x000001f991941f80 flushing  nmethod 0x000001f98099ad90
Event: 12.758 Thread 0x000001f991941f80 flushing  nmethod 0x000001f980d81c10
Event: 12.758 Thread 0x000001f991941f80 flushing  nmethod 0x000001f980d84b10
Event: 12.758 Thread 0x000001f991941f80 flushing  nmethod 0x000001f980965490
Event: 12.758 Thread 0x000001f991941f80 flushing  nmethod 0x000001f9809cfc90
Event: 12.758 Thread 0x000001f991941f80 flushing osr nmethod 0x000001f980b18d10
Event: 12.758 Thread 0x000001f991941f80 flushing  nmethod 0x000001f980b96a10

Events (20 events):
Event: 7.291 Thread 0x000001f997c56a10 Thread added: 0x000001f998181210
Event: 7.291 Thread 0x000001f997c56a10 Thread added: 0x000001f998536850
Event: 7.291 Thread 0x000001f997c56a10 Thread added: 0x000001f998536ee0
Event: 8.020 Thread 0x000001f9970fe660 Thread exited: 0x000001f9970fe660
Event: 9.064 Thread 0x000001f997c56a10 Thread added: 0x000001f998534e10
Event: 9.155 Thread 0x000001f9919cb2e0 Thread added: 0x000001f99c0e2cf0
Event: 9.642 Thread 0x000001f99c0e2cf0 Thread exited: 0x000001f99c0e2cf0
Event: 10.657 Thread 0x000001f9919cb2e0 Thread added: 0x000001f99b3793e0
Event: 10.764 Thread 0x000001f99b3793e0 Thread exited: 0x000001f99b3793e0
Event: 11.892 Thread 0x000001f9919c70e0 Thread added: 0x000001f99c0e2cf0
Event: 12.063 Thread 0x000001f99c0e2cf0 Thread exited: 0x000001f99c0e2cf0
Event: 12.809 Thread 0x000001f9919cb2e0 Thread added: 0x000001f998e2b380
Event: 13.276 Thread 0x000001f998e2b380 Thread exited: 0x000001f998e2b380
Event: 13.599 Thread 0x000001f9919c70e0 Thread added: 0x000001f99a4763d0
Event: 14.669 Thread 0x000001f99a4763d0 Thread exited: 0x000001f99a4763d0
Event: 14.956 Thread 0x000001f997c56a10 Thread added: 0x000001f99bc070f0
Event: 15.006 Thread 0x000001f99bc070f0 Thread exited: 0x000001f99bc070f0
Event: 15.174 Thread 0x000001f997c56a10 Thread added: 0x000001f99bc084a0
Event: 15.184 Thread 0x000001f99bc084a0 Thread added: 0x000001f99bc08b30
Event: 16.195 Thread 0x000001f99bc084a0 Thread added: 0x000001f99bc05d40


Dynamic libraries:
0x00007ff72a850000 - 0x00007ff72a85a000 	C:\Program Files\Android\Android Studio\jbr\bin\java.exe
0x00007ffd9e120000 - 0x00007ffd9e387000 	C:\WINDOWS\SYSTEM32\ntdll.dll
0x00007ffd9c760000 - 0x00007ffd9c829000 	C:\WINDOWS\System32\KERNEL32.DLL
0x00007ffd9baa0000 - 0x00007ffd9be97000 	C:\WINDOWS\System32\KERNELBASE.dll
0x00007ffd9ab80000 - 0x00007ffd9accb000 	C:\WINDOWS\System32\ucrtbase.dll
0x00007ffd87cd0000 - 0x00007ffd87ce8000 	C:\Program Files\Android\Android Studio\jbr\bin\jli.dll
0x00007ffd93c00000 - 0x00007ffd93c1b000 	C:\Program Files\Android\Android Studio\jbr\bin\VCRUNTIME140.dll
0x00007ffd9bf20000 - 0x00007ffd9c0e6000 	C:\WINDOWS\System32\USER32.dll
0x00007ffd9ab50000 - 0x00007ffd9ab77000 	C:\WINDOWS\System32\win32u.dll
0x00007ffd9c980000 - 0x00007ffd9c9ab000 	C:\WINDOWS\System32\GDI32.dll
0x00007ffd9b970000 - 0x00007ffd9ba9c000 	C:\WINDOWS\System32\gdi32full.dll
0x00007ffd9b690000 - 0x00007ffd9b733000 	C:\WINDOWS\System32\msvcp_win.dll
0x00007ffd6b0a0000 - 0x00007ffd6b332000 	C:\WINDOWS\WinSxS\amd64_microsoft.windows.common-controls_6595b64144ccf1df_6.0.26100.8457_none_3e0b2faee331e92d\COMCTL32.dll
0x00007ffd9d860000 - 0x00007ffd9d909000 	C:\WINDOWS\System32\msvcrt.dll
0x00007ffd9c3c0000 - 0x00007ffd9c3f2000 	C:\WINDOWS\System32\IMM32.DLL
0x00007ffd94740000 - 0x00007ffd9474c000 	C:\Program Files\Android\Android Studio\jbr\bin\vcruntime140_1.dll
0x00007ffd87c40000 - 0x00007ffd87ccd000 	C:\Program Files\Android\Android Studio\jbr\bin\msvcp140.dll
0x00007ffce9750000 - 0x00007ffcea3e6000 	C:\Program Files\Android\Android Studio\jbr\bin\server\jvm.dll
0x00007ffd9c8c0000 - 0x00007ffd9c976000 	C:\WINDOWS\System32\ADVAPI32.dll
0x00007ffd9e030000 - 0x00007ffd9e0d7000 	C:\WINDOWS\System32\sechost.dll
0x00007ffd9c500000 - 0x00007ffd9c618000 	C:\WINDOWS\System32\RPCRT4.dll
0x00007ffd9c830000 - 0x00007ffd9c8b0000 	C:\WINDOWS\System32\WS2_32.dll
0x00007ffd99770000 - 0x00007ffd997ce000 	C:\WINDOWS\SYSTEM32\POWRPROF.dll
0x00007ffd86050000 - 0x00007ffd8605b000 	C:\WINDOWS\SYSTEM32\VERSION.dll
0x00007ffd956c0000 - 0x00007ffd956f6000 	C:\WINDOWS\SYSTEM32\WINMM.dll
0x00007ffd99750000 - 0x00007ffd99764000 	C:\WINDOWS\SYSTEM32\UMPDC.dll
0x00007ffd99a00000 - 0x00007ffd99a1b000 	C:\WINDOWS\SYSTEM32\kernel.appcore.dll
0x00007ffd93bf0000 - 0x00007ffd93bfa000 	C:\Program Files\Android\Android Studio\jbr\bin\jimage.dll
0x00007ffd98b10000 - 0x00007ffd98d52000 	C:\WINDOWS\SYSTEM32\DBGHELP.DLL
0x00007ffd9d910000 - 0x00007ffd9dc93000 	C:\WINDOWS\System32\combase.dll
0x00007ffd9c680000 - 0x00007ffd9c759000 	C:\WINDOWS\System32\OLEAUT32.dll
0x00007ffd50680000 - 0x00007ffd506bb000 	C:\WINDOWS\SYSTEM32\dbgcore.DLL
0x00007ffd9b8c0000 - 0x00007ffd9b968000 	C:\WINDOWS\System32\bcryptPrimitives.dll
0x00007ffd951d0000 - 0x00007ffd951de000 	C:\Program Files\Android\Android Studio\jbr\bin\instrument.dll
0x00007ffd88cd0000 - 0x00007ffd88cf0000 	C:\Program Files\Android\Android Studio\jbr\bin\java.dll
0x00007ffd88cb0000 - 0x00007ffd88cc8000 	C:\Program Files\Android\Android Studio\jbr\bin\zip.dll
0x00007ffd9d070000 - 0x00007ffd9d7de000 	C:\WINDOWS\System32\SHELL32.dll
0x00007ffd9acd0000 - 0x00007ffd9b53c000 	C:\WINDOWS\System32\windows.storage.dll
0x00007ffd9df30000 - 0x00007ffd9e026000 	C:\WINDOWS\System32\SHCORE.dll
0x00007ffd9d7f0000 - 0x00007ffd9d856000 	C:\WINDOWS\System32\shlwapi.dll
0x00007ffd9aa70000 - 0x00007ffd9aa99000 	C:\WINDOWS\SYSTEM32\profapi.dll
0x00007ffd93b30000 - 0x00007ffd93b40000 	C:\Program Files\Android\Android Studio\jbr\bin\net.dll
0x00007ffd90500000 - 0x00007ffd90629000 	C:\WINDOWS\SYSTEM32\WINHTTP.dll
0x00007ffd99f70000 - 0x00007ffd99fdc000 	C:\WINDOWS\system32\mswsock.dll
0x00007ffd88c90000 - 0x00007ffd88ca6000 	C:\Program Files\Android\Android Studio\jbr\bin\nio.dll
0x00007ffd7a900000 - 0x00007ffd7a910000 	C:\Program Files\Android\Android Studio\jbr\bin\verify.dll
0x00007ffd4a730000 - 0x00007ffd4a757000 	C:\Users\loq\.gradle\native\1def1411415f61bf3af743bc5b6707747c0891f09f0c88961ee8f79bc544acac\windows-amd64\native-platform.dll
0x00007ffd4a7a0000 - 0x00007ffd4a818000 	C:\Users\loq\.gradle\native\0.2.7\x86_64-windows-gnu\gradle-fileevents.dll
0x00007ffd86230000 - 0x00007ffd86239000 	C:\Program Files\Android\Android Studio\jbr\bin\management.dll
0x00007ffd82640000 - 0x00007ffd8264b000 	C:\Program Files\Android\Android Studio\jbr\bin\management_ext.dll
0x00007ffd9cb50000 - 0x00007ffd9cb58000 	C:\WINDOWS\System32\PSAPI.DLL
0x00007ffd99380000 - 0x00007ffd993b2000 	C:\WINDOWS\SYSTEM32\IPHLPAPI.DLL
0x00007ffd9c3b0000 - 0x00007ffd9c3ba000 	C:\WINDOWS\System32\NSI.dll
0x00007ffd87e80000 - 0x00007ffd87e89000 	C:\Program Files\Android\Android Studio\jbr\bin\extnet.dll
0x00007ffd9a250000 - 0x00007ffd9a26b000 	C:\WINDOWS\SYSTEM32\CRYPTSP.dll
0x00007ffd99960000 - 0x00007ffd99999000 	C:\WINDOWS\system32\rsaenh.dll
0x00007ffd9a020000 - 0x00007ffd9a053000 	C:\WINDOWS\SYSTEM32\USERENV.dll
0x00007ffd9aa40000 - 0x00007ffd9aa6a000 	C:\WINDOWS\SYSTEM32\bcrypt.dll
0x00007ffd9a270000 - 0x00007ffd9a27c000 	C:\WINDOWS\SYSTEM32\CRYPTBASE.dll
0x00007ffd58200000 - 0x00007ffd58208000 	C:\WINDOWS\system32\wshunix.dll

JVMTI agents:
C:\Users\loq\.gradle\wrapper\dists\gradle-8.13-bin\5xuhj0ry160q40clulazy9h7d\gradle-8.13\lib\agents\gradle-instrumentation-agent-8.13.jar path:C:\Program Files\Android\Android Studio\jbr\bin\instrument.dll, loaded, initialized, instrumentlib options:none

dbghelp: loaded successfully - version: 4.0.5 - missing functions: none
symbol engine: initialized successfully - sym options: 0x614 - pdb path: .;C:\Program Files\Android\Android Studio\jbr\bin;C:\WINDOWS\SYSTEM32;C:\WINDOWS\WinSxS\amd64_microsoft.windows.common-controls_6595b64144ccf1df_6.0.26100.8457_none_3e0b2faee331e92d;C:\Program Files\Android\Android Studio\jbr\bin\server;C:\Users\loq\.gradle\native\1def1411415f61bf3af743bc5b6707747c0891f09f0c88961ee8f79bc544acac\windows-amd64;C:\Users\loq\.gradle\native\0.2.7\x86_64-windows-gnu

VM Arguments:
jvm_args: --add-opens=java.base/java.lang=ALL-UNNAMED --add-opens=java.base/java.lang.invoke=ALL-UNNAMED --add-opens=java.base/java.util=ALL-UNNAMED --add-opens=java.prefs/java.util.prefs=ALL-UNNAMED --add-exports=jdk.compiler/com.sun.tools.javac.api=ALL-UNNAMED --add-exports=jdk.compiler/com.sun.tools.javac.util=ALL-UNNAMED --add-opens=java.base/java.util=ALL-UNNAMED --add-opens=java.prefs/java.util.prefs=ALL-UNNAMED --add-opens=java.base/java.nio.charset=ALL-UNNAMED --add-opens=java.base/java.net=ALL-UNNAMED --add-opens=java.base/java.util.concurrent.atomic=ALL-UNNAMED --add-opens=java.xml/javax.xml.namespace=ALL-UNNAMED -Xmx2048m -Dfile.encoding=UTF-8 -Duser.country=US -Duser.language=en -Duser.variant -javaagent:C:\Users\loq\.gradle\wrapper\dists\gradle-8.13-bin\5xuhj0ry160q40clulazy9h7d\gradle-8.13\lib\agents\gradle-instrumentation-agent-8.13.jar 
java_command: org.gradle.launcher.daemon.bootstrap.GradleDaemon 8.13
java_class_path (initial): C:\Users\loq\.gradle\wrapper\dists\gradle-8.13-bin\5xuhj0ry160q40clulazy9h7d\gradle-8.13\lib\gradle-daemon-main-8.13.jar
Launcher Type: SUN_STANDARD

[Global flags]
     intx CICompilerCount                          = 4                                         {product} {ergonomic}
     uint ConcGCThreads                            = 3                                         {product} {ergonomic}
     uint G1ConcRefinementThreads                  = 10                                        {product} {ergonomic}
   size_t G1HeapRegionSize                         = 1048576                                   {product} {ergonomic}
    uintx GCDrainStackTargetSize                   = 64                                        {product} {ergonomic}
   size_t InitialHeapSize                          = 264241152                                 {product} {ergonomic}
   size_t MarkStackSize                            = 4194304                                   {product} {ergonomic}
   size_t MaxHeapSize                              = 2147483648                                {product} {command line}
   size_t MaxNewSize                               = 1287651328                                {product} {ergonomic}
   size_t MinHeapDeltaBytes                        = 1048576                                   {product} {ergonomic}
   size_t MinHeapSize                              = 8388608                                   {product} {ergonomic}
    uintx NonNMethodCodeHeapSize                   = 5839372                                {pd product} {ergonomic}
    uintx NonProfiledCodeHeapSize                  = 122909434                              {pd product} {ergonomic}
    uintx ProfiledCodeHeapSize                     = 122909434                              {pd product} {ergonomic}
    uintx ReservedCodeCacheSize                    = 251658240                              {pd product} {ergonomic}
     bool SegmentedCodeCache                       = true                                      {product} {ergonomic}
   size_t SoftMaxHeapSize                          = 2147483648                             {manageable} {ergonomic}
     bool UseCompressedOops                        = true                           {product lp64_product} {ergonomic}
     bool UseG1GC                                  = true                                      {product} {ergonomic}
     bool UseLargePagesIndividualAllocation        = false                                  {pd product} {ergonomic}

Logging:
Log output configuration:
 #0: stdout all=warning uptime,level,tags foldmultilines=false
 #1: stderr all=off uptime,level,tags foldmultilines=false

Environment Variables:
PATH=C:\Program Files (x86)\Common Files\Oracle\Java\java8path;C:\Program Files (x86)\Common Files\Oracle\Java\javapath;C:\Windows\system32;C:\Windows;C:\Windows\System32\Wbem;C:\Windows\System32\WindowsPowerShell\v1.0\;C:\Windows\System32\OpenSSH\;C:\Program Files\dotnet\;C:\Program Files (x86)\NVIDIA Corporation\PhysX\Common;C:\WINDOWS\system32;C:\WINDOWS;C:\WINDOWS\System32\Wbem;C:\WINDOWS\System32\WindowsPowerShell\v1.0\;C:\WINDOWS\System32\OpenSSH\;C:\Program Files\NVIDIA Corporation\NVIDIA App\NvDLISR;C:\Users\loq\AppData\Local\Android\Sdk\platform-tools;C:\Program Files\Cloudflare\Cloudflare WARP\;C:\Users\loq\AppData\Local\Android\Sdk\emulator;C:\Program Files\Git\cmd;C:\Program Files\PuTTY\;C:\Users\loq\AppData\Local\Programs\Python\Python314\Scripts\;C:\Users\loq\AppData\Local\Programs\Python\Python314\;C:\Users\loq\AppData\Local\Microsoft\WindowsApps;C:\Users\loq\AppData\Local\Programs\Microsoft VS Code\bin;C:\Users\loq\AppData\Local\Python\bin;C:\Users\loq\AppData\Local\PowerToys\DSCModules\
USERNAME=loq
OS=Windows_NT
PROCESSOR_IDENTIFIER=Intel64 Family 6 Model 151 Stepping 2, GenuineIntel
TMP=C:\Users\loq\AppData\Local\Temp
TEMP=C:\Users\loq\AppData\Local\Temp




Periodic native trim disabled

JNI global refs:
JNI global refs: 27, weak refs: 0

JNI global refs memory usage: 835, weak refs: 833

Process memory usage:
Resident Set Size: 411032K (2% of 16478072K total physical memory with 608292K free physical memory)

OOME stack traces (most recent first):
Classloader memory used:
Loader org.gradle.internal.classloader.VisitableURLClassLoader                         : 41454K
Loader bootstrap                                                                       : 26517K
Loader org.gradle.internal.classloader.VisitableURLClassLoader$InstrumentingVisitableURLClassLoader: 19594K
Loader org.gradle.initialization.MixInLegacyTypesClassLoader                           : 12105K
Loader org.gradle.internal.classloader.VisitableURLClassLoader                         : 1740K
Loader jdk.internal.loader.ClassLoaders$PlatformClassLoader                            : 509K
Loader jdk.internal.reflect.DelegatingClassLoader                                      : 391K
Loader jdk.internal.loader.ClassLoaders$AppClassLoader                                 : 235K
Loader org.gradle.groovy.scripts.internal.DefaultScriptCompilationHandler$ScriptClassLoader: 91696B
Loader org.codehaus.groovy.runtime.callsite.CallSiteClassLoader                        : 49048B

Classes loaded by more than one classloader:
Class Program                                                                         : loaded 5 times (x 72B)
Class org.gradle.api.Action                                                           : loaded 3 times (x 70B)
Class org.gradle.internal.Cast                                                        : loaded 3 times (x 71B)
Class Build_gradle$1                                                                  : loaded 3 times (x 74B)
Class org.gradle.internal.IoActions                                                   : loaded 3 times (x 71B)
Class org.gradle.api.UncheckedIOException                                             : loaded 3 times (x 82B)
Class org.gradle.api.GradleException                                                  : loaded 3 times (x 82B)
Class Build_gradle                                                                    : loaded 3 times (x 130B)
Class org.gradle.internal.classloader.ClassLoaderHierarchy                            : loaded 2 times (x 70B)
Class com.google.common.collect.ImmutableEnumSet                                      : loaded 2 times (x 146B)
Class com.google.common.util.concurrent.ExecutionError                                : loaded 2 times (x 82B)
Class com.google.common.collect.ImmutableList$1                                       : loaded 2 times (x 97B)
Class org.jetbrains.plugins.gradle.tooling.util.IntObjectMap$ObjectFactory            : loaded 2 times (x 70B)
Class org.gradle.api.internal.classpath.ManifestUtil                                  : loaded 2 times (x 71B)
Class com.google.common.collect.RegularImmutableMap                                   : loaded 2 times (x 121B)
Class com.google.common.collect.ImmutableMap$MapViewOfValuesAsSingletonSets           : loaded 2 times (x 126B)
Class org.jetbrains.plugins.gradle.model.AnnotationProcessingModel                    : loaded 2 times (x 70B)
Class org.jetbrains.plugins.gradle.model.GradleExtensions                             : loaded 2 times (x 70B)
Class org.gradle.tooling.internal.adapter.TargetTypeProvider                          : loaded 2 times (x 70B)
Class [Lorg.objectweb.asm.Symbol;                                                     : loaded 2 times (x 69B)
Class org.objectweb.asm.ClassVisitor                                                  : loaded 2 times (x 88B)
Class com.google.common.collect.UnmodifiableListIterator                              : loaded 2 times (x 95B)
Class org.gradle.internal.operations.MultipleBuildOperationFailures                   : loaded 2 times (x 95B)
Class com.google.common.base.Platform$JdkPatternCompiler                              : loaded 2 times (x 75B)
Class org.objectweb.asm.MethodTooLargeException                                       : loaded 2 times (x 83B)
Class [Lcom.google.common.cache.CacheBuilder$OneWeigher;                              : loaded 2 times (x 69B)
Class com.google.common.base.Suppliers                                                : loaded 2 times (x 71B)
Class com.intellij.util.containers.IntObjectHashMap$ArrayProducer                     : loaded 2 times (x 70B)
Class org.gradle.internal.classloader.DefaultClassLoaderFactory                       : loaded 2 times (x 82B)
Class kotlin.collections.AbstractList$Companion                                       : loaded 2 times (x 71B)
Class org.gradle.internal.classloader.ClassLoaderVisitor                              : loaded 2 times (x 76B)
Class [Lcom.google.common.collect.ImmutableMapEntry;                                  : loaded 2 times (x 69B)
Class org.jetbrains.plugins.gradle.tooling.serialization.internal.IdeaProjectSerializationService: loaded 2 times (x 77B)
Class org.gradle.api.internal.classpath.EffectiveClassPath                            : loaded 2 times (x 90B)
Class com.google.common.collect.ListMultimap                                          : loaded 2 times (x 70B)
Class com.google.common.collect.ImmutableEnumMap                                      : loaded 2 times (x 126B)
Class org.gradle.tooling.internal.gradle.DefaultProjectIdentifier                     : loaded 2 times (x 86B)
Class com.google.common.collect.Sets$1                                                : loaded 2 times (x 139B)
Class org.objectweb.asm.AnnotationVisitor                                             : loaded 2 times (x 78B)
Class com.intellij.gradle.toolingExtension.impl.model.buildScriptClasspathModel.GradleBuildScriptClasspathSerializationService$ReadContext: loaded 2 times (x 72B)
Class org.gradle.internal.impldep.gnu.trove.TObjectIntHashMap                         : loaded 2 times (x 109B)
Class org.gradle.api.internal.DefaultClassPathProvider                                : loaded 2 times (x 76B)
Class com.google.common.collect.Sets$2                                                : loaded 2 times (x 139B)
Class [Lorg.gradle.api.internal.ClassPathProvider;                                    : loaded 2 times (x 69B)
Class org.gradle.api.internal.ClassPathProvider                                       : loaded 2 times (x 70B)
Class [Lorg.objectweb.asm.AnnotationVisitor;                                          : loaded 2 times (x 69B)
Class com.google.common.collect.Sets$3                                                : loaded 2 times (x 139B)
Class com.google.common.util.concurrent.AbstractFuture$SafeAtomicHelper               : loaded 2 times (x 79B)
Class com.google.common.cache.LocalCache$LocalLoadingCache                            : loaded 2 times (x 134B)
Class org.gradle.internal.impldep.gnu.trove.TObjectHash$NULL                          : loaded 2 times (x 71B)
Class org.gradle.internal.service.UnknownServiceException                             : loaded 2 times (x 83B)
Class com.google.common.collect.Sets$4                                                : loaded 2 times (x 139B)
Class org.objectweb.asm.ModuleVisitor                                                 : loaded 2 times (x 81B)
Class com.google.common.cache.LocalCache$Strength$1                                   : loaded 2 times (x 81B)
Class org.jetbrains.kotlin.idea.gradleTooling.KotlinDslScriptAdditionalTask           : loaded 2 times (x 70B)
Class org.jetbrains.plugins.gradle.model.ClasspathEntryModel                          : loaded 2 times (x 70B)
Class com.google.common.util.concurrent.SettableFuture                                : loaded 2 times (x 114B)
Class com.google.common.cache.LocalCache$Strength$2                                   : loaded 2 times (x 81B)
Class org.jetbrains.plugins.gradle.tooling.serialization.GradleExtensionsSerializationService: loaded 2 times (x 77B)
Class org.gradle.tooling.model.Dependency                                             : loaded 2 times (x 70B)
Class com.google.common.cache.LocalCache$Strength$3                                   : loaded 2 times (x 81B)
Class com.google.common.collect.MapDifference                                         : loaded 2 times (x 70B)
Class com.intellij.openapi.externalSystem.model.project.dependencies.ResolutionState  : loaded 2 times (x 79B)
Class org.objectweb.asm.FieldWriter                                                   : loaded 2 times (x 78B)
Class com.google.common.cache.CacheBuilder$NullListener                               : loaded 2 times (x 82B)
Class org.gradle.internal.classpath.TransformedClassPath                              : loaded 2 times (x 96B)
Class org.gradle.internal.classloader.InstrumentingClassLoader                        : loaded 2 times (x 70B)
Class com.google.common.cache.CacheLoader$FunctionToCacheLoader                       : loaded 2 times (x 75B)
Class com.google.common.collect.Iterators$ArrayItr                                    : loaded 2 times (x 97B)
Class com.google.common.collect.ImmutableCollection$Builder                           : loaded 2 times (x 76B)
Class kotlin.enums.EnumEntriesList                                                    : loaded 2 times (x 223B)
Class com.google.common.base.Joiner                                                   : loaded 2 times (x 79B)
Class com.google.common.base.MoreObjects                                              : loaded 2 times (x 71B)
Class com.google.common.collect.Platform                                              : loaded 2 times (x 71B)
Class [Lorg.objectweb.asm.Type;                                                       : loaded 2 times (x 69B)
Class com.google.common.collect.UnmodifiableIterator                                  : loaded 2 times (x 80B)
Class org.jetbrains.kotlin.idea.gradleTooling.KotlinSourceSetContainer                : loaded 2 times (x 70B)
Class org.jetbrains.plugins.gradle.model.IntelliJSettings                             : loaded 2 times (x 70B)
Class org.gradle.internal.service.ServiceLocator                                      : loaded 2 times (x 70B)
Class com.google.common.base.Ascii                                                    : loaded 2 times (x 71B)
Class com.google.common.collect.SingletonImmutableBiMap                               : loaded 2 times (x 143B)
Class com.google.common.cache.LocalCache$1                                            : loaded 2 times (x 89B)
Class com.google.common.collect.AbstractMapEntry                                      : loaded 2 times (x 81B)
Class com.intellij.gradle.toolingExtension.util.GradleVersionUtil                     : loaded 2 times (x 71B)
Class org.gradle.tooling.model.UnsupportedMethodException                             : loaded 2 times (x 82B)
Class com.google.common.collect.Sets$ImprovedAbstractSet                              : loaded 2 times (x 135B)
Class com.google.common.collect.ImmutableList$Builder                                 : loaded 2 times (x 77B)
Class com.google.common.collect.AbstractMultimap                                      : loaded 2 times (x 123B)
Class com.google.common.cache.LocalCache$2                                            : loaded 2 times (x 142B)
Class com.google.common.util.concurrent.AbstractFuture$UnsafeAtomicHelper$1           : loaded 2 times (x 76B)
Class com.google.common.collect.RegularImmutableAsList                                : loaded 2 times (x 217B)
Class org.jetbrains.plugins.gradle.tooling.serialization.AnnotationProcessingModelSerializationService$WriteContext: loaded 2 times (x 72B)
Class org.gradle.internal.impldep.gnu.trove.THash                                     : loaded 2 times (x 81B)
Class ijInit3_a5w2aepsp5euc7z286y6vf4tx                                               : loaded 2 times (x 179B)
Class sync_studio_tooling5_dhpvuzhj2d5exlyx43pv5zyt3                                  : loaded 2 times (x 179B)
Class com.google.common.util.concurrent.AbstractFuture$Trusted                        : loaded 2 times (x 70B)
Class com.google.common.collect.Iterators                                             : loaded 2 times (x 71B)
Class org.jetbrains.plugins.gradle.tooling.serialization.ProjectDependenciesSerializationService$WriteContext: loaded 2 times (x 72B)
Class org.jetbrains.plugins.gradle.tooling.serialization.ProjectDependenciesSerializationService: loaded 2 times (x 77B)
Class org.gradle.tooling.internal.adapter.CollectionMapper                            : loaded 2 times (x 73B)
Class com.google.common.collect.Lists$StringAsImmutableList                           : loaded 2 times (x 207B)
Class com.google.common.util.concurrent.UncheckedExecutionException                   : loaded 2 times (x 82B)
Class org.gradle.kotlin.dsl.VersionCatalogAccessorsKt                                 : loaded 2 times (x 71B)
Class org.gradle.internal.impldep.gnu.trove.Equality                                  : loaded 2 times (x 70B)
Class com.intellij.gradle.toolingExtension.impl.model.buildScriptClasspathModel.GradleBuildScriptClasspathSerializationService$WriteContext: loaded 2 times (x 72B)
Class org.gradle.tooling.internal.adapter.ProtocolToModelAdapter                      : loaded 2 times (x 80B)
Class org.gradle.internal.InternalTransformer                                         : loaded 2 times (x 70B)
Class com.google.common.collect.AbstractMapBasedMultimap$KeySet$1                     : loaded 2 times (x 82B)
Class org.objectweb.asm.ClassWriter                                                   : loaded 2 times (x 106B)
Class com.google.common.cache.CacheLoader$UnsupportedLoadingOperationException        : loaded 2 times (x 82B)
Class com.google.common.base.CharMatcher$And                                          : loaded 2 times (x 112B)
Class org.gradle.internal.impldep.gnu.trove.TObjectCanonicalHashingStrategy           : loaded 2 times (x 80B)
Class org.gradle.internal.time.DefaultTimer                                           : loaded 2 times (x 80B)
Class org.gradle.internal.classloader.ClasspathUtil$1                                 : loaded 2 times (x 76B)
Class org.objectweb.asm.FieldVisitor                                                  : loaded 2 times (x 77B)
Class com.google.common.collect.IndexedImmutableSet                                   : loaded 2 times (x 152B)
Class com.google.common.collect.ImmutableMap$1                                        : loaded 2 times (x 81B)
Class com.google.common.collect.BiMap                                                 : loaded 2 times (x 70B)
Class org.gradle.api.internal.classpath.DefaultModuleRegistry$DefaultModule           : loaded 2 times (x 86B)
Class com.google.common.primitives.Ints                                               : loaded 2 times (x 71B)
Class com.google.common.collect.AbstractIterator                                      : loaded 2 times (x 82B)
Class com.google.common.collect.ObjectArrays                                          : loaded 2 times (x 71B)
Class com.google.common.collect.Multiset                                              : loaded 2 times (x 70B)
Class com.google.common.collect.ArrayListMultimapGwtSerializationDependencies         : loaded 2 times (x 172B)
Class com.google.common.collect.AbstractIndexedListIterator                           : loaded 2 times (x 96B)
Class com.google.common.math.MathPreconditions                                        : loaded 2 times (x 71B)
Class org.gradle.internal.time.DefaultCountdownTimer                                  : loaded 2 times (x 88B)
Class com.google.common.collect.ImmutableMapEntrySet                                  : loaded 2 times (x 152B)
Class org.jetbrains.plugins.gradle.model.GradleTaskModel                              : loaded 2 times (x 70B)
Class org.jetbrains.plugins.gradle.tooling.util.ObjectCollector                       : loaded 2 times (x 72B)
Class org.gradle.tooling.internal.gradle.DefaultBuildIdentifier                       : loaded 2 times (x 79B)
Class kotlin.Function                                                                 : loaded 2 times (x 70B)
Class org.gradle.api.internal.classpath.Module                                        : loaded 2 times (x 70B)
Class com.google.common.cache.Weigher                                                 : loaded 2 times (x 70B)
Class com.intellij.openapi.externalSystem.model.project.IExternalSystemSourceType     : loaded 2 times (x 70B)
Class org.gradle.api.internal.classpath.UnknownModuleException                        : loaded 2 times (x 82B)
Class com.google.common.base.Stopwatch                                                : loaded 2 times (x 72B)
Class com.google.common.cache.LocalCache$Strength                                     : loaded 2 times (x 81B)
Class com.google.common.cache.Cache                                                   : loaded 2 times (x 70B)
Class com.intellij.openapi.externalSystem.model.project.dependencies.ProjectDependencies: loaded 2 times (x 70B)
Class org.jetbrains.plugins.gradle.tooling.serialization.ProjectDependenciesSerializationService$ReadContext: loaded 2 times (x 72B)
Class org.gradle.internal.impldep.gnu.trove.TObjectIdentityHashingStrategy            : loaded 2 times (x 78B)
Class com.google.common.util.concurrent.AbstractFuture$Cancellation                   : loaded 2 times (x 72B)
Class com.google.common.collect.ImmutableMap$Builder                                  : loaded 2 times (x 82B)
Class com.google.common.cache.RemovalListener                                         : loaded 2 times (x 70B)
Class org.jetbrains.plugins.gradle.tooling.serialization.RepositoriesModelSerializationService: loaded 2 times (x 82B)
Class org.gradle.tooling.internal.gradle.GradleProjectIdentity                        : loaded 2 times (x 70B)
Class org.gradle.api.internal.DefaultClassPathRegistry                                : loaded 2 times (x 76B)
Class com.google.common.primitives.IntsMethodsForWeb                                  : loaded 2 times (x 71B)
Class com.google.common.collect.Multimap                                              : loaded 2 times (x 70B)
Class org.jetbrains.plugins.gradle.tooling.serialization.RepositoriesModelSerializationService$ReadContext: loaded 2 times (x 72B)
Class org.gradle.api.internal.ClassPathRegistry                                       : loaded 2 times (x 70B)
Class org.gradle.internal.classpath.DefaultClassPath$ImmutableUniqueList              : loaded 2 times (x 199B)
Class com.intellij.gradle.toolingExtension.impl.model.projectModel.GradleExternalProjectSerializationService$WriteContext: loaded 2 times (x 73B)
Class com.intellij.gradle.toolingExtension.impl.model.sourceSetModel.GradleSourceSetSerialisationService$Companion: loaded 2 times (x 71B)
Class com.google.common.cache.CacheBuilder                                            : loaded 2 times (x 72B)
Class com.google.common.collect.SingletonImmutableList                                : loaded 2 times (x 207B)
Class Settings_gradle$1                                                               : loaded 2 times (x 74B)
Class com.google.common.base.CharMatcher$IsEither                                     : loaded 2 times (x 111B)
Class org.gradle.internal.classpath.ClassPath                                         : loaded 2 times (x 70B)
Class com.google.common.base.JdkPattern                                               : loaded 2 times (x 75B)
Class com.google.common.collect.ImmutableList$ReverseImmutableList                    : loaded 2 times (x 209B)
Class org.jetbrains.plugins.gradle.tooling.serialization.KotlinDslScriptsModelSerializationService: loaded 2 times (x 81B)
Class org.objectweb.asm.SymbolTable$Entry                                             : loaded 2 times (x 74B)
Class com.google.common.util.concurrent.AbstractFuture$AtomicHelper                   : loaded 2 times (x 78B)
Class org.jetbrains.kotlin.idea.gradleTooling.KotlinGradleModel                       : loaded 2 times (x 70B)
Class org.jetbrains.plugins.gradle.tooling.serialization.ExternalTestsSerializationService$WriteContext: loaded 2 times (x 72B)
Class org.objectweb.asm.Edge                                                          : loaded 2 times (x 72B)
Class com.google.common.base.Suppliers$SupplierOfInstance                             : loaded 2 times (x 79B)
Class com.google.common.collect.Iterators$1                                           : loaded 2 times (x 81B)
Class org.gradle.tooling.model.Model                                                  : loaded 2 times (x 70B)
Class com.google.common.cache.LocalCache$ComputingValueReference                      : loaded 2 times (x 96B)
Class com.google.common.collect.SingletonImmutableSet                                 : loaded 2 times (x 146B)
Class com.google.common.collect.ImmutableMap$IteratorBasedImmutableMap                : loaded 2 times (x 126B)
Class kotlin.UninitializedPropertyAccessException                                     : loaded 2 times (x 82B)
Class com.google.common.cache.LocalCache$Segment                                      : loaded 2 times (x 154B)
Class org.gradle.internal.classloader.FilteringClassLoader                            : loaded 2 times (x 105B)
Class org.gradle.tooling.internal.adapter.ProtocolToModelAdapter$MethodInvocationCache: loaded 2 times (x 73B)
Class com.google.common.collect.AbstractListMultimap                                  : loaded 2 times (x 172B)
Class [Lorg.objectweb.asm.SymbolTable$Entry;                                          : loaded 2 times (x 69B)
Class com.google.common.cache.CacheLoader                                             : loaded 2 times (x 74B)
Class com.google.common.collect.Iterators$4                                           : loaded 2 times (x 82B)
Class com.google.common.collect.ImmutableBiMap                                        : loaded 2 times (x 143B)
Class org.jetbrains.plugins.gradle.model.ExternalDependency                           : loaded 2 times (x 70B)
Class com.intellij.util.containers.IntObjectHashMap                                   : loaded 2 times (x 72B)
Class org.gradle.internal.installation.GradleInstallation$1                           : loaded 2 times (x 75B)
Class org.gradle.api.internal.classpath.ModuleRegistry                                : loaded 2 times (x 70B)
Class com.google.common.util.concurrent.internal.InternalFutureFailureAccess          : loaded 2 times (x 72B)
Class com.google.common.collect.Iterators$5                                           : loaded 2 times (x 82B)
Class com.google.common.collect.ImmutableSet$JdkBackedSetBuilderImpl                  : loaded 2 times (x 76B)
Class org.jetbrains.plugins.gradle.model.VersionCatalogsModel                         : loaded 2 times (x 70B)
Class com.intellij.gradle.toolingExtension.impl.model.sourceSetDependencyModel.GradleSourceSetDependencySerialisationService$SourceSetDependencyModelReadContext: loaded 2 times (x 72B)
Class com.intellij.gradle.toolingExtension.impl.model.dependencyModel.DependencyReadContext: loaded 2 times (x 72B)
Class org.gradle.tooling.internal.adapter.ObjectGraphAdapter                          : loaded 2 times (x 70B)
Class com.google.common.util.concurrent.AbstractFuture$UnsafeAtomicHelper             : loaded 2 times (x 78B)
Class com.google.common.cache.LocalCache$LocalManualCache$1                           : loaded 2 times (x 75B)
Class com.google.common.base.CharMatcher$ForPredicate                                 : loaded 2 times (x 112B)
Class com.intellij.gradle.toolingExtension.impl.model.warmUp.GradleTaskWarmUpRequest  : loaded 2 times (x 70B)
Class com.google.common.base.CharMatcher$AnyOf                                        : loaded 2 times (x 112B)
Class com.google.common.collect.ImmutableCollection                                   : loaded 2 times (x 125B)
Class com.intellij.gradle.toolingExtension.impl.model.sourceSetArtifactIndex.GradleSourceSetArtifactBuildRequest: loaded 2 times (x 70B)
Class org.gradle.api.internal.classpath.DefaultModuleRegistry                         : loaded 2 times (x 86B)
Class com.google.common.collect.Lists                                                 : loaded 2 times (x 71B)
Class com.google.common.util.concurrent.ListenableFuture                              : loaded 2 times (x 70B)
Class com.google.common.cache.ReferenceEntry                                          : loaded 2 times (x 70B)
Class com.google.common.base.Converter                                                : loaded 2 times (x 90B)
Class com.google.common.collect.ImmutableSet$CachingAsList                            : loaded 2 times (x 148B)
Class org.jetbrains.plugins.gradle.tooling.serialization.internal.IdeaProjectSerializationService$WriteContext$1: loaded 2 times (x 83B)
Class org.jetbrains.plugins.gradle.model.ExternalProject                              : loaded 2 times (x 70B)
Class com.google.common.collect.AbstractMapBasedMultimap                              : loaded 2 times (x 139B)
Class com.google.common.util.concurrent.AbstractFuture                                : loaded 2 times (x 106B)
Class com.google.common.base.FunctionalEquivalence                                    : loaded 2 times (x 83B)
Class com.google.common.collect.Iterators$9                                           : loaded 2 times (x 81B)
Class com.google.common.collect.ImmutableAsList                                       : loaded 2 times (x 209B)
Class org.jetbrains.plugins.gradle.tooling.serialization.internal.IdeaProjectSerializationService$WriteContext$2: loaded 2 times (x 83B)
Class org.objectweb.asm.RecordComponentVisitor                                        : loaded 2 times (x 77B)
Class com.google.common.cache.CacheLoader$SupplierToCacheLoader                       : loaded 2 times (x 75B)
Class org.jetbrains.plugins.gradle.tooling.serialization.AnnotationProcessingModelSerializationService$ReadContext: loaded 2 times (x 72B)
Class org.jetbrains.plugins.gradle.tooling.serialization.internal.IdeaProjectSerializationService$WriteContext$3: loaded 2 times (x 83B)
Class org.gradle.util.internal.DefaultGradleVersion$Stage                             : loaded 2 times (x 75B)
Class com.google.common.collect.Maps$EntryTransformer                                 : loaded 2 times (x 70B)
Class org.jetbrains.plugins.gradle.tooling.serialization.internal.IdeaProjectSerializationService$WriteContext$4: loaded 2 times (x 83B)
Class com.intellij.gradle.toolingExtension.impl.model.sourceSetDependencyModel.GradleSourceSetDependencySerialisationService$Companion: loaded 2 times (x 71B)
Class org.gradle.internal.time.MonotonicClock                                         : loaded 2 times (x 77B)
Class org.gradle.internal.service.ServiceLookupException                              : loaded 2 times (x 82B)
Class [Lcom.google.common.cache.LocalCache$EntryFactory;                              : loaded 2 times (x 69B)
Class org.jetbrains.plugins.gradle.tooling.serialization.internal.IdeaProjectSerializationService$WriteContext$5: loaded 2 times (x 83B)
Class com.intellij.gradle.toolingExtension.impl.model.sourceSetDependencyModel.GradleSourceSetDependencySerialisationService$SourceSetDependencyModelWriteContext: loaded 2 times (x 72B)
Class org.gradle.internal.classloader.ClassLoaderFactory                              : loaded 2 times (x 70B)
Class com.google.common.base.CommonPattern                                            : loaded 2 times (x 74B)
Class com.google.common.cache.LocalCache$LocalManualCache                             : loaded 2 times (x 99B)
Class com.google.common.base.CharMatcher$IsNot                                        : loaded 2 times (x 111B)
Class org.jetbrains.plugins.gradle.tooling.serialization.internal.IdeaProjectSerializationService$WriteContext$6: loaded 2 times (x 83B)
Class org.jetbrains.plugins.gradle.tooling.util.IntObjectMap                          : loaded 2 times (x 73B)
Class org.gradle.internal.service.CachingServiceLocator                               : loaded 2 times (x 82B)
Class com.google.common.collect.AbstractMapBasedMultimap$KeySet                       : loaded 2 times (x 137B)
Class com.google.common.math.IntMath                                                  : loaded 2 times (x 71B)
Class org.jetbrains.plugins.gradle.model.RepositoryModels                             : loaded 2 times (x 70B)
Class org.jetbrains.plugins.gradle.tooling.serialization.internal.IdeaProjectSerializationService$WriteContext$7: loaded 2 times (x 83B)
Class com.google.common.collect.ImmutableMapEntry                                     : loaded 2 times (x 85B)
Class org.jetbrains.plugins.gradle.tooling.serialization.internal.IdeaProjectSerializationService$WriteContext$8: loaded 2 times (x 83B)
Class org.gradle.internal.time.TimeSource                                             : loaded 2 times (x 70B)
Class org.gradle.tooling.model.kotlin.dsl.KotlinDslScriptsModel                       : loaded 2 times (x 70B)
Class com.google.common.base.Equivalence                                              : loaded 2 times (x 82B)
Class com.google.common.base.Function                                                 : loaded 2 times (x 70B)
Class com.google.common.collect.ImmutableMapEntry$NonTerminalImmutableMapEntry        : loaded 2 times (x 85B)
Class org.jetbrains.plugins.gradle.tooling.serialization.SerializationService         : loaded 2 times (x 70B)
Class org.gradle.tooling.internal.gradle.GradleBuildIdentity                          : loaded 2 times (x 70B)
Class kotlin.enums.EnumEntries                                                        : loaded 2 times (x 70B)
Class com.google.common.cache.CacheBuilder$OneWeigher                                 : loaded 2 times (x 82B)
Class com.google.common.collect.RegularImmutableList                                  : loaded 2 times (x 213B)
Class org.jetbrains.plugins.gradle.tooling.serialization.internal.adapter.Supplier    : loaded 2 times (x 70B)
Class org.gradle.internal.exceptions.ResolutionProvider                               : loaded 2 times (x 70B)
Class org.gradle.tooling.model.ProjectIdentifier                                      : loaded 2 times (x 70B)
Class org.gradle.internal.classloader.ClasspathUtil                                   : loaded 2 times (x 71B)
Class com.google.common.base.Charsets                                                 : loaded 2 times (x 71B)
Class com.google.common.util.concurrent.Uninterruptibles                              : loaded 2 times (x 71B)
Class com.intellij.gradle.toolingExtension.impl.model.sourceSetModel.GradleSourceSetSerialisationService: loaded 2 times (x 77B)
Class com.google.common.collect.Maps                                                  : loaded 2 times (x 71B)
Class org.gradle.internal.time.TimeSource$1                                           : loaded 2 times (x 77B)
Class kotlin.jvm.internal.DefaultConstructorMarker                                    : loaded 2 times (x 71B)
Class org.gradle.api.specs.Spec                                                       : loaded 2 times (x 70B)
Class [Lcom.google.common.collect.ImmutableEntry;                                     : loaded 2 times (x 69B)
Class com.google.common.cache.LocalCache$LoadingValueReference                        : loaded 2 times (x 96B)
Class com.intellij.gradle.toolingExtension.impl.model.buildScriptClasspathModel.GradleBuildScriptClasspathSerializationService: loaded 2 times (x 77B)
Class kotlin.NotImplementedError                                                      : loaded 2 times (x 82B)
Class com.google.common.base.Platform                                                 : loaded 2 times (x 71B)
Class org.jetbrains.plugins.gradle.model.FileCollectionDependency                     : loaded 2 times (x 70B)
Class org.gradle.internal.impldep.gnu.trove.TObjectHashingStrategy                    : loaded 2 times (x 70B)
Class com.intellij.gradle.toolingExtension.impl.model.utilDummyModel.DummyModel       : loaded 2 times (x 70B)
Class org.gradle.internal.time.Clock                                                  : loaded 2 times (x 70B)
Class [Lorg.objectweb.asm.AnnotationWriter;                                           : loaded 2 times (x 69B)
Class com.google.common.collect.Maps$8                                                : loaded 2 times (x 82B)
Class org.jetbrains.plugins.gradle.model.GradleSourceSetDependencyModel               : loaded 2 times (x 70B)
Class org.gradle.tooling.internal.adapter.TypeInspector                               : loaded 2 times (x 73B)
Class org.gradle.tooling.internal.adapter.ProtocolToModelAdapter$NoOpDecoration       : loaded 2 times (x 79B)
Class org.gradle.tooling.model.Element                                                : loaded 2 times (x 70B)
Class kotlin.collections.AbstractList                                                 : loaded 2 times (x 197B)
Class kotlin.collections.AbstractCollection                                           : loaded 2 times (x 117B)
Class com.google.common.collect.Sets$SetView                                          : loaded 2 times (x 138B)
Class com.google.common.cache.LocalCache$StrongValueReference                         : loaded 2 times (x 90B)
Class com.google.common.util.concurrent.AbstractFuture$SynchronizedHelper             : loaded 2 times (x 78B)
Class com.intellij.gradle.toolingExtension.impl.model.taskModel.GradleTaskSerialisationService: loaded 2 times (x 76B)
Class org.objectweb.asm.Type                                                          : loaded 2 times (x 72B)
Class org.jetbrains.plugins.gradle.tooling.util.IntObjectMap$1                        : loaded 2 times (x 77B)
Class org.gradle.internal.impldep.com.google.common.base.Preconditions                : loaded 2 times (x 71B)
Class org.gradle.internal.classloader.VisitableURLClassLoader$InstrumentingVisitableURLClassLoader: loaded 2 times (x 123B)
Class org.objectweb.asm.ByteVector                                                    : loaded 2 times (x 79B)
Class [Lcom.google.common.cache.CacheBuilder$NullListener;                            : loaded 2 times (x 69B)
Class com.google.common.math.IntMath$1                                                : loaded 2 times (x 71B)
Class org.gradle.internal.classloader.VisitableURLClassLoader$Spec                    : loaded 2 times (x 74B)
Class org.gradle.internal.classpath.DefaultClassPath                                  : loaded 2 times (x 90B)
Class org.objectweb.asm.Symbol                                                        : loaded 2 times (x 73B)
Class org.jetbrains.plugins.gradle.model.GradleBuildScriptClasspathModel              : loaded 2 times (x 70B)
Class org.gradle.util.internal.DefaultGradleVersion                                   : loaded 2 times (x 80B)
Class com.google.common.base.CharMatcher$Ascii                                        : loaded 2 times (x 112B)
Class com.google.common.base.CharMatcher$BitSetMatcher                                : loaded 2 times (x 112B)
Class com.google.common.collect.RegularImmutableMap$Values                            : loaded 2 times (x 207B)
Class com.google.common.collect.ImmutableSet                                          : loaded 2 times (x 145B)
Class org.gradle.internal.classloader.ClassLoaderSpec                                 : loaded 2 times (x 71B)
Class org.objectweb.asm.AnnotationWriter                                              : loaded 2 times (x 79B)
Class com.google.common.cache.CacheStats                                              : loaded 2 times (x 71B)
Class org.objectweb.asm.RecordComponentWriter                                         : loaded 2 times (x 78B)
Class com.google.common.util.concurrent.AbstractFuture$Listener                       : loaded 2 times (x 72B)
Class com.google.common.base.CharMatcher$Or                                           : loaded 2 times (x 112B)
Class Settings_gradle$1$1                                                             : loaded 2 times (x 74B)
Class kotlin.Unit                                                                     : loaded 2 times (x 71B)
Class org.objectweb.asm.Attribute                                                     : loaded 2 times (x 77B)
Class com.google.common.base.Supplier                                                 : loaded 2 times (x 70B)
Class org.gradle.internal.classloader.VisitableURLClassLoader                         : loaded 2 times (x 117B)
Class com.google.common.util.concurrent.AbstractFuture$Waiter                         : loaded 2 times (x 72B)
Class Settings_gradle                                                                 : loaded 2 times (x 128B)
Class org.jetbrains.plugins.gradle.tooling.serialization.ExternalTestsSerializationService$ReadContext: loaded 2 times (x 72B)
Class org.jetbrains.plugins.gradle.tooling.serialization.internal.IdeaProjectSerializationService$ReadContext: loaded 2 times (x 72B)
Class com.google.common.collect.RegularImmutableMap$KeySet                            : loaded 2 times (x 152B)
Class org.gradle.tooling.model.idea.IdeaDependency                                    : loaded 2 times (x 70B)
Class com.google.common.base.Strings                                                  : loaded 2 times (x 71B)
Class com.google.common.collect.Sets                                                  : loaded 2 times (x 71B)
Class org.objectweb.asm.Handler                                                       : loaded 2 times (x 72B)
Class com.google.common.base.Ticker                                                   : loaded 2 times (x 72B)
Class com.google.common.base.CharMatcher$FastMatcher                                  : loaded 2 times (x 111B)
Class kotlin.jvm.functions.Function1                                                  : loaded 2 times (x 70B)
Class [Lcom.google.common.cache.LocalCache$Segment;                                   : loaded 2 times (x 69B)
Class [Lcom.google.common.cache.LocalCache$Strength;                                  : loaded 2 times (x 69B)
Class com.google.common.cache.CacheBuilder$1                                          : loaded 2 times (x 85B)
Class com.google.common.base.Predicate                                                : loaded 2 times (x 70B)
Class com.google.common.collect.ImmutableMap                                          : loaded 2 times (x 120B)
Class org.jetbrains.plugins.gradle.tooling.serialization.internal.IdeaProjectSerializationService$WriteContext: loaded 2 times (x 72B)
Class com.intellij.gradle.toolingExtension.impl.model.sourceSetDependencyModel.GradleSourceSetDependencySerialisationService: loaded 2 times (x 77B)
Class org.jetbrains.plugins.gradle.model.GradleSourceSetModel                         : loaded 2 times (x 70B)
Class org.gradle.internal.classpath.DefaultClassPath$ImmutableUniqueList$Builder      : loaded 2 times (x 75B)
Class com.google.common.cache.LocalCache                                              : loaded 2 times (x 187B)
Class com.google.common.cache.CacheBuilder$2                                          : loaded 2 times (x 79B)
Class com.google.common.base.CharMatcher$NegatedFastMatcher                           : loaded 2 times (x 113B)
Class com.google.common.collect.ArrayListMultimap                                     : loaded 2 times (x 172B)
Class com.google.common.cache.CacheBuilder$3                                          : loaded 2 times (x 72B)
Class [Lcom.google.common.collect.AbstractMapEntry;                                   : loaded 2 times (x 69B)
Class com.google.common.collect.ImmutableEntry                                        : loaded 2 times (x 82B)
Class org.jetbrains.plugins.gradle.tooling.util.ObjectCollector$Processor             : loaded 2 times (x 70B)
Class com.google.common.base.Equivalence$Identity                                     : loaded 2 times (x 82B)
Class org.gradle.internal.exceptions.NonGradleCauseExceptionsHolder                   : loaded 2 times (x 70B)
Class org.gradle.tooling.model.idea.IdeaModuleDependency                              : loaded 2 times (x 70B)
Class org.gradle.tooling.internal.adapter.ViewBuilder                                 : loaded 2 times (x 70B)
Class com.google.common.collect.CollectPreconditions                                  : loaded 2 times (x 71B)
Class org.jetbrains.plugins.gradle.model.AnnotationProcessingConfig                   : loaded 2 times (x 70B)
Class com.google.common.collect.SortedMapDifference                                   : loaded 2 times (x 70B)
Class org.jetbrains.plugins.gradle.tooling.ModelBuilderService$Parameter              : loaded 2 times (x 70B)
Class com.google.common.cache.LocalCache$EntryFactory                                 : loaded 2 times (x 83B)
Class org.gradle.internal.impldep.gnu.trove.TObjectIntProcedure                       : loaded 2 times (x 70B)
Class org.gradle.tooling.internal.adapter.ProtocolToModelAdapter$ReflectionMethodInvoker: loaded 2 times (x 76B)
Class com.google.common.cache.LocalCache$AbstractReferenceEntry                       : loaded 2 times (x 107B)
Class org.jetbrains.plugins.gradle.model.IntelliJProjectSettings                      : loaded 2 times (x 70B)
Class kotlin.enums.EnumEntriesKt                                                      : loaded 2 times (x 71B)
Class org.objectweb.asm.SymbolTable                                                   : loaded 2 times (x 72B)
Class com.google.common.cache.CacheLoader$InvalidCacheLoadException                   : loaded 2 times (x 82B)
Class com.google.common.collect.ImmutableSet$RegularSetBuilderImpl                    : loaded 2 times (x 77B)
Class com.intellij.gradle.toolingExtension.model.repositoryModel.ProjectRepositoriesModel: loaded 2 times (x 70B)
Class org.jetbrains.plugins.gradle.model.GradleProperty                               : loaded 2 times (x 70B)
Class org.gradle.internal.classloader.SystemClassLoaderSpec                           : loaded 2 times (x 71B)
Class com.google.common.cache.LocalCache$StrongEntry                                  : loaded 2 times (x 108B)
Class com.google.common.util.concurrent.AbstractFuture$TrustedFuture                  : loaded 2 times (x 114B)
Class com.google.common.cache.LoadingCache                                            : loaded 2 times (x 70B)
Class org.gradle.internal.exceptions.MultiCauseException                              : loaded 2 times (x 70B)
Class org.gradle.internal.time.CountdownTimer                                         : loaded 2 times (x 70B)
Class kotlin.jvm.internal.Intrinsics                                                  : loaded 2 times (x 71B)
Class org.objectweb.asm.MethodWriter                                                  : loaded 2 times (x 106B)
Class [Lcom.google.common.cache.Weigher;                                              : loaded 2 times (x 69B)
Class com.google.common.collect.RegularImmutableMap$BucketOverflowException           : loaded 2 times (x 82B)
Class com.intellij.gradle.toolingExtension.impl.model.projectModel.GradleExternalProjectSerializationService$ReadContext: loaded 2 times (x 73B)
Class com.intellij.gradle.toolingExtension.impl.model.dependencyModel.DependencyWriteContext: loaded 2 times (x 72B)
Class org.gradle.tooling.model.ProjectModel                                           : loaded 2 times (x 70B)
Class kotlin.KotlinNullPointerException                                               : loaded 2 times (x 83B)
Class com.google.common.collect.RegularImmutableBiMap                                 : loaded 2 times (x 149B)
Class com.google.common.cache.LocalCache$ValueReference                               : loaded 2 times (x 70B)
Class com.google.common.base.CharMatcher$Negated                                      : loaded 2 times (x 113B)
Class com.google.common.base.CharMatcher$Is                                           : loaded 2 times (x 111B)
Class org.jetbrains.plugins.gradle.model.tests.ExternalTestsModel                     : loaded 2 times (x 70B)
Class org.gradle.internal.exceptions.DefaultMultiCauseException                       : loaded 2 times (x 95B)
Class com.google.common.base.PatternCompiler                                          : loaded 2 times (x 70B)
Class com.google.common.util.concurrent.AbstractFuture$Failure                        : loaded 2 times (x 72B)
Class com.google.common.base.Equivalence$Equals                                       : loaded 2 times (x 82B)
Class com.google.common.collect.Hashing                                               : loaded 2 times (x 71B)
Class com.google.common.base.Preconditions                                            : loaded 2 times (x 71B)
Class com.intellij.gradle.toolingExtension.impl.model.projectModel.GradleExternalProjectSerializationService: loaded 2 times (x 77B)
Class org.gradle.tooling.model.HierarchicalElement                                    : loaded 2 times (x 70B)
Class com.google.common.base.Joiner$1                                                 : loaded 2 times (x 80B)
Class org.objectweb.asm.Label                                                         : loaded 2 times (x 73B)
Class org.objectweb.asm.CurrentFrame                                                  : loaded 2 times (x 73B)
Class org.objectweb.asm.ClassTooLargeException                                        : loaded 2 times (x 83B)
Class com.google.common.base.CharMatcher                                              : loaded 2 times (x 111B)
Class com.google.common.collect.PeekingIterator                                       : loaded 2 times (x 70B)
Class org.jetbrains.plugins.gradle.tooling.serialization.ExternalTestsSerializationService: loaded 2 times (x 77B)
Class org.gradle.internal.time.Time                                                   : loaded 2 times (x 71B)
Class com.google.common.base.Joiner$2                                                 : loaded 2 times (x 79B)
Class org.objectweb.asm.Frame                                                         : loaded 2 times (x 73B)
Class org.objectweb.asm.MethodVisitor                                                 : loaded 2 times (x 105B)
Class com.google.common.cache.LocalCache$EntryFactory$1                               : loaded 2 times (x 83B)
Class [Lcom.google.common.cache.RemovalListener;                                      : loaded 2 times (x 69B)
Class com.google.common.base.CharMatcher$NamedFastMatcher                             : loaded 2 times (x 112B)
Class com.google.common.base.CharMatcher$1                                            : loaded 2 times (x 113B)
Class org.jetbrains.plugins.gradle.tooling.serialization.AnnotationProcessingModelSerializationService: loaded 2 times (x 77B)
Class com.google.common.cache.LocalCache$EntryFactory$2                               : loaded 2 times (x 83B)
Class org.jetbrains.plugins.gradle.model.DependencyAccessorsModel                     : loaded 2 times (x 70B)
Class [Lcom.intellij.openapi.externalSystem.model.project.dependencies.ResolutionState;: loaded 2 times (x 69B)
Class org.gradle.internal.impldep.gnu.trove.TObjectHash                               : loaded 2 times (x 94B)
Class org.gradle.api.internal.classpath.GlobalCacheRootsProvider                      : loaded 2 times (x 70B)
Class org.objectweb.asm.ModuleWriter                                                  : loaded 2 times (x 82B)
Class com.google.common.cache.LocalCache$EntryFactory$3                               : loaded 2 times (x 83B)
Class com.google.common.base.Ticker$1                                                 : loaded 2 times (x 72B)
Class com.google.common.collect.Maps$BiMapConverter                                   : loaded 2 times (x 90B)
Class com.google.common.collect.ImmutableMapEntrySet$RegularEntrySet                  : loaded 2 times (x 152B)
Class org.jetbrains.kotlin.idea.gradleTooling.KotlinMPPGradleModel                    : loaded 2 times (x 70B)
Class com.intellij.gradle.toolingExtension.impl.model.dependencyDownloadPolicyModel.GradleDependencyDownloadPolicy: loaded 2 times (x 70B)
Class org.gradle.tooling.model.BuildIdentifier                                        : loaded 2 times (x 70B)
Class com.google.common.cache.LocalCache$EntryFactory$4                               : loaded 2 times (x 83B)
Class com.google.common.base.CharMatcher$InRange                                      : loaded 2 times (x 111B)
Class com.google.common.collect.ImmutableSet$Builder                                  : loaded 2 times (x 85B)
Class org.jetbrains.kotlin.idea.gradleTooling.PrepareKotlinIdeImportTaskModel         : loaded 2 times (x 70B)
Class com.google.common.cache.LocalCache$EntryFactory$5                               : loaded 2 times (x 83B)
Class com.google.common.base.PairwiseEquivalence                                      : loaded 2 times (x 83B)
Class com.google.common.cache.LocalCache$EntryFactory$6                               : loaded 2 times (x 83B)
Class org.gradle.internal.time.Timer                                                  : loaded 2 times (x 70B)
Class kotlin.jvm.internal.markers.KMappedMarker                                       : loaded 2 times (x 70B)
Class org.gradle.internal.installation.CurrentGradleInstallationLocator               : loaded 2 times (x 71B)
Class com.google.common.collect.Maps$KeySet                                           : loaded 2 times (x 137B)
Class com.google.common.cache.LocalCache$EntryFactory$7                               : loaded 2 times (x 83B)
Class com.google.common.collect.ImmutableSet$EmptySetBuilderImpl                      : loaded 2 times (x 76B)
Class com.google.common.collect.ImmutableList                                         : loaded 2 times (x 206B)
Class org.gradle.tooling.model.idea.IdeaProject                                       : loaded 2 times (x 70B)
Class org.gradle.tooling.model.DomainObjectSet                                        : loaded 2 times (x 70B)
Class org.gradle.internal.service.DefaultServiceLocator                               : loaded 2 times (x 83B)
Class com.google.common.cache.LocalCache$EntryFactory$8                               : loaded 2 times (x 83B)
Class com.google.common.collect.ImmutableSet$SetBuilderImpl                           : loaded 2 times (x 76B)
Class org.gradle.util.GradleVersion                                                   : loaded 2 times (x 79B)
Class org.gradle.internal.installation.CurrentGradleInstallation                      : loaded 2 times (x 73B)
Class com.google.common.cache.CacheLoader$1                                           : loaded 2 times (x 75B)
Class com.google.common.collect.ImmutableList$SubList                                 : loaded 2 times (x 209B)
Class org.jetbrains.plugins.gradle.javaModel.JavaGradleManifestModel                  : loaded 2 times (x 70B)
Class org.jetbrains.plugins.gradle.tooling.serialization.GradleExtensionsSerializationService$WriteContext: loaded 2 times (x 72B)
Class com.intellij.gradle.toolingExtension.impl.model.taskModel.GradleTaskSerialisationService$Companion: loaded 2 times (x 71B)
Class org.gradle.util.internal.GUtil                                                  : loaded 2 times (x 71B)
Class com.google.common.util.concurrent.AbstractFuture$SetFuture                      : loaded 2 times (x 75B)
Class com.google.common.cache.AbstractCache$StatsCounter                              : loaded 2 times (x 70B)
Class com.intellij.gradle.toolingExtension.impl.model.utilTurnOffDefaultTasksModel.TurnOffDefaultTasks: loaded 2 times (x 70B)
Class com.intellij.gradle.toolingExtension.impl.model.sourceSetModel.GradleSourceSetSerialisationService$SourceSetModelReadContext: loaded 2 times (x 72B)
Class com.google.common.collect.Iterators$MergingIterator                             : loaded 2 times (x 81B)
Class com.google.common.collect.RegularImmutableSet                                   : loaded 2 times (x 149B)
Class com.intellij.gradle.toolingExtension.impl.model.sourceSetModel.GradleSourceSetSerialisationService$SourceSetModelWriteContext: loaded 2 times (x 72B)
Class org.gradle.tooling.internal.adapter.ProtocolToModelAdapter$1                    : loaded 2 times (x 75B)
Class org.gradle.tooling.internal.adapter.ProtocolToModelAdapter$ViewDecoration       : loaded 2 times (x 70B)
Class org.gradle.internal.installation.GradleInstallation                             : loaded 2 times (x 75B)
Class com.google.common.collect.Iterables                                             : loaded 2 times (x 71B)
Class org.jetbrains.plugins.gradle.tooling.serialization.GradleExtensionsSerializationService$ReadContext: loaded 2 times (x 72B)
Class org.gradle.tooling.internal.adapter.MethodInvoker                               : loaded 2 times (x 70B)
Class org.jetbrains.plugins.gradle.tooling.serialization.RepositoriesModelSerializationService$WriteContext: loaded 2 times (x 72B)

---------------  S Y S T E M  ---------------

OS:
 Windows 11 , 64 bit Build 26100 (10.0.26100.8328)
OS uptime: 0 days 10:40 hours

CPU: total 12 (initial active 12) (6 cores per cpu, 2 threads per core) family 6 model 151 stepping 2 microcode 0x3e, cx8, cmov, fxsr, ht, mmx, 3dnowpref, sse, sse2, sse3, ssse3, sse4.1, sse4.2, popcnt, lzcnt, tsc, tscinvbit, avx, avx2, aes, erms, clmul, bmi1, bmi2, adx, sha, fma, vzeroupper, clflush, clflushopt, clwb, serialize, rdtscp, rdpid, fsrm, f16c, pku, cet_ibt, cet_ss
Processor Information for the first 12 processors :
  Max Mhz: 2400, Current Mhz: 2400, Mhz Limit: 2400

Memory: 4k page, system-wide physical 16091M (542M free)
TotalPageFile size 25307M (AvailPageFile size 8M)
current process WorkingSet (physical memory assigned to process): 410M, peak: 427M
current process commit charge ("private bytes"): 533M, peak: 533M

vm_info: OpenJDK 64-Bit Server VM (21.0.8+-14196175-b1038.72) for windows-amd64 JRE (21.0.8+-14196175-b1038.72), built on 2025-10-01T10:24:33Z by "builder" with MS VC++ 16.10 / 16.11 (VS2019)

END.
