#
# There is insufficient memory for the Java Runtime Environment to continue.
# Native memory allocation (malloc) failed to allocate 1413296 bytes. Error detail: Chunk::new
# Possible reasons:
#   The system is out of physical RAM or swap space
#   This process is running with CompressedOops enabled, and the Java Heap may be blocking the growth of the native heap
# Possible solutions:
#   Reduce memory load on the system
#   Increase physical memory or swap space
#   Check if swap backing store is full
#   Decrease Java heap size (-Xmx/-Xms)
#   Decrease number of Java threads
#   Decrease Java thread stack sizes (-Xss)
#   Set larger code cache with -XX:ReservedCodeCacheSize=
#   JVM is running with Unscaled Compressed Oops mode in which the Java heap is
#     placed in the first 4GB address space. The Java Heap base address is the
#     maximum limit for the native heap growth. Please use -XX:HeapBaseMinAddress
#     to set the Java Heap base and to place the Java Heap above 4GB virtual address.
# This output file may be truncated or incomplete.
#
#  Out of Memory Error (arena.cpp:168), pid=2692, tid=6460
#
# JRE version: OpenJDK Runtime Environment (21.0.8) (build 21.0.8+-14196175-b1038.72)
# Java VM: OpenJDK 64-Bit Server VM (21.0.8+-14196175-b1038.72, mixed mode, tiered, compressed oops, compressed class ptrs, g1 gc, windows-amd64)
# No core dump will be written. Minidumps are not enabled by default on client versions of Windows
#

---------------  S U M M A R Y ------------

Command Line: --add-opens=java.base/java.lang=ALL-UNNAMED --add-opens=java.base/java.lang.invoke=ALL-UNNAMED --add-opens=java.base/java.util=ALL-UNNAMED --add-opens=java.prefs/java.util.prefs=ALL-UNNAMED --add-exports=jdk.compiler/com.sun.tools.javac.api=ALL-UNNAMED --add-exports=jdk.compiler/com.sun.tools.javac.util=ALL-UNNAMED --add-opens=java.base/java.util=ALL-UNNAMED --add-opens=java.prefs/java.util.prefs=ALL-UNNAMED --add-opens=java.base/java.nio.charset=ALL-UNNAMED --add-opens=java.base/java.net=ALL-UNNAMED --add-opens=java.base/java.util.concurrent.atomic=ALL-UNNAMED --add-opens=java.xml/javax.xml.namespace=ALL-UNNAMED -Xmx2048m -Dfile.encoding=UTF-8 -Duser.country=US -Duser.language=en -Duser.variant -javaagent:C:\Users\loq\.gradle\wrapper\dists\gradle-8.13-bin\5xuhj0ry160q40clulazy9h7d\gradle-8.13\lib\agents\gradle-instrumentation-agent-8.13.jar org.gradle.launcher.daemon.bootstrap.GradleDaemon 8.13

Host: 12th Gen Intel(R) Core(TM) i5-12450HX, 12 cores, 15G,  Windows 11 , 64 bit Build 26100 (10.0.26100.8328)
Time: Sat Jun 20 23:14:49 2026 Egypt Daylight Time elapsed time: 86.427188 seconds (0d 0h 1m 26s)

---------------  T H R E A D  ---------------

Current thread (0x00000159afc86c90):  JavaThread "C2 CompilerThread1" daemon [_thread_in_native, id=6460, stack(0x000000090ed00000,0x000000090ee00000) (1024K)]


Current CompileTask:
C2:86428 27876   !   4       org.gradle.internal.service.DefaultServiceRegistry$ManagedObjectServiceProvider::getInstance (47 bytes)

Stack: [0x000000090ed00000,0x000000090ee00000]
Native frames: (J=compiled Java code, j=interpreted, Vv=VM code, C=native code)
V  [jvm.dll+0x6d68d9]
V  [jvm.dll+0x866693]
V  [jvm.dll+0x868c4e]
V  [jvm.dll+0x869333]
V  [jvm.dll+0x280566]
V  [jvm.dll+0xc07cd]
V  [jvm.dll+0xc0d03]
V  [jvm.dll+0x3b95e1]
V  [jvm.dll+0x385507]
V  [jvm.dll+0x38497a]
V  [jvm.dll+0x249252]
V  [jvm.dll+0x248821]
V  [jvm.dll+0x1c73a4]
V  [jvm.dll+0x257f9e]
V  [jvm.dll+0x2564e6]
V  [jvm.dll+0x3f4696]
V  [jvm.dll+0x80eac8]
V  [jvm.dll+0x6d512d]
C  [ucrtbase.dll+0x37b0]
C  [KERNEL32.DLL+0x2e957]
C  [ntdll.dll+0x427c]


---------------  P R O C E S S  ---------------

Threads class SMR info:
_java_thread_list=0x00000159a2fb6f20, length=116, elements={
0x0000015984d7b860, 0x000001599c9c5080, 0x000001599c9ede10, 0x000001599c9ef3e0,
0x000001599ca0bf20, 0x000001599ca1cc80, 0x000001599ca1e250, 0x000001599ca1ecb0,
0x000001599ca24e50, 0x000001599ca2b3d0, 0x00000159a1057c90, 0x00000159a2962450,
0x00000159a2a41ed0, 0x00000159a2dc2010, 0x00000159a2a89cc0, 0x00000159a2a8abd0,
0x00000159a2c03970, 0x00000159a2c2b7e0, 0x00000159a2c28360, 0x00000159a2c2aac0,
0x00000159a2c29080, 0x00000159a2c29710, 0x00000159a2c289f0, 0x00000159a2c2b150,
0x00000159a2c2a430, 0x00000159a599f450, 0x00000159a59a1bb0, 0x00000159a59a2240,
0x00000159a59a2f60, 0x00000159a59a28d0, 0x00000159a599fae0, 0x00000159a59a35f0,
0x00000159a59a0e90, 0x00000159a59a0800, 0x00000159a59a0170, 0x00000159a59a3c80,
0x00000159a59a4310, 0x00000159a59a49a0, 0x00000159a59a1520, 0x00000159a59a5030,
0x00000159a59a6a70, 0x00000159a59a56c0, 0x00000159a59a5d50, 0x00000159a5a31490,
0x00000159a5a30e00, 0x00000159a5a2e6a0, 0x00000159a5a31b20, 0x00000159a5a2f3c0,
0x00000159a5a2fa50, 0x00000159a5a321b0, 0x00000159a5a2ed30, 0x00000159a5a35cc0,
0x00000159a5a34fa0, 0x00000159a5a32840, 0x00000159a5a33560, 0x00000159a5a32ed0,
0x00000159a5a33bf0, 0x00000159a5a34280, 0x00000159a5a34910, 0x00000159a5a35630,
0x00000159a365c070, 0x00000159a365b9e0, 0x00000159a365cd90, 0x00000159a365c700,
0x00000159a365d420, 0x00000159a78c5060, 0x00000159a4cc1a50, 0x00000159b07d3e50,
0x00000159b07d2410, 0x00000159b07d2aa0, 0x00000159b07d3130, 0x00000159b07d44e0,
0x00000159b07d1060, 0x00000159b07d4b70, 0x00000159b07d37c0, 0x00000159b07d16f0,
0x00000159b07d5200, 0x00000159a4cbc500, 0x00000159a4cc0d30, 0x00000159a4cc13c0,
0x00000159a4cbdf40, 0x00000159a78c6410, 0x00000159a78c56f0, 0x00000159a78c9200,
0x00000159a78c9890, 0x00000159a78c9f20, 0x00000159a78c6aa0, 0x00000159a78ca5b0,
0x00000159a78cb960, 0x00000159a78cbff0, 0x00000159a78cc680, 0x00000159a7187d30,
0x00000159a7189770, 0x00000159a71890e0, 0x00000159a7187010, 0x00000159a7189e00,
0x00000159a718a490, 0x00000159a718ab20, 0x00000159a718c560, 0x00000159afc86c90,
0x00000159b11e8140, 0x00000159a7d3d1d0, 0x00000159b1ecd6a0, 0x00000159b1ecb5d0,
0x00000159b1eca220, 0x00000159b1ece3c0, 0x00000159b1ed0490, 0x00000159b1ecf770,
0x00000159b1ecdd30, 0x00000159b1ecea50, 0x00000159b1ed0b20, 0x00000159b1ed11b0,
0x00000159b1ed2560, 0x00000159b1ecfe00, 0x00000159b1ed1840, 0x00000159b1ed1ed0
}

Java Threads: ( => current thread )
  0x0000015984d7b860 JavaThread "main"                              [_thread_blocked, id=20748, stack(0x0000000908300000,0x0000000908400000) (1024K)]
  0x000001599c9c5080 JavaThread "Common-Cleaner"             daemon [_thread_blocked, id=3292, stack(0x0000000908b00000,0x0000000908c00000) (1024K)]
  0x000001599c9ede10 JavaThread "Reference Handler"          daemon [_thread_blocked, id=20380, stack(0x0000000908c00000,0x0000000908d00000) (1024K)]
  0x000001599c9ef3e0 JavaThread "Finalizer"                  daemon [_thread_blocked, id=19848, stack(0x0000000908d00000,0x0000000908e00000) (1024K)]
  0x000001599ca0bf20 JavaThread "Signal Dispatcher"          daemon [_thread_blocked, id=2712, stack(0x0000000908e00000,0x0000000908f00000) (1024K)]
  0x000001599ca1cc80 JavaThread "Attach Listener"            daemon [_thread_blocked, id=6416, stack(0x0000000908f00000,0x0000000909000000) (1024K)]
  0x000001599ca1e250 JavaThread "Service Thread"             daemon [_thread_blocked, id=17388, stack(0x0000000909000000,0x0000000909100000) (1024K)]
  0x000001599ca1ecb0 JavaThread "Monitor Deflation Thread"   daemon [_thread_blocked, id=7504, stack(0x0000000909100000,0x0000000909200000) (1024K)]
  0x000001599ca24e50 JavaThread "C2 CompilerThread0"         daemon [_thread_in_native, id=1948, stack(0x0000000909200000,0x0000000909300000) (1024K)]
  0x000001599ca2b3d0 JavaThread "C1 CompilerThread0"         daemon [_thread_blocked, id=2104, stack(0x0000000909300000,0x0000000909400000) (1024K)]
  0x00000159a1057c90 JavaThread "Notification Thread"        daemon [_thread_blocked, id=8904, stack(0x0000000909400000,0x0000000909500000) (1024K)]
  0x00000159a2962450 JavaThread "Daemon health stats"               [_thread_blocked, id=11184, stack(0x0000000909c00000,0x0000000909d00000) (1024K)]
  0x00000159a2a41ed0 JavaThread "Incoming local TCP Connector on port 53738"        [_thread_in_native, id=18056, stack(0x000000090a000000,0x000000090a100000) (1024K)]
  0x00000159a2dc2010 JavaThread "Daemon periodic checks"            [_thread_blocked, id=21336, stack(0x000000090a100000,0x000000090a200000) (1024K)]
  0x00000159a2a89cc0 JavaThread "Daemon"                            [_thread_blocked, id=2056, stack(0x000000090a200000,0x000000090a300000) (1024K)]
  0x00000159a2a8abd0 JavaThread "Handler for socket connection from /127.0.0.1:53738 to /127.0.0.1:53739"        [_thread_in_native, id=16268, stack(0x000000090a300000,0x000000090a400000) (1024K)]
  0x00000159a2c03970 JavaThread "Cancel handler"                    [_thread_blocked, id=5700, stack(0x000000090a400000,0x000000090a500000) (1024K)]
  0x00000159a2c2b7e0 JavaThread "Daemon worker"                     [_thread_in_vm, id=19416, stack(0x000000090a500000,0x000000090a600000) (1024K)]
  0x00000159a2c28360 JavaThread "Asynchronous log dispatcher for DefaultDaemonConnection: socket connection from /127.0.0.1:53738 to /127.0.0.1:53739"        [_thread_blocked, id=18152, stack(0x000000090a900000,0x000000090aa00000) (1024K)]
  0x00000159a2c2aac0 JavaThread "Stdin handler"                     [_thread_blocked, id=13000, stack(0x000000090aa00000,0x000000090ab00000) (1024K)]
  0x00000159a2c29080 JavaThread "Daemon client event forwarder"        [_thread_blocked, id=15048, stack(0x000000090ab00000,0x000000090ac00000) (1024K)]
  0x00000159a2c29710 JavaThread "Cache worker for journal cache (C:\Users\loq\.gradle\caches\journal-1)"        [_thread_blocked, id=19544, stack(0x000000090ac00000,0x000000090ad00000) (1024K)]
  0x00000159a2c289f0 JavaThread "File lock request listener"        [_thread_in_native, id=17012, stack(0x000000090ad00000,0x000000090ae00000) (1024K)]
  0x00000159a2c2b150 JavaThread "Cache worker for file hash cache (C:\Users\loq\.gradle\caches\8.13\fileHashes)"        [_thread_blocked, id=19804, stack(0x000000090ae00000,0x000000090af00000) (1024K)]
  0x00000159a2c2a430 JavaThread "Cache worker for file hash cache (C:\Users\loq\AndroidStudioProjects\EvilCorp\.gradle\8.13\fileHashes)"        [_thread_blocked, id=19740, stack(0x000000090af00000,0x000000090b000000) (1024K)]
  0x00000159a599f450 JavaThread "Cache worker for Build Output Cleanup Cache (C:\Users\loq\AndroidStudioProjects\EvilCorp\.gradle\buildOutputCleanup)"        [_thread_blocked, id=17564, stack(0x000000090b000000,0x000000090b100000) (1024K)]
  0x00000159a59a1bb0 JavaThread "File watcher server"        daemon [_thread_in_native, id=5312, stack(0x000000090b100000,0x000000090b200000) (1024K)]
  0x00000159a59a2240 JavaThread "File watcher consumer"      daemon [_thread_blocked, id=20304, stack(0x000000090b200000,0x000000090b300000) (1024K)]
  0x00000159a59a2f60 JavaThread "jar transforms"                    [_thread_blocked, id=19480, stack(0x000000090b300000,0x000000090b400000) (1024K)]
  0x00000159a59a28d0 JavaThread "jar transforms Thread 2"           [_thread_blocked, id=18248, stack(0x000000090b400000,0x000000090b500000) (1024K)]
  0x00000159a599fae0 JavaThread "jar transforms Thread 3"           [_thread_blocked, id=3832, stack(0x000000090b500000,0x000000090b600000) (1024K)]
  0x00000159a59a35f0 JavaThread "jar transforms Thread 4"           [_thread_blocked, id=13148, stack(0x000000090b600000,0x000000090b700000) (1024K)]
  0x00000159a59a0e90 JavaThread "jar transforms Thread 5"           [_thread_blocked, id=11120, stack(0x000000090b700000,0x000000090b800000) (1024K)]
  0x00000159a59a0800 JavaThread "jar transforms Thread 6"           [_thread_blocked, id=1872, stack(0x000000090b800000,0x000000090b900000) (1024K)]
  0x00000159a59a0170 JavaThread "jar transforms Thread 7"           [_thread_blocked, id=11320, stack(0x000000090b900000,0x000000090ba00000) (1024K)]
  0x00000159a59a3c80 JavaThread "jar transforms Thread 8"           [_thread_blocked, id=20692, stack(0x000000090ba00000,0x000000090bb00000) (1024K)]
  0x00000159a59a4310 JavaThread "jar transforms Thread 9"           [_thread_blocked, id=21396, stack(0x000000090bb00000,0x000000090bc00000) (1024K)]
  0x00000159a59a49a0 JavaThread "jar transforms Thread 10"          [_thread_blocked, id=15936, stack(0x000000090bc00000,0x000000090bd00000) (1024K)]
  0x00000159a59a1520 JavaThread "jar transforms Thread 11"          [_thread_blocked, id=3272, stack(0x000000090bd00000,0x000000090be00000) (1024K)]
  0x00000159a59a5030 JavaThread "jar transforms Thread 12"          [_thread_blocked, id=7388, stack(0x000000090be00000,0x000000090bf00000) (1024K)]
  0x00000159a59a6a70 JavaThread "Cache worker for checksums cache (C:\Users\loq\AndroidStudioProjects\EvilCorp\.gradle\8.13\checksums)"        [_thread_blocked, id=3868, stack(0x000000090bf00000,0x000000090c000000) (1024K)]
  0x00000159a59a56c0 JavaThread "Cache worker for file content cache (C:\Users\loq\.gradle\caches\8.13\fileContent)"        [_thread_blocked, id=14432, stack(0x000000090c000000,0x000000090c100000) (1024K)]
  0x00000159a59a5d50 JavaThread "Cache worker for cache directory md-supplier (C:\Users\loq\.gradle\caches\8.13\md-supplier)"        [_thread_blocked, id=9428, stack(0x0000000909600000,0x0000000909700000) (1024K)]
  0x00000159a5a31490 JavaThread "Cache worker for cache directory md-rule (C:\Users\loq\.gradle\caches\8.13\md-rule)"        [_thread_blocked, id=10380, stack(0x000000090c100000,0x000000090c200000) (1024K)]
  0x00000159a5a30e00 JavaThread "Unconstrained build operations"        [_thread_blocked, id=13948, stack(0x000000090c200000,0x000000090c300000) (1024K)]
  0x00000159a5a2e6a0 JavaThread "Unconstrained build operations Thread 2"        [_thread_blocked, id=17844, stack(0x000000090c300000,0x000000090c400000) (1024K)]
  0x00000159a5a31b20 JavaThread "Unconstrained build operations Thread 3"        [_thread_blocked, id=15376, stack(0x000000090c400000,0x000000090c500000) (1024K)]
  0x00000159a5a2f3c0 JavaThread "Unconstrained build operations Thread 4"        [_thread_blocked, id=4124, stack(0x000000090c500000,0x000000090c600000) (1024K)]
  0x00000159a5a2fa50 JavaThread "Unconstrained build operations Thread 5"        [_thread_blocked, id=20588, stack(0x000000090c600000,0x000000090c700000) (1024K)]
  0x00000159a5a321b0 JavaThread "Unconstrained build operations Thread 6"        [_thread_blocked, id=20584, stack(0x000000090c700000,0x000000090c800000) (1024K)]
  0x00000159a5a2ed30 JavaThread "Unconstrained build operations Thread 7"        [_thread_blocked, id=13452, stack(0x000000090c800000,0x000000090c900000) (1024K)]
  0x00000159a5a35cc0 JavaThread "Unconstrained build operations Thread 8"        [_thread_blocked, id=17488, stack(0x000000090c900000,0x000000090ca00000) (1024K)]
  0x00000159a5a34fa0 JavaThread "Unconstrained build operations Thread 9"        [_thread_blocked, id=21032, stack(0x000000090ca00000,0x000000090cb00000) (1024K)]
  0x00000159a5a32840 JavaThread "Unconstrained build operations Thread 10"        [_thread_blocked, id=12260, stack(0x000000090cb00000,0x000000090cc00000) (1024K)]
  0x00000159a5a33560 JavaThread "Unconstrained build operations Thread 11"        [_thread_blocked, id=2044, stack(0x000000090cc00000,0x000000090cd00000) (1024K)]
  0x00000159a5a32ed0 JavaThread "Unconstrained build operations Thread 12"        [_thread_blocked, id=7308, stack(0x000000090cd00000,0x000000090ce00000) (1024K)]
  0x00000159a5a33bf0 JavaThread "Unconstrained build operations Thread 13"        [_thread_blocked, id=18692, stack(0x000000090ce00000,0x000000090cf00000) (1024K)]
  0x00000159a5a34280 JavaThread "Unconstrained build operations Thread 14"        [_thread_blocked, id=4040, stack(0x000000090cf00000,0x000000090d000000) (1024K)]
  0x00000159a5a34910 JavaThread "Unconstrained build operations Thread 15"        [_thread_blocked, id=7072, stack(0x000000090d000000,0x000000090d100000) (1024K)]
  0x00000159a5a35630 JavaThread "Unconstrained build operations Thread 16"        [_thread_blocked, id=744, stack(0x000000090d100000,0x000000090d200000) (1024K)]
  0x00000159a365c070 JavaThread "Unconstrained build operations Thread 17"        [_thread_blocked, id=19040, stack(0x000000090d200000,0x000000090d300000) (1024K)]
  0x00000159a365b9e0 JavaThread "Unconstrained build operations Thread 18"        [_thread_blocked, id=20940, stack(0x000000090d300000,0x000000090d400000) (1024K)]
  0x00000159a365cd90 JavaThread "Unconstrained build operations Thread 19"        [_thread_blocked, id=9032, stack(0x000000090d400000,0x000000090d500000) (1024K)]
  0x00000159a365c700 JavaThread "Unconstrained build operations Thread 20"        [_thread_blocked, id=17664, stack(0x000000090d500000,0x000000090d600000) (1024K)]
  0x00000159a365d420 JavaThread "Unconstrained build operations Thread 21"        [_thread_blocked, id=18260, stack(0x000000090d600000,0x000000090d700000) (1024K)]
  0x00000159a78c5060 JavaThread "Kotlin DSL Writer"                 [_thread_blocked, id=13688, stack(0x000000090d700000,0x000000090d800000) (1024K)]
  0x00000159a4cc1a50 JavaThread "Unconstrained build operations Thread 22"        [_thread_blocked, id=17400, stack(0x000000090d900000,0x000000090da00000) (1024K)]
  0x00000159b07d3e50 JavaThread "Unconstrained build operations Thread 23"        [_thread_blocked, id=6592, stack(0x000000090da00000,0x000000090db00000) (1024K)]
  0x00000159b07d2410 JavaThread "Unconstrained build operations Thread 24"        [_thread_blocked, id=15324, stack(0x000000090db00000,0x000000090dc00000) (1024K)]
  0x00000159b07d2aa0 JavaThread "Unconstrained build operations Thread 25"        [_thread_blocked, id=19988, stack(0x000000090dc00000,0x000000090dd00000) (1024K)]
  0x00000159b07d3130 JavaThread "Unconstrained build operations Thread 26"        [_thread_blocked, id=20856, stack(0x000000090dd00000,0x000000090de00000) (1024K)]
  0x00000159b07d44e0 JavaThread "Unconstrained build operations Thread 27"        [_thread_blocked, id=20896, stack(0x000000090de00000,0x000000090df00000) (1024K)]
  0x00000159b07d1060 JavaThread "Unconstrained build operations Thread 28"        [_thread_blocked, id=20932, stack(0x000000090df00000,0x000000090e000000) (1024K)]
  0x00000159b07d4b70 JavaThread "Unconstrained build operations Thread 29"        [_thread_blocked, id=5188, stack(0x000000090e000000,0x000000090e100000) (1024K)]
  0x00000159b07d37c0 JavaThread "Unconstrained build operations Thread 30"        [_thread_blocked, id=16752, stack(0x000000090e100000,0x000000090e200000) (1024K)]
  0x00000159b07d16f0 JavaThread "Unconstrained build operations Thread 31"        [_thread_blocked, id=20900, stack(0x000000090e200000,0x000000090e300000) (1024K)]
  0x00000159b07d5200 JavaThread "Unconstrained build operations Thread 32"        [_thread_blocked, id=20920, stack(0x000000090e300000,0x000000090e400000) (1024K)]
  0x00000159a4cbc500 JavaThread "Unconstrained build operations Thread 33"        [_thread_blocked, id=9696, stack(0x0000000908000000,0x0000000908100000) (1024K)]
  0x00000159a4cc0d30 JavaThread "Unconstrained build operations Thread 34"        [_thread_blocked, id=12976, stack(0x0000000908200000,0x0000000908300000) (1024K)]
  0x00000159a4cc13c0 JavaThread "Unconstrained build operations Thread 35"        [_thread_blocked, id=9168, stack(0x000000090e400000,0x000000090e500000) (1024K)]
  0x00000159a4cbdf40 JavaThread "Unconstrained build operations Thread 36"        [_thread_blocked, id=3148, stack(0x000000090e500000,0x000000090e600000) (1024K)]
  0x00000159a78c6410 JavaThread "Unconstrained build operations Thread 37"        [_thread_blocked, id=10624, stack(0x000000090e600000,0x000000090e700000) (1024K)]
  0x00000159a78c56f0 JavaThread "Unconstrained build operations Thread 38"        [_thread_blocked, id=15676, stack(0x000000090e700000,0x000000090e800000) (1024K)]
  0x00000159a78c9200 JavaThread "Unconstrained build operations Thread 39"        [_thread_blocked, id=16112, stack(0x000000090e800000,0x000000090e900000) (1024K)]
  0x00000159a78c9890 JavaThread "Unconstrained build operations Thread 40"        [_thread_blocked, id=20476, stack(0x000000090e900000,0x000000090ea00000) (1024K)]
  0x00000159a78c9f20 JavaThread "Unconstrained build operations Thread 41"        [_thread_blocked, id=18956, stack(0x000000090ea00000,0x000000090eb00000) (1024K)]
  0x00000159a78c6aa0 JavaThread "Unconstrained build operations Thread 42"        [_thread_blocked, id=9380, stack(0x000000090eb00000,0x000000090ec00000) (1024K)]
  0x00000159a78ca5b0 JavaThread "Unconstrained build operations Thread 43"        [_thread_blocked, id=16560, stack(0x000000090ec00000,0x000000090ed00000) (1024K)]
  0x00000159a78cb960 JavaThread "Unconstrained build operations Thread 44"        [_thread_blocked, id=13936, stack(0x000000090ee00000,0x000000090ef00000) (1024K)]
  0x00000159a78cbff0 JavaThread "Unconstrained build operations Thread 45"        [_thread_blocked, id=19204, stack(0x000000090ef00000,0x000000090f000000) (1024K)]
  0x00000159a78cc680 JavaThread "Unconstrained build operations Thread 46"        [_thread_blocked, id=18652, stack(0x000000090f000000,0x000000090f100000) (1024K)]
  0x00000159a7187d30 JavaThread "Unconstrained build operations Thread 47"        [_thread_blocked, id=15180, stack(0x000000090f100000,0x000000090f200000) (1024K)]
  0x00000159a7189770 JavaThread "Unconstrained build operations Thread 48"        [_thread_blocked, id=16888, stack(0x000000090f200000,0x000000090f300000) (1024K)]
  0x00000159a71890e0 JavaThread "Unconstrained build operations Thread 49"        [_thread_blocked, id=11144, stack(0x000000090f300000,0x000000090f400000) (1024K)]
  0x00000159a7187010 JavaThread "Unconstrained build operations Thread 50"        [_thread_blocked, id=15712, stack(0x000000090f400000,0x000000090f500000) (1024K)]
  0x00000159a7189e00 JavaThread "Unconstrained build operations Thread 51"        [_thread_blocked, id=10300, stack(0x000000090f500000,0x000000090f600000) (1024K)]
  0x00000159a718a490 JavaThread "Unconstrained build operations Thread 52"        [_thread_blocked, id=20972, stack(0x000000090f600000,0x000000090f700000) (1024K)]
  0x00000159a718ab20 JavaThread "Unconstrained build operations Thread 53"        [_thread_blocked, id=1896, stack(0x000000090f700000,0x000000090f800000) (1024K)]
  0x00000159a718c560 JavaThread "Unconstrained build operations Thread 54"        [_thread_blocked, id=19400, stack(0x000000090f800000,0x000000090f900000) (1024K)]
=>0x00000159afc86c90 JavaThread "C2 CompilerThread1"         daemon [_thread_in_native, id=6460, stack(0x000000090ed00000,0x000000090ee00000) (1024K)]
  0x00000159b11e8140 JavaThread "Memory manager"                    [_thread_blocked, id=9188, stack(0x000000090fa00000,0x000000090fb00000) (1024K)]
  0x00000159a7d3d1d0 JavaThread "C2 CompilerThread2"         daemon [_thread_blocked, id=20576, stack(0x000000090f900000,0x000000090fa00000) (1024K)]
  0x00000159b1ecd6a0 JavaThread "included builds"                   [_thread_blocked, id=20312, stack(0x000000090fb00000,0x000000090fc00000) (1024K)]
  0x00000159b1ecb5d0 JavaThread "Execution worker"                  [_thread_blocked, id=9000, stack(0x000000090fc00000,0x000000090fd00000) (1024K)]
  0x00000159b1eca220 JavaThread "Execution worker Thread 2"         [_thread_blocked, id=6788, stack(0x000000090fd00000,0x000000090fe00000) (1024K)]
  0x00000159b1ece3c0 JavaThread "Execution worker Thread 3"         [_thread_blocked, id=9404, stack(0x000000090fe00000,0x000000090ff00000) (1024K)]
  0x00000159b1ed0490 JavaThread "Execution worker Thread 4"         [_thread_blocked, id=20824, stack(0x000000090ff00000,0x0000000910000000) (1024K)]
  0x00000159b1ecf770 JavaThread "Execution worker Thread 5"         [_thread_blocked, id=21120, stack(0x0000000910000000,0x0000000910100000) (1024K)]
  0x00000159b1ecdd30 JavaThread "Execution worker Thread 6"         [_thread_blocked, id=21472, stack(0x0000000910100000,0x0000000910200000) (1024K)]
  0x00000159b1ecea50 JavaThread "Execution worker Thread 7"         [_thread_blocked, id=7596, stack(0x0000000910200000,0x0000000910300000) (1024K)]
  0x00000159b1ed0b20 JavaThread "Execution worker Thread 8"         [_thread_blocked, id=6976, stack(0x0000000910300000,0x0000000910400000) (1024K)]
  0x00000159b1ed11b0 JavaThread "Execution worker Thread 9"         [_thread_blocked, id=4884, stack(0x0000000910400000,0x0000000910500000) (1024K)]
  0x00000159b1ed2560 JavaThread "Execution worker Thread 10"        [_thread_blocked, id=16952, stack(0x0000000910500000,0x0000000910600000) (1024K)]
  0x00000159b1ecfe00 JavaThread "Execution worker Thread 11"        [_thread_blocked, id=1660, stack(0x0000000910600000,0x0000000910700000) (1024K)]
  0x00000159b1ed1840 JavaThread "Cache worker for execution history cache (C:\Users\loq\AndroidStudioProjects\EvilCorp\.gradle\8.13\executionHistory)"        [_thread_blocked, id=20756, stack(0x0000000910700000,0x0000000910800000) (1024K)]
  0x00000159b1ed1ed0 JavaThread "idea-tooling-model-converter"        [_thread_in_vm, id=12712, stack(0x0000000910800000,0x0000000910900000) (1024K)]
Total: 116

Other Threads:
  0x000001599c8cb4a0 VMThread "VM Thread"                           [id=5272, stack(0x0000000908a00000,0x0000000908b00000) (1024K)]
  0x000001599c9610a0 WatcherThread "VM Periodic Task Thread"        [id=13600, stack(0x0000000908900000,0x0000000908a00000) (1024K)]
  0x0000015984dd5640 WorkerThread "GC Thread#0"                     [id=10728, stack(0x0000000908400000,0x0000000908500000) (1024K)]
  0x00000159a15ad1a0 WorkerThread "GC Thread#1"                     [id=20924, stack(0x0000000909700000,0x0000000909800000) (1024K)]
  0x00000159a15ad540 WorkerThread "GC Thread#2"                     [id=18616, stack(0x0000000909800000,0x0000000909900000) (1024K)]
  0x00000159a15ad8e0 WorkerThread "GC Thread#3"                     [id=12532, stack(0x0000000909900000,0x0000000909a00000) (1024K)]
  0x00000159a11b9e30 WorkerThread "GC Thread#4"                     [id=8828, stack(0x0000000909a00000,0x0000000909b00000) (1024K)]
  0x00000159a11ba1d0 WorkerThread "GC Thread#5"                     [id=16996, stack(0x0000000909b00000,0x0000000909c00000) (1024K)]
  0x00000159a2961da0 WorkerThread "GC Thread#6"                     [id=3980, stack(0x0000000909d00000,0x0000000909e00000) (1024K)]
  0x00000159a27acde0 WorkerThread "GC Thread#7"                     [id=13884, stack(0x0000000909e00000,0x0000000909f00000) (1024K)]
  0x00000159a2a2d6c0 WorkerThread "GC Thread#8"                     [id=7312, stack(0x0000000909f00000,0x000000090a000000) (1024K)]
  0x00000159a2908400 WorkerThread "GC Thread#9"                     [id=21256, stack(0x000000090a600000,0x000000090a700000) (1024K)]
  0x0000015984de6530 ConcurrentGCThread "G1 Main Marker"            [id=9520, stack(0x0000000908500000,0x0000000908600000) (1024K)]
  0x0000015984de6f40 WorkerThread "G1 Conc#0"                       [id=18844, stack(0x0000000908600000,0x0000000908700000) (1024K)]
  0x00000159a2908ee0 WorkerThread "G1 Conc#1"                       [id=9580, stack(0x000000090a700000,0x000000090a800000) (1024K)]
  0x00000159a2909280 WorkerThread "G1 Conc#2"                       [id=4656, stack(0x000000090a800000,0x000000090a900000) (1024K)]
  0x000001599c7d8070 ConcurrentGCThread "G1 Refine#0"               [id=9388, stack(0x0000000908700000,0x0000000908800000) (1024K)]
  0x000001599c7d9ca0 ConcurrentGCThread "G1 Service"                [id=17124, stack(0x0000000908800000,0x0000000908900000) (1024K)]
Total: 18

Threads with active compile tasks:
C2 CompilerThread0  86498 27875       4       org.gradle.internal.service.DefaultServiceRegistry$SingletonService::get (5 bytes)
C1 CompilerThread0  86498 27974   !   3       jdk.internal.loader.BuiltinClassLoader::findMiscResource (122 bytes)
C2 CompilerThread1  86498 27876   !   4       org.gradle.internal.service.DefaultServiceRegistry$ManagedObjectServiceProvider::getInstance (47 bytes)
Total: 3

VM state: not at safepoint (normal execution)

VM Mutex/Monitor currently owned by a thread: None

Heap address: 0x0000000080000000, size: 2048 MB, Compressed Oops mode: 32-bit

CDS archive(s) not mapped
Compressed class space mapped at: 0x0000000100000000-0x0000000140000000, reserved size: 1073741824
Narrow klass base: 0x0000000000000000, Narrow klass shift: 3, Narrow klass range: 0x140000000

GC Precious Log:
 CardTable entry size: 512
 Card Set container configuration: InlinePtr #cards 5 size 8 Array Of Cards #cards 12 size 40 Howl #buckets 4 coarsen threshold 1843 Howl Bitmap #cards 512 size 80 coarsen threshold 460 Card regions per heap region 1 cards per card region 2048
 CPUs: 12 total, 12 available
 Memory: 16091M
 Large Page Support: Disabled
 NUMA Support: Disabled
 Compressed Oops: Enabled (32-bit)
 Heap Region Size: 1M
 Heap Min Capacity: 8M
 Heap Initial Capacity: 252M
 Heap Max Capacity: 2G
 Pre-touch: Disabled
 Parallel Workers: 10
 Concurrent Workers: 3
 Concurrent Refinement Workers: 10
 Periodic GC: Disabled

Heap:
 garbage-first heap   total 406528K, used 293878K [0x0000000080000000, 0x0000000100000000)
  region size 1024K, 49 young (50176K), 5 survivors (5120K)
 Metaspace       used 192790K, committed 195456K, reserved 1245184K
  class space    used 25417K, committed 26688K, reserved 1048576K

Heap Regions: E=young(eden), S=young(survivor), O=old, HS=humongous(starts), HC=humongous(continues), CS=collection set, F=free, TAMS=top-at-mark-start, PB=parsable bottom
|   0|0x0000000080000000, 0x0000000080100000, 0x0000000080100000|100%|HS|  |TAMS 0x0000000080000000| PB 0x0000000080000000| Complete 
|   1|0x0000000080100000, 0x0000000080200000, 0x0000000080200000|100%|HC|  |TAMS 0x0000000080100000| PB 0x0000000080100000| Complete 
|   2|0x0000000080200000, 0x0000000080300000, 0x0000000080300000|100%|HC|  |TAMS 0x0000000080200000| PB 0x0000000080200000| Complete 
|   3|0x0000000080300000, 0x0000000080400000, 0x0000000080400000|100%| O|  |TAMS 0x0000000080300000| PB 0x0000000080300000| Untracked 
|   4|0x0000000080400000, 0x0000000080500000, 0x0000000080500000|100%| O|  |TAMS 0x0000000080400000| PB 0x0000000080400000| Untracked 
|   5|0x0000000080500000, 0x0000000080600000, 0x0000000080600000|100%| O|  |TAMS 0x0000000080500000| PB 0x0000000080500000| Untracked 
|   6|0x0000000080600000, 0x0000000080700000, 0x0000000080700000|100%|HS|  |TAMS 0x0000000080600000| PB 0x0000000080600000| Complete 
|   7|0x0000000080700000, 0x0000000080800000, 0x0000000080800000|100%| O|  |TAMS 0x0000000080700000| PB 0x0000000080700000| Untracked 
|   8|0x0000000080800000, 0x0000000080900000, 0x0000000080900000|100%| O|  |TAMS 0x0000000080800000| PB 0x0000000080800000| Untracked 
|   9|0x0000000080900000, 0x0000000080a00000, 0x0000000080a00000|100%| O|  |TAMS 0x0000000080900000| PB 0x0000000080900000| Untracked 
|  10|0x0000000080a00000, 0x0000000080b00000, 0x0000000080b00000|100%| O|  |TAMS 0x0000000080a00000| PB 0x0000000080a00000| Untracked 
|  11|0x0000000080b00000, 0x0000000080c00000, 0x0000000080c00000|100%| O|  |TAMS 0x0000000080b00000| PB 0x0000000080b00000| Untracked 
|  12|0x0000000080c00000, 0x0000000080d00000, 0x0000000080d00000|100%| O|  |TAMS 0x0000000080c00000| PB 0x0000000080c00000| Untracked 
|  13|0x0000000080d00000, 0x0000000080e00000, 0x0000000080e00000|100%| O|  |TAMS 0x0000000080d00000| PB 0x0000000080d00000| Untracked 
|  14|0x0000000080e00000, 0x0000000080f00000, 0x0000000080f00000|100%| O|  |TAMS 0x0000000080e00000| PB 0x0000000080e00000| Untracked 
|  15|0x0000000080f00000, 0x0000000081000000, 0x0000000081000000|100%| O|  |TAMS 0x0000000080f00000| PB 0x0000000080f00000| Untracked 
|  16|0x0000000081000000, 0x0000000081100000, 0x0000000081100000|100%| O|  |TAMS 0x0000000081000000| PB 0x0000000081000000| Untracked 
|  17|0x0000000081100000, 0x0000000081200000, 0x0000000081200000|100%| O|  |TAMS 0x0000000081100000| PB 0x0000000081100000| Untracked 
|  18|0x0000000081200000, 0x0000000081300000, 0x0000000081300000|100%| O|  |TAMS 0x0000000081200000| PB 0x0000000081200000| Untracked 
|  19|0x0000000081300000, 0x0000000081400000, 0x0000000081400000|100%| O|  |TAMS 0x0000000081300000| PB 0x0000000081300000| Untracked 
|  20|0x0000000081400000, 0x0000000081500000, 0x0000000081500000|100%| O|  |TAMS 0x0000000081400000| PB 0x0000000081400000| Untracked 
|  21|0x0000000081500000, 0x0000000081600000, 0x0000000081600000|100%| O|  |TAMS 0x0000000081500000| PB 0x0000000081500000| Untracked 
|  22|0x0000000081600000, 0x0000000081700000, 0x0000000081700000|100%|HS|  |TAMS 0x0000000081600000| PB 0x0000000081600000| Complete 
|  23|0x0000000081700000, 0x0000000081800000, 0x0000000081800000|100%|HC|  |TAMS 0x0000000081700000| PB 0x0000000081700000| Complete 
|  24|0x0000000081800000, 0x0000000081900000, 0x0000000081900000|100%|HC|  |TAMS 0x0000000081800000| PB 0x0000000081800000| Complete 
|  25|0x0000000081900000, 0x0000000081a00000, 0x0000000081a00000|100%|HC|  |TAMS 0x0000000081900000| PB 0x0000000081900000| Complete 
|  26|0x0000000081a00000, 0x0000000081b00000, 0x0000000081b00000|100%|HC|  |TAMS 0x0000000081a00000| PB 0x0000000081a00000| Complete 
|  27|0x0000000081b00000, 0x0000000081c00000, 0x0000000081c00000|100%|HC|  |TAMS 0x0000000081b00000| PB 0x0000000081b00000| Complete 
|  28|0x0000000081c00000, 0x0000000081d00000, 0x0000000081d00000|100%|HS|  |TAMS 0x0000000081c00000| PB 0x0000000081c00000| Complete 
|  29|0x0000000081d00000, 0x0000000081e00000, 0x0000000081e00000|100%|HS|  |TAMS 0x0000000081d00000| PB 0x0000000081d00000| Complete 
|  30|0x0000000081e00000, 0x0000000081f00000, 0x0000000081f00000|100%|HC|  |TAMS 0x0000000081e00000| PB 0x0000000081e00000| Complete 
|  31|0x0000000081f00000, 0x0000000082000000, 0x0000000082000000|100%|HS|  |TAMS 0x0000000081f00000| PB 0x0000000081f00000| Complete 
|  32|0x0000000082000000, 0x0000000082100000, 0x0000000082100000|100%|HC|  |TAMS 0x0000000082000000| PB 0x0000000082000000| Complete 
|  33|0x0000000082100000, 0x0000000082200000, 0x0000000082200000|100%|HC|  |TAMS 0x0000000082100000| PB 0x0000000082100000| Complete 
|  34|0x0000000082200000, 0x0000000082300000, 0x0000000082300000|100%|HC|  |TAMS 0x0000000082200000| PB 0x0000000082200000| Complete 
|  35|0x0000000082300000, 0x0000000082400000, 0x0000000082400000|100%|HS|  |TAMS 0x0000000082300000| PB 0x0000000082300000| Complete 
|  36|0x0000000082400000, 0x0000000082500000, 0x0000000082500000|100%|HS|  |TAMS 0x0000000082400000| PB 0x0000000082400000| Complete 
|  37|0x0000000082500000, 0x0000000082600000, 0x0000000082600000|100%|HC|  |TAMS 0x0000000082500000| PB 0x0000000082500000| Complete 
|  38|0x0000000082600000, 0x0000000082700000, 0x0000000082700000|100%|HC|  |TAMS 0x0000000082600000| PB 0x0000000082600000| Complete 
|  39|0x0000000082700000, 0x0000000082800000, 0x0000000082800000|100%|HC|  |TAMS 0x0000000082700000| PB 0x0000000082700000| Complete 
|  40|0x0000000082800000, 0x0000000082900000, 0x0000000082900000|100%|HC|  |TAMS 0x0000000082800000| PB 0x0000000082800000| Complete 
|  41|0x0000000082900000, 0x0000000082a00000, 0x0000000082a00000|100%|HC|  |TAMS 0x0000000082900000| PB 0x0000000082900000| Complete 
|  42|0x0000000082a00000, 0x0000000082b00000, 0x0000000082b00000|100%| O|  |TAMS 0x0000000082a00000| PB 0x0000000082a00000| Untracked 
|  43|0x0000000082b00000, 0x0000000082c00000, 0x0000000082c00000|100%| O|  |TAMS 0x0000000082b00000| PB 0x0000000082b00000| Untracked 
|  44|0x0000000082c00000, 0x0000000082d00000, 0x0000000082d00000|100%| O|  |TAMS 0x0000000082c00000| PB 0x0000000082c00000| Untracked 
|  45|0x0000000082d00000, 0x0000000082e00000, 0x0000000082e00000|100%| O|  |TAMS 0x0000000082d00000| PB 0x0000000082d00000| Untracked 
|  46|0x0000000082e00000, 0x0000000082f00000, 0x0000000082f00000|100%| O|  |TAMS 0x0000000082e00000| PB 0x0000000082e00000| Untracked 
|  47|0x0000000082f00000, 0x0000000083000000, 0x0000000083000000|100%| O|  |TAMS 0x0000000082f00000| PB 0x0000000082f00000| Untracked 
|  48|0x0000000083000000, 0x0000000083100000, 0x0000000083100000|100%| O|  |TAMS 0x0000000083000000| PB 0x0000000083000000| Untracked 
|  49|0x0000000083100000, 0x0000000083200000, 0x0000000083200000|100%|HS|  |TAMS 0x0000000083100000| PB 0x0000000083100000| Complete 
|  50|0x0000000083200000, 0x0000000083300000, 0x0000000083300000|100%|HS|  |TAMS 0x0000000083200000| PB 0x0000000083200000| Complete 
|  51|0x0000000083300000, 0x0000000083400000, 0x0000000083400000|100%|HC|  |TAMS 0x0000000083300000| PB 0x0000000083300000| Complete 
|  52|0x0000000083400000, 0x0000000083500000, 0x0000000083500000|100%|HS|  |TAMS 0x0000000083400000| PB 0x0000000083400000| Complete 
|  53|0x0000000083500000, 0x0000000083600000, 0x0000000083600000|100%|HC|  |TAMS 0x0000000083500000| PB 0x0000000083500000| Complete 
|  54|0x0000000083600000, 0x0000000083700000, 0x0000000083700000|100%|HC|  |TAMS 0x0000000083600000| PB 0x0000000083600000| Complete 
|  55|0x0000000083700000, 0x0000000083800000, 0x0000000083800000|100%|HC|  |TAMS 0x0000000083700000| PB 0x0000000083700000| Complete 
|  56|0x0000000083800000, 0x0000000083900000, 0x0000000083900000|100%|HS|  |TAMS 0x0000000083800000| PB 0x0000000083800000| Complete 
|  57|0x0000000083900000, 0x0000000083a00000, 0x0000000083a00000|100%| O|  |TAMS 0x0000000083900000| PB 0x0000000083900000| Untracked 
|  58|0x0000000083a00000, 0x0000000083b00000, 0x0000000083b00000|100%| O|  |TAMS 0x0000000083a00000| PB 0x0000000083a00000| Untracked 
|  59|0x0000000083b00000, 0x0000000083c00000, 0x0000000083c00000|100%| O|  |TAMS 0x0000000083b00000| PB 0x0000000083b00000| Untracked 
|  60|0x0000000083c00000, 0x0000000083d00000, 0x0000000083d00000|100%| O|  |TAMS 0x0000000083c00000| PB 0x0000000083c00000| Untracked 
|  61|0x0000000083d00000, 0x0000000083e00000, 0x0000000083e00000|100%| O|  |TAMS 0x0000000083d00000| PB 0x0000000083d00000| Untracked 
|  62|0x0000000083e00000, 0x0000000083f00000, 0x0000000083f00000|100%| O|  |TAMS 0x0000000083e00000| PB 0x0000000083e00000| Untracked 
|  63|0x0000000083f00000, 0x0000000084000000, 0x0000000084000000|100%| O|  |TAMS 0x0000000083f00000| PB 0x0000000083f00000| Untracked 
|  64|0x0000000084000000, 0x0000000084100000, 0x0000000084100000|100%| O|  |TAMS 0x0000000084000000| PB 0x0000000084000000| Untracked 
|  65|0x0000000084100000, 0x0000000084200000, 0x0000000084200000|100%|HS|  |TAMS 0x0000000084100000| PB 0x0000000084100000| Complete 
|  66|0x0000000084200000, 0x0000000084300000, 0x0000000084300000|100%|HC|  |TAMS 0x0000000084200000| PB 0x0000000084200000| Complete 
|  67|0x0000000084300000, 0x0000000084400000, 0x0000000084400000|100%| O|  |TAMS 0x0000000084300000| PB 0x0000000084300000| Untracked 
|  68|0x0000000084400000, 0x0000000084500000, 0x0000000084500000|100%| O|  |TAMS 0x0000000084400000| PB 0x0000000084400000| Untracked 
|  69|0x0000000084500000, 0x0000000084600000, 0x0000000084600000|100%| O|  |TAMS 0x0000000084500000| PB 0x0000000084500000| Untracked 
|  70|0x0000000084600000, 0x0000000084700000, 0x0000000084700000|100%| O|  |TAMS 0x0000000084600000| PB 0x0000000084600000| Untracked 
|  71|0x0000000084700000, 0x0000000084800000, 0x0000000084800000|100%| O|  |TAMS 0x0000000084700000| PB 0x0000000084700000| Untracked 
|  72|0x0000000084800000, 0x0000000084900000, 0x0000000084900000|100%| O|  |TAMS 0x0000000084800000| PB 0x0000000084800000| Untracked 
|  73|0x0000000084900000, 0x0000000084a00000, 0x0000000084a00000|100%| O|  |TAMS 0x0000000084900000| PB 0x0000000084900000| Untracked 
|  74|0x0000000084a00000, 0x0000000084b00000, 0x0000000084b00000|100%| O|  |TAMS 0x0000000084a00000| PB 0x0000000084a00000| Untracked 
|  75|0x0000000084b00000, 0x0000000084c00000, 0x0000000084c00000|100%| O|  |TAMS 0x0000000084b00000| PB 0x0000000084b00000| Untracked 
|  76|0x0000000084c00000, 0x0000000084d00000, 0x0000000084d00000|100%| O|  |TAMS 0x0000000084c00000| PB 0x0000000084c00000| Untracked 
|  77|0x0000000084d00000, 0x0000000084e00000, 0x0000000084e00000|100%|HS|  |TAMS 0x0000000084d00000| PB 0x0000000084d00000| Complete 
|  78|0x0000000084e00000, 0x0000000084f00000, 0x0000000084f00000|100%|HC|  |TAMS 0x0000000084e00000| PB 0x0000000084e00000| Complete 
|  79|0x0000000084f00000, 0x0000000085000000, 0x0000000085000000|100%|HC|  |TAMS 0x0000000084f00000| PB 0x0000000084f00000| Complete 
|  80|0x0000000085000000, 0x0000000085100000, 0x0000000085100000|100%|HC|  |TAMS 0x0000000085000000| PB 0x0000000085000000| Complete 
|  81|0x0000000085100000, 0x0000000085200000, 0x0000000085200000|100%|HC|  |TAMS 0x0000000085100000| PB 0x0000000085100000| Complete 
|  82|0x0000000085200000, 0x0000000085300000, 0x0000000085300000|100%|HC|  |TAMS 0x0000000085200000| PB 0x0000000085200000| Complete 
|  83|0x0000000085300000, 0x0000000085400000, 0x0000000085400000|100%|HS|  |TAMS 0x0000000085300000| PB 0x0000000085300000| Complete 
|  84|0x0000000085400000, 0x0000000085500000, 0x0000000085500000|100%|HS|  |TAMS 0x0000000085400000| PB 0x0000000085400000| Complete 
|  85|0x0000000085500000, 0x0000000085600000, 0x0000000085600000|100%|HC|  |TAMS 0x0000000085500000| PB 0x0000000085500000| Complete 
|  86|0x0000000085600000, 0x0000000085700000, 0x0000000085700000|100%|HC|  |TAMS 0x0000000085600000| PB 0x0000000085600000| Complete 
|  87|0x0000000085700000, 0x0000000085800000, 0x0000000085800000|100%|HC|  |TAMS 0x0000000085700000| PB 0x0000000085700000| Complete 
|  88|0x0000000085800000, 0x0000000085900000, 0x0000000085900000|100%|HC|  |TAMS 0x0000000085800000| PB 0x0000000085800000| Complete 
|  89|0x0000000085900000, 0x0000000085a00000, 0x0000000085a00000|100%|HC|  |TAMS 0x0000000085900000| PB 0x0000000085900000| Complete 
|  90|0x0000000085a00000, 0x0000000085b00000, 0x0000000085b00000|100%|HS|  |TAMS 0x0000000085a00000| PB 0x0000000085a00000| Complete 
|  91|0x0000000085b00000, 0x0000000085c00000, 0x0000000085c00000|100%| O|  |TAMS 0x0000000085b00000| PB 0x0000000085b00000| Untracked 
|  92|0x0000000085c00000, 0x0000000085d00000, 0x0000000085d00000|100%| O|  |TAMS 0x0000000085c00000| PB 0x0000000085c00000| Untracked 
|  93|0x0000000085d00000, 0x0000000085e00000, 0x0000000085e00000|100%|HS|  |TAMS 0x0000000085d00000| PB 0x0000000085d00000| Complete 
|  94|0x0000000085e00000, 0x0000000085f00000, 0x0000000085f00000|100%|HC|  |TAMS 0x0000000085e00000| PB 0x0000000085e00000| Complete 
|  95|0x0000000085f00000, 0x0000000086000000, 0x0000000086000000|100%|HC|  |TAMS 0x0000000085f00000| PB 0x0000000085f00000| Complete 
|  96|0x0000000086000000, 0x0000000086100000, 0x0000000086100000|100%|HC|  |TAMS 0x0000000086000000| PB 0x0000000086000000| Complete 
|  97|0x0000000086100000, 0x0000000086200000, 0x0000000086200000|100%|HC|  |TAMS 0x0000000086100000| PB 0x0000000086100000| Complete 
|  98|0x0000000086200000, 0x0000000086300000, 0x0000000086300000|100%|HC|  |TAMS 0x0000000086200000| PB 0x0000000086200000| Complete 
|  99|0x0000000086300000, 0x0000000086400000, 0x0000000086400000|100%|HS|  |TAMS 0x0000000086300000| PB 0x0000000086300000| Complete 
| 100|0x0000000086400000, 0x0000000086500000, 0x0000000086500000|100%| O|  |TAMS 0x0000000086400000| PB 0x0000000086400000| Untracked 
| 101|0x0000000086500000, 0x0000000086600000, 0x0000000086600000|100%| O|  |TAMS 0x0000000086500000| PB 0x0000000086500000| Untracked 
| 102|0x0000000086600000, 0x0000000086700000, 0x0000000086700000|100%| O|  |TAMS 0x0000000086600000| PB 0x0000000086600000| Untracked 
| 103|0x0000000086700000, 0x0000000086800000, 0x0000000086800000|100%|HS|  |TAMS 0x0000000086700000| PB 0x0000000086700000| Complete 
| 104|0x0000000086800000, 0x0000000086900000, 0x0000000086900000|100%| O|  |TAMS 0x0000000086800000| PB 0x0000000086800000| Untracked 
| 105|0x0000000086900000, 0x0000000086a00000, 0x0000000086a00000|100%| O|  |TAMS 0x0000000086900000| PB 0x0000000086900000| Untracked 
| 106|0x0000000086a00000, 0x0000000086b00000, 0x0000000086b00000|100%| O|  |TAMS 0x0000000086a00000| PB 0x0000000086a00000| Untracked 
| 107|0x0000000086b00000, 0x0000000086c00000, 0x0000000086c00000|100%| O|  |TAMS 0x0000000086b00000| PB 0x0000000086b00000| Untracked 
| 108|0x0000000086c00000, 0x0000000086d00000, 0x0000000086d00000|100%| O|  |TAMS 0x0000000086c00000| PB 0x0000000086c00000| Untracked 
| 109|0x0000000086d00000, 0x0000000086e00000, 0x0000000086e00000|100%| O|  |TAMS 0x0000000086d00000| PB 0x0000000086d00000| Untracked 
| 110|0x0000000086e00000, 0x0000000086f00000, 0x0000000086f00000|100%| O|  |TAMS 0x0000000086e00000| PB 0x0000000086e00000| Untracked 
| 111|0x0000000086f00000, 0x0000000087000000, 0x0000000087000000|100%| O|  |TAMS 0x0000000086f00000| PB 0x0000000086f00000| Untracked 
| 112|0x0000000087000000, 0x0000000087100000, 0x0000000087100000|100%| O|  |TAMS 0x0000000087000000| PB 0x0000000087000000| Untracked 
| 113|0x0000000087100000, 0x0000000087200000, 0x0000000087200000|100%| O|  |TAMS 0x0000000087100000| PB 0x0000000087100000| Untracked 
| 114|0x0000000087200000, 0x0000000087300000, 0x0000000087300000|100%| O|  |TAMS 0x0000000087200000| PB 0x0000000087200000| Untracked 
| 115|0x0000000087300000, 0x0000000087400000, 0x0000000087400000|100%| O|  |TAMS 0x0000000087300000| PB 0x0000000087300000| Untracked 
| 116|0x0000000087400000, 0x0000000087500000, 0x0000000087500000|100%| O|  |TAMS 0x0000000087400000| PB 0x0000000087400000| Untracked 
| 117|0x0000000087500000, 0x0000000087600000, 0x0000000087600000|100%| O|  |TAMS 0x0000000087500000| PB 0x0000000087500000| Untracked 
| 118|0x0000000087600000, 0x0000000087700000, 0x0000000087700000|100%| O|  |TAMS 0x0000000087600000| PB 0x0000000087600000| Untracked 
| 119|0x0000000087700000, 0x0000000087800000, 0x0000000087800000|100%| O|  |TAMS 0x0000000087700000| PB 0x0000000087700000| Untracked 
| 120|0x0000000087800000, 0x0000000087900000, 0x0000000087900000|100%| O|  |TAMS 0x0000000087800000| PB 0x0000000087800000| Untracked 
| 121|0x0000000087900000, 0x0000000087a00000, 0x0000000087a00000|100%| O|Cm|TAMS 0x0000000087900000| PB 0x0000000087900000| Complete 
| 122|0x0000000087a00000, 0x0000000087b00000, 0x0000000087b00000|100%| O|  |TAMS 0x0000000087a00000| PB 0x0000000087a00000| Untracked 
| 123|0x0000000087b00000, 0x0000000087c00000, 0x0000000087c00000|100%| O|  |TAMS 0x0000000087b00000| PB 0x0000000087b00000| Untracked 
| 124|0x0000000087c00000, 0x0000000087d00000, 0x0000000087d00000|100%| O|  |TAMS 0x0000000087c00000| PB 0x0000000087c00000| Untracked 
| 125|0x0000000087d00000, 0x0000000087e00000, 0x0000000087e00000|100%| O|  |TAMS 0x0000000087d00000| PB 0x0000000087d00000| Untracked 
| 126|0x0000000087e00000, 0x0000000087f00000, 0x0000000087f00000|100%| O|  |TAMS 0x0000000087e00000| PB 0x0000000087e00000| Untracked 
| 127|0x0000000087f00000, 0x0000000088000000, 0x0000000088000000|100%| O|  |TAMS 0x0000000087f00000| PB 0x0000000087f00000| Untracked 
| 128|0x0000000088000000, 0x0000000088100000, 0x0000000088100000|100%| O|  |TAMS 0x0000000088000000| PB 0x0000000088000000| Untracked 
| 129|0x0000000088100000, 0x0000000088200000, 0x0000000088200000|100%| O|  |TAMS 0x0000000088100000| PB 0x0000000088100000| Untracked 
| 130|0x0000000088200000, 0x0000000088300000, 0x0000000088300000|100%| O|  |TAMS 0x0000000088200000| PB 0x0000000088200000| Untracked 
| 131|0x0000000088300000, 0x0000000088400000, 0x0000000088400000|100%| O|  |TAMS 0x0000000088300000| PB 0x0000000088300000| Untracked 
| 132|0x0000000088400000, 0x0000000088500000, 0x0000000088500000|100%| O|  |TAMS 0x0000000088400000| PB 0x0000000088400000| Untracked 
| 133|0x0000000088500000, 0x0000000088600000, 0x0000000088600000|100%| O|  |TAMS 0x0000000088500000| PB 0x0000000088500000| Untracked 
| 134|0x0000000088600000, 0x0000000088700000, 0x0000000088700000|100%| O|  |TAMS 0x0000000088600000| PB 0x0000000088600000| Untracked 
| 135|0x0000000088700000, 0x0000000088800000, 0x0000000088800000|100%| O|  |TAMS 0x0000000088700000| PB 0x0000000088700000| Untracked 
| 136|0x0000000088800000, 0x0000000088900000, 0x0000000088900000|100%| O|  |TAMS 0x0000000088800000| PB 0x0000000088800000| Untracked 
| 137|0x0000000088900000, 0x0000000088a00000, 0x0000000088a00000|100%| O|  |TAMS 0x0000000088900000| PB 0x0000000088900000| Untracked 
| 138|0x0000000088a00000, 0x0000000088b00000, 0x0000000088b00000|100%| O|  |TAMS 0x0000000088a00000| PB 0x0000000088a00000| Untracked 
| 139|0x0000000088b00000, 0x0000000088c00000, 0x0000000088c00000|100%| O|  |TAMS 0x0000000088b00000| PB 0x0000000088b00000| Untracked 
| 140|0x0000000088c00000, 0x0000000088d00000, 0x0000000088d00000|100%| O|  |TAMS 0x0000000088c00000| PB 0x0000000088c00000| Untracked 
| 141|0x0000000088d00000, 0x0000000088e00000, 0x0000000088e00000|100%| O|  |TAMS 0x0000000088d00000| PB 0x0000000088d00000| Untracked 
| 142|0x0000000088e00000, 0x0000000088f00000, 0x0000000088f00000|100%| O|  |TAMS 0x0000000088e00000| PB 0x0000000088e00000| Untracked 
| 143|0x0000000088f00000, 0x0000000089000000, 0x0000000089000000|100%| O|  |TAMS 0x0000000088f00000| PB 0x0000000088f00000| Untracked 
| 144|0x0000000089000000, 0x0000000089100000, 0x0000000089100000|100%| O|Cm|TAMS 0x0000000089000000| PB 0x0000000089000000| Complete 
| 145|0x0000000089100000, 0x0000000089200000, 0x0000000089200000|100%| O|Cm|TAMS 0x0000000089100000| PB 0x0000000089100000| Complete 
| 146|0x0000000089200000, 0x0000000089300000, 0x0000000089300000|100%| O|  |TAMS 0x0000000089200000| PB 0x0000000089200000| Untracked 
| 147|0x0000000089300000, 0x0000000089400000, 0x0000000089400000|100%| O|  |TAMS 0x0000000089300000| PB 0x0000000089300000| Untracked 
| 148|0x0000000089400000, 0x0000000089500000, 0x0000000089500000|100%| O|  |TAMS 0x0000000089400000| PB 0x0000000089400000| Untracked 
| 149|0x0000000089500000, 0x0000000089600000, 0x0000000089600000|100%| O|  |TAMS 0x0000000089500000| PB 0x0000000089500000| Untracked 
| 150|0x0000000089600000, 0x0000000089700000, 0x0000000089700000|100%| O|  |TAMS 0x0000000089600000| PB 0x0000000089600000| Untracked 
| 151|0x0000000089700000, 0x0000000089800000, 0x0000000089800000|100%| O|  |TAMS 0x0000000089700000| PB 0x0000000089700000| Untracked 
| 152|0x0000000089800000, 0x0000000089900000, 0x0000000089900000|100%| O|  |TAMS 0x0000000089800000| PB 0x0000000089800000| Untracked 
| 153|0x0000000089900000, 0x0000000089a00000, 0x0000000089a00000|100%| O|  |TAMS 0x0000000089900000| PB 0x0000000089900000| Untracked 
| 154|0x0000000089a00000, 0x0000000089b00000, 0x0000000089b00000|100%| O|  |TAMS 0x0000000089a00000| PB 0x0000000089a00000| Untracked 
| 155|0x0000000089b00000, 0x0000000089c00000, 0x0000000089c00000|100%| O|  |TAMS 0x0000000089b00000| PB 0x0000000089b00000| Untracked 
| 156|0x0000000089c00000, 0x0000000089d00000, 0x0000000089d00000|100%| O|  |TAMS 0x0000000089c00000| PB 0x0000000089c00000| Untracked 
| 157|0x0000000089d00000, 0x0000000089e00000, 0x0000000089e00000|100%| O|  |TAMS 0x0000000089d00000| PB 0x0000000089d00000| Untracked 
| 158|0x0000000089e00000, 0x0000000089f00000, 0x0000000089f00000|100%| O|  |TAMS 0x0000000089e00000| PB 0x0000000089e00000| Untracked 
| 159|0x0000000089f00000, 0x000000008a000000, 0x000000008a000000|100%| O|  |TAMS 0x0000000089f00000| PB 0x0000000089f00000| Untracked 
| 160|0x000000008a000000, 0x000000008a100000, 0x000000008a100000|100%| O|  |TAMS 0x000000008a000000| PB 0x000000008a000000| Untracked 
| 161|0x000000008a100000, 0x000000008a200000, 0x000000008a200000|100%| O|  |TAMS 0x000000008a100000| PB 0x000000008a100000| Untracked 
| 162|0x000000008a200000, 0x000000008a300000, 0x000000008a300000|100%| O|  |TAMS 0x000000008a200000| PB 0x000000008a200000| Untracked 
| 163|0x000000008a300000, 0x000000008a400000, 0x000000008a400000|100%| O|  |TAMS 0x000000008a300000| PB 0x000000008a300000| Untracked 
| 164|0x000000008a400000, 0x000000008a500000, 0x000000008a500000|100%| O|  |TAMS 0x000000008a400000| PB 0x000000008a400000| Untracked 
| 165|0x000000008a500000, 0x000000008a600000, 0x000000008a600000|100%| O|  |TAMS 0x000000008a500000| PB 0x000000008a500000| Untracked 
| 166|0x000000008a600000, 0x000000008a700000, 0x000000008a700000|100%| O|  |TAMS 0x000000008a600000| PB 0x000000008a600000| Untracked 
| 167|0x000000008a700000, 0x000000008a800000, 0x000000008a800000|100%| O|  |TAMS 0x000000008a700000| PB 0x000000008a700000| Untracked 
| 168|0x000000008a800000, 0x000000008a900000, 0x000000008a900000|100%| O|  |TAMS 0x000000008a800000| PB 0x000000008a800000| Untracked 
| 169|0x000000008a900000, 0x000000008aa00000, 0x000000008aa00000|100%| O|  |TAMS 0x000000008a900000| PB 0x000000008a900000| Untracked 
| 170|0x000000008aa00000, 0x000000008ab00000, 0x000000008ab00000|100%| O|  |TAMS 0x000000008aa00000| PB 0x000000008aa00000| Untracked 
| 171|0x000000008ab00000, 0x000000008ac00000, 0x000000008ac00000|100%| O|  |TAMS 0x000000008ab00000| PB 0x000000008ab00000| Untracked 
| 172|0x000000008ac00000, 0x000000008ad00000, 0x000000008ad00000|100%| O|  |TAMS 0x000000008ac00000| PB 0x000000008ac00000| Untracked 
| 173|0x000000008ad00000, 0x000000008ae00000, 0x000000008ae00000|100%| O|  |TAMS 0x000000008ad00000| PB 0x000000008ad00000| Untracked 
| 174|0x000000008ae00000, 0x000000008af00000, 0x000000008af00000|100%| O|  |TAMS 0x000000008ae00000| PB 0x000000008ae00000| Untracked 
| 175|0x000000008af00000, 0x000000008b000000, 0x000000008b000000|100%| O|  |TAMS 0x000000008af00000| PB 0x000000008af00000| Untracked 
| 176|0x000000008b000000, 0x000000008b100000, 0x000000008b100000|100%| O|  |TAMS 0x000000008b000000| PB 0x000000008b000000| Untracked 
| 177|0x000000008b100000, 0x000000008b200000, 0x000000008b200000|100%| O|  |TAMS 0x000000008b100000| PB 0x000000008b100000| Untracked 
| 178|0x000000008b200000, 0x000000008b300000, 0x000000008b300000|100%| O|  |TAMS 0x000000008b200000| PB 0x000000008b200000| Untracked 
| 179|0x000000008b300000, 0x000000008b400000, 0x000000008b400000|100%| O|  |TAMS 0x000000008b300000| PB 0x000000008b300000| Untracked 
| 180|0x000000008b400000, 0x000000008b500000, 0x000000008b500000|100%| O|  |TAMS 0x000000008b400000| PB 0x000000008b400000| Untracked 
| 181|0x000000008b500000, 0x000000008b600000, 0x000000008b600000|100%|HS|  |TAMS 0x000000008b500000| PB 0x000000008b500000| Complete 
| 182|0x000000008b600000, 0x000000008b700000, 0x000000008b700000|100%| O|Cm|TAMS 0x000000008b600000| PB 0x000000008b600000| Complete 
| 183|0x000000008b700000, 0x000000008b800000, 0x000000008b800000|100%|HS|  |TAMS 0x000000008b700000| PB 0x000000008b700000| Complete 
| 184|0x000000008b800000, 0x000000008b900000, 0x000000008b900000|100%| O|  |TAMS 0x000000008b800000| PB 0x000000008b800000| Untracked 
| 185|0x000000008b900000, 0x000000008ba00000, 0x000000008ba00000|100%| O|  |TAMS 0x000000008b900000| PB 0x000000008b900000| Untracked 
| 186|0x000000008ba00000, 0x000000008bb00000, 0x000000008bb00000|100%| O|  |TAMS 0x000000008ba00000| PB 0x000000008ba00000| Untracked 
| 187|0x000000008bb00000, 0x000000008bc00000, 0x000000008bc00000|100%| O|  |TAMS 0x000000008bb00000| PB 0x000000008bb00000| Untracked 
| 188|0x000000008bc00000, 0x000000008bd00000, 0x000000008bd00000|100%| O|  |TAMS 0x000000008bc00000| PB 0x000000008bc00000| Untracked 
| 189|0x000000008bd00000, 0x000000008be00000, 0x000000008be00000|100%| O|  |TAMS 0x000000008bd00000| PB 0x000000008bd00000| Untracked 
| 190|0x000000008be00000, 0x000000008bf00000, 0x000000008bf00000|100%|HS|  |TAMS 0x000000008be00000| PB 0x000000008be00000| Complete 
| 191|0x000000008bf00000, 0x000000008c000000, 0x000000008c000000|100%|HS|  |TAMS 0x000000008bf00000| PB 0x000000008bf00000| Complete 
| 192|0x000000008c000000, 0x000000008c100000, 0x000000008c100000|100%|HS|  |TAMS 0x000000008c000000| PB 0x000000008c000000| Complete 
| 193|0x000000008c100000, 0x000000008c200000, 0x000000008c200000|100%| O|  |TAMS 0x000000008c100000| PB 0x000000008c100000| Untracked 
| 194|0x000000008c200000, 0x000000008c300000, 0x000000008c300000|100%|HS|  |TAMS 0x000000008c200000| PB 0x000000008c200000| Complete 
| 195|0x000000008c300000, 0x000000008c400000, 0x000000008c400000|100%| O|  |TAMS 0x000000008c300000| PB 0x000000008c300000| Untracked 
| 196|0x000000008c400000, 0x000000008c500000, 0x000000008c500000|100%| O|  |TAMS 0x000000008c400000| PB 0x000000008c400000| Untracked 
| 197|0x000000008c500000, 0x000000008c600000, 0x000000008c600000|100%| O|  |TAMS 0x000000008c500000| PB 0x000000008c500000| Untracked 
| 198|0x000000008c600000, 0x000000008c700000, 0x000000008c700000|100%| O|  |TAMS 0x000000008c600000| PB 0x000000008c600000| Untracked 
| 199|0x000000008c700000, 0x000000008c800000, 0x000000008c800000|100%| O|  |TAMS 0x000000008c700000| PB 0x000000008c700000| Untracked 
| 200|0x000000008c800000, 0x000000008c900000, 0x000000008c900000|100%| O|  |TAMS 0x000000008c800000| PB 0x000000008c800000| Untracked 
| 201|0x000000008c900000, 0x000000008ca00000, 0x000000008ca00000|100%| O|  |TAMS 0x000000008c900000| PB 0x000000008c900000| Untracked 
| 202|0x000000008ca00000, 0x000000008cb00000, 0x000000008cb00000|100%| O|  |TAMS 0x000000008ca00000| PB 0x000000008ca00000| Untracked 
| 203|0x000000008cb00000, 0x000000008cc00000, 0x000000008cc00000|100%| O|Cm|TAMS 0x000000008cb00000| PB 0x000000008cb00000| Complete 
| 204|0x000000008cc00000, 0x000000008cd00000, 0x000000008cd00000|100%| O|  |TAMS 0x000000008cc00000| PB 0x000000008cc00000| Untracked 
| 205|0x000000008cd00000, 0x000000008ce00000, 0x000000008ce00000|100%| O|  |TAMS 0x000000008cd00000| PB 0x000000008cd00000| Untracked 
| 206|0x000000008ce00000, 0x000000008cf00000, 0x000000008cf00000|100%| O|  |TAMS 0x000000008ce00000| PB 0x000000008ce00000| Untracked 
| 207|0x000000008cf00000, 0x000000008d000000, 0x000000008d000000|100%| O|  |TAMS 0x000000008cf00000| PB 0x000000008cf00000| Untracked 
| 208|0x000000008d000000, 0x000000008d100000, 0x000000008d100000|100%| O|  |TAMS 0x000000008d000000| PB 0x000000008d000000| Untracked 
| 209|0x000000008d100000, 0x000000008d200000, 0x000000008d200000|100%| O|  |TAMS 0x000000008d100000| PB 0x000000008d100000| Untracked 
| 210|0x000000008d200000, 0x000000008d300000, 0x000000008d300000|100%| O|  |TAMS 0x000000008d200000| PB 0x000000008d200000| Untracked 
| 211|0x000000008d300000, 0x000000008d400000, 0x000000008d400000|100%| O|Cm|TAMS 0x000000008d300000| PB 0x000000008d300000| Complete 
| 212|0x000000008d400000, 0x000000008d500000, 0x000000008d500000|100%| O|  |TAMS 0x000000008d400000| PB 0x000000008d400000| Untracked 
| 213|0x000000008d500000, 0x000000008d600000, 0x000000008d600000|100%| O|  |TAMS 0x000000008d500000| PB 0x000000008d500000| Untracked 
| 214|0x000000008d600000, 0x000000008d700000, 0x000000008d700000|100%| O|Cm|TAMS 0x000000008d600000| PB 0x000000008d600000| Complete 
| 215|0x000000008d700000, 0x000000008d800000, 0x000000008d800000|100%| O|Cm|TAMS 0x000000008d700000| PB 0x000000008d700000| Complete 
| 216|0x000000008d800000, 0x000000008d900000, 0x000000008d900000|100%|HS|  |TAMS 0x000000008d800000| PB 0x000000008d800000| Complete 
| 217|0x000000008d900000, 0x000000008da00000, 0x000000008da00000|100%| O|  |TAMS 0x000000008d900000| PB 0x000000008d900000| Untracked 
| 218|0x000000008da00000, 0x000000008db00000, 0x000000008db00000|100%| O|  |TAMS 0x000000008da00000| PB 0x000000008da00000| Untracked 
| 219|0x000000008db00000, 0x000000008dc00000, 0x000000008dc00000|100%| O|  |TAMS 0x000000008db00000| PB 0x000000008db00000| Untracked 
| 220|0x000000008dc00000, 0x000000008dd00000, 0x000000008dd00000|100%| O|  |TAMS 0x000000008dc00000| PB 0x000000008dc00000| Untracked 
| 221|0x000000008dd00000, 0x000000008dd00000, 0x000000008de00000|  0%| F|  |TAMS 0x000000008dd00000| PB 0x000000008dd00000| Untracked 
| 222|0x000000008de00000, 0x000000008df00000, 0x000000008df00000|100%| O|  |TAMS 0x000000008de00000| PB 0x000000008de00000| Untracked 
| 223|0x000000008df00000, 0x000000008e000000, 0x000000008e000000|100%| O|  |TAMS 0x000000008df00000| PB 0x000000008df00000| Untracked 
| 224|0x000000008e000000, 0x000000008e100000, 0x000000008e100000|100%| O|  |TAMS 0x000000008e000000| PB 0x000000008e000000| Untracked 
| 225|0x000000008e100000, 0x000000008e200000, 0x000000008e200000|100%| O|  |TAMS 0x000000008e100000| PB 0x000000008e100000| Untracked 
| 226|0x000000008e200000, 0x000000008e300000, 0x000000008e300000|100%| O|  |TAMS 0x000000008e200000| PB 0x000000008e200000| Untracked 
| 227|0x000000008e300000, 0x000000008e400000, 0x000000008e400000|100%| O|  |TAMS 0x000000008e300000| PB 0x000000008e300000| Untracked 
| 228|0x000000008e400000, 0x000000008e500000, 0x000000008e500000|100%| O|  |TAMS 0x000000008e400000| PB 0x000000008e400000| Untracked 
| 229|0x000000008e500000, 0x000000008e600000, 0x000000008e600000|100%| O|  |TAMS 0x000000008e500000| PB 0x000000008e500000| Untracked 
| 230|0x000000008e600000, 0x000000008e700000, 0x000000008e700000|100%| O|  |TAMS 0x000000008e600000| PB 0x000000008e600000| Untracked 
| 231|0x000000008e700000, 0x000000008e800000, 0x000000008e800000|100%| O|  |TAMS 0x000000008e700000| PB 0x000000008e700000| Untracked 
| 232|0x000000008e800000, 0x000000008e900000, 0x000000008e900000|100%| O|  |TAMS 0x000000008e800000| PB 0x000000008e800000| Untracked 
| 233|0x000000008e900000, 0x000000008e9c5e40, 0x000000008ea00000| 77%| O|  |TAMS 0x000000008e900000| PB 0x000000008e900000| Untracked 
| 234|0x000000008ea00000, 0x000000008eb00000, 0x000000008eb00000|100%|HS|  |TAMS 0x000000008ea00000| PB 0x000000008ea00000| Complete 
| 235|0x000000008eb00000, 0x000000008ec00000, 0x000000008ec00000|100%|HC|  |TAMS 0x000000008eb00000| PB 0x000000008eb00000| Complete 
| 236|0x000000008ec00000, 0x000000008ec00000, 0x000000008ed00000|  0%| F|  |TAMS 0x000000008ec00000| PB 0x000000008ec00000| Untracked 
| 237|0x000000008ed00000, 0x000000008ed00000, 0x000000008ee00000|  0%| F|  |TAMS 0x000000008ed00000| PB 0x000000008ed00000| Untracked 
| 238|0x000000008ee00000, 0x000000008ee00000, 0x000000008ef00000|  0%| F|  |TAMS 0x000000008ee00000| PB 0x000000008ee00000| Untracked 
| 239|0x000000008ef00000, 0x000000008ef00000, 0x000000008f000000|  0%| F|  |TAMS 0x000000008ef00000| PB 0x000000008ef00000| Untracked 
| 240|0x000000008f000000, 0x000000008f000000, 0x000000008f100000|  0%| F|  |TAMS 0x000000008f000000| PB 0x000000008f000000| Untracked 
| 241|0x000000008f100000, 0x000000008f100000, 0x000000008f200000|  0%| F|  |TAMS 0x000000008f100000| PB 0x000000008f100000| Untracked 
| 242|0x000000008f200000, 0x000000008f200000, 0x000000008f300000|  0%| F|  |TAMS 0x000000008f200000| PB 0x000000008f200000| Untracked 
| 243|0x000000008f300000, 0x000000008f300000, 0x000000008f400000|  0%| F|  |TAMS 0x000000008f300000| PB 0x000000008f300000| Untracked 
| 244|0x000000008f400000, 0x000000008f400000, 0x000000008f500000|  0%| F|  |TAMS 0x000000008f400000| PB 0x000000008f400000| Untracked 
| 245|0x000000008f500000, 0x000000008f500000, 0x000000008f600000|  0%| F|  |TAMS 0x000000008f500000| PB 0x000000008f500000| Untracked 
| 246|0x000000008f600000, 0x000000008f600000, 0x000000008f700000|  0%| F|  |TAMS 0x000000008f600000| PB 0x000000008f600000| Untracked 
| 247|0x000000008f700000, 0x000000008f700000, 0x000000008f800000|  0%| F|  |TAMS 0x000000008f700000| PB 0x000000008f700000| Untracked 
| 248|0x000000008f800000, 0x000000008f800000, 0x000000008f900000|  0%| F|  |TAMS 0x000000008f800000| PB 0x000000008f800000| Untracked 
| 249|0x000000008f900000, 0x000000008f900000, 0x000000008fa00000|  0%| F|  |TAMS 0x000000008f900000| PB 0x000000008f900000| Untracked 
| 250|0x000000008fa00000, 0x000000008fa00000, 0x000000008fb00000|  0%| F|  |TAMS 0x000000008fa00000| PB 0x000000008fa00000| Untracked 
| 251|0x000000008fb00000, 0x000000008fb00000, 0x000000008fc00000|  0%| F|  |TAMS 0x000000008fb00000| PB 0x000000008fb00000| Untracked 
| 252|0x000000008fc00000, 0x000000008fc00000, 0x000000008fd00000|  0%| F|  |TAMS 0x000000008fc00000| PB 0x000000008fc00000| Untracked 
| 253|0x000000008fd00000, 0x000000008fd00000, 0x000000008fe00000|  0%| F|  |TAMS 0x000000008fd00000| PB 0x000000008fd00000| Untracked 
| 254|0x000000008fe00000, 0x000000008fe00000, 0x000000008ff00000|  0%| F|  |TAMS 0x000000008fe00000| PB 0x000000008fe00000| Untracked 
| 255|0x000000008ff00000, 0x000000008ff00000, 0x0000000090000000|  0%| F|  |TAMS 0x000000008ff00000| PB 0x000000008ff00000| Untracked 
| 256|0x0000000090000000, 0x0000000090000000, 0x0000000090100000|  0%| F|  |TAMS 0x0000000090000000| PB 0x0000000090000000| Untracked 
| 257|0x0000000090100000, 0x0000000090100000, 0x0000000090200000|  0%| F|  |TAMS 0x0000000090100000| PB 0x0000000090100000| Untracked 
| 258|0x0000000090200000, 0x0000000090200000, 0x0000000090300000|  0%| F|  |TAMS 0x0000000090200000| PB 0x0000000090200000| Untracked 
| 259|0x0000000090300000, 0x0000000090300000, 0x0000000090400000|  0%| F|  |TAMS 0x0000000090300000| PB 0x0000000090300000| Untracked 
| 260|0x0000000090400000, 0x0000000090400000, 0x0000000090500000|  0%| F|  |TAMS 0x0000000090400000| PB 0x0000000090400000| Untracked 
| 261|0x0000000090500000, 0x0000000090500000, 0x0000000090600000|  0%| F|  |TAMS 0x0000000090500000| PB 0x0000000090500000| Untracked 
| 262|0x0000000090600000, 0x0000000090600000, 0x0000000090700000|  0%| F|  |TAMS 0x0000000090600000| PB 0x0000000090600000| Untracked 
| 263|0x0000000090700000, 0x0000000090700000, 0x0000000090800000|  0%| F|  |TAMS 0x0000000090700000| PB 0x0000000090700000| Untracked 
| 264|0x0000000090800000, 0x0000000090800000, 0x0000000090900000|  0%| F|  |TAMS 0x0000000090800000| PB 0x0000000090800000| Untracked 
| 265|0x0000000090900000, 0x0000000090900000, 0x0000000090a00000|  0%| F|  |TAMS 0x0000000090900000| PB 0x0000000090900000| Untracked 
| 266|0x0000000090a00000, 0x0000000090a00000, 0x0000000090b00000|  0%| F|  |TAMS 0x0000000090a00000| PB 0x0000000090a00000| Untracked 
| 267|0x0000000090b00000, 0x0000000090b00000, 0x0000000090c00000|  0%| F|  |TAMS 0x0000000090b00000| PB 0x0000000090b00000| Untracked 
| 268|0x0000000090c00000, 0x0000000090c00000, 0x0000000090d00000|  0%| F|  |TAMS 0x0000000090c00000| PB 0x0000000090c00000| Untracked 
| 269|0x0000000090d00000, 0x0000000090d00000, 0x0000000090e00000|  0%| F|  |TAMS 0x0000000090d00000| PB 0x0000000090d00000| Untracked 
| 270|0x0000000090e00000, 0x0000000090e00000, 0x0000000090f00000|  0%| F|  |TAMS 0x0000000090e00000| PB 0x0000000090e00000| Untracked 
| 271|0x0000000090f00000, 0x0000000090f00000, 0x0000000091000000|  0%| F|  |TAMS 0x0000000090f00000| PB 0x0000000090f00000| Untracked 
| 272|0x0000000091000000, 0x0000000091000000, 0x0000000091100000|  0%| F|  |TAMS 0x0000000091000000| PB 0x0000000091000000| Untracked 
| 273|0x0000000091100000, 0x0000000091100000, 0x0000000091200000|  0%| F|  |TAMS 0x0000000091100000| PB 0x0000000091100000| Untracked 
| 274|0x0000000091200000, 0x0000000091200000, 0x0000000091300000|  0%| F|  |TAMS 0x0000000091200000| PB 0x0000000091200000| Untracked 
| 275|0x0000000091300000, 0x0000000091300000, 0x0000000091400000|  0%| F|  |TAMS 0x0000000091300000| PB 0x0000000091300000| Untracked 
| 276|0x0000000091400000, 0x0000000091400000, 0x0000000091500000|  0%| F|  |TAMS 0x0000000091400000| PB 0x0000000091400000| Untracked 
| 277|0x0000000091500000, 0x0000000091500000, 0x0000000091600000|  0%| F|  |TAMS 0x0000000091500000| PB 0x0000000091500000| Untracked 
| 278|0x0000000091600000, 0x0000000091600000, 0x0000000091700000|  0%| F|  |TAMS 0x0000000091600000| PB 0x0000000091600000| Untracked 
| 279|0x0000000091700000, 0x0000000091700000, 0x0000000091800000|  0%| F|  |TAMS 0x0000000091700000| PB 0x0000000091700000| Untracked 
| 280|0x0000000091800000, 0x0000000091800000, 0x0000000091900000|  0%| F|  |TAMS 0x0000000091800000| PB 0x0000000091800000| Untracked 
| 281|0x0000000091900000, 0x0000000091900000, 0x0000000091a00000|  0%| F|  |TAMS 0x0000000091900000| PB 0x0000000091900000| Untracked 
| 282|0x0000000091a00000, 0x0000000091a00000, 0x0000000091b00000|  0%| F|  |TAMS 0x0000000091a00000| PB 0x0000000091a00000| Untracked 
| 283|0x0000000091b00000, 0x0000000091b00000, 0x0000000091c00000|  0%| F|  |TAMS 0x0000000091b00000| PB 0x0000000091b00000| Untracked 
| 284|0x0000000091c00000, 0x0000000091c00000, 0x0000000091d00000|  0%| F|  |TAMS 0x0000000091c00000| PB 0x0000000091c00000| Untracked 
| 285|0x0000000091d00000, 0x0000000091d00000, 0x0000000091e00000|  0%| F|  |TAMS 0x0000000091d00000| PB 0x0000000091d00000| Untracked 
| 286|0x0000000091e00000, 0x0000000091e00000, 0x0000000091f00000|  0%| F|  |TAMS 0x0000000091e00000| PB 0x0000000091e00000| Untracked 
| 287|0x0000000091f00000, 0x0000000091f00000, 0x0000000092000000|  0%| F|  |TAMS 0x0000000091f00000| PB 0x0000000091f00000| Untracked 
| 288|0x0000000092000000, 0x0000000092000000, 0x0000000092100000|  0%| F|  |TAMS 0x0000000092000000| PB 0x0000000092000000| Untracked 
| 289|0x0000000092100000, 0x0000000092100000, 0x0000000092200000|  0%| F|  |TAMS 0x0000000092100000| PB 0x0000000092100000| Untracked 
| 290|0x0000000092200000, 0x0000000092200000, 0x0000000092300000|  0%| F|  |TAMS 0x0000000092200000| PB 0x0000000092200000| Untracked 
| 291|0x0000000092300000, 0x0000000092300000, 0x0000000092400000|  0%| F|  |TAMS 0x0000000092300000| PB 0x0000000092300000| Untracked 
| 292|0x0000000092400000, 0x0000000092437ca8, 0x0000000092500000| 21%| S|CS|TAMS 0x0000000092400000| PB 0x0000000092400000| Complete 
| 293|0x0000000092500000, 0x0000000092600000, 0x0000000092600000|100%| S|CS|TAMS 0x0000000092500000| PB 0x0000000092500000| Complete 
| 294|0x0000000092600000, 0x0000000092700000, 0x0000000092700000|100%| S|CS|TAMS 0x0000000092600000| PB 0x0000000092600000| Complete 
| 295|0x0000000092700000, 0x0000000092800000, 0x0000000092800000|100%| S|CS|TAMS 0x0000000092700000| PB 0x0000000092700000| Complete 
| 296|0x0000000092800000, 0x0000000092900000, 0x0000000092900000|100%| S|CS|TAMS 0x0000000092800000| PB 0x0000000092800000| Complete 
| 297|0x0000000092900000, 0x0000000092900000, 0x0000000092a00000|  0%| F|  |TAMS 0x0000000092900000| PB 0x0000000092900000| Untracked 
| 298|0x0000000092a00000, 0x0000000092a00000, 0x0000000092b00000|  0%| F|  |TAMS 0x0000000092a00000| PB 0x0000000092a00000| Untracked 
| 299|0x0000000092b00000, 0x0000000092b00000, 0x0000000092c00000|  0%| F|  |TAMS 0x0000000092b00000| PB 0x0000000092b00000| Untracked 
| 300|0x0000000092c00000, 0x0000000092c00000, 0x0000000092d00000|  0%| F|  |TAMS 0x0000000092c00000| PB 0x0000000092c00000| Untracked 
| 301|0x0000000092d00000, 0x0000000092d00000, 0x0000000092e00000|  0%| F|  |TAMS 0x0000000092d00000| PB 0x0000000092d00000| Untracked 
| 302|0x0000000092e00000, 0x0000000092e00000, 0x0000000092f00000|  0%| F|  |TAMS 0x0000000092e00000| PB 0x0000000092e00000| Untracked 
| 303|0x0000000092f00000, 0x0000000092f00000, 0x0000000093000000|  0%| F|  |TAMS 0x0000000092f00000| PB 0x0000000092f00000| Untracked 
| 304|0x0000000093000000, 0x0000000093000000, 0x0000000093100000|  0%| F|  |TAMS 0x0000000093000000| PB 0x0000000093000000| Untracked 
| 305|0x0000000093100000, 0x0000000093100000, 0x0000000093200000|  0%| F|  |TAMS 0x0000000093100000| PB 0x0000000093100000| Untracked 
| 306|0x0000000093200000, 0x0000000093200000, 0x0000000093300000|  0%| F|  |TAMS 0x0000000093200000| PB 0x0000000093200000| Untracked 
| 307|0x0000000093300000, 0x0000000093300000, 0x0000000093400000|  0%| F|  |TAMS 0x0000000093300000| PB 0x0000000093300000| Untracked 
| 308|0x0000000093400000, 0x0000000093400000, 0x0000000093500000|  0%| F|  |TAMS 0x0000000093400000| PB 0x0000000093400000| Untracked 
| 309|0x0000000093500000, 0x0000000093500000, 0x0000000093600000|  0%| F|  |TAMS 0x0000000093500000| PB 0x0000000093500000| Untracked 
| 310|0x0000000093600000, 0x0000000093600000, 0x0000000093700000|  0%| F|  |TAMS 0x0000000093600000| PB 0x0000000093600000| Untracked 
| 311|0x0000000093700000, 0x0000000093700000, 0x0000000093800000|  0%| F|  |TAMS 0x0000000093700000| PB 0x0000000093700000| Untracked 
| 312|0x0000000093800000, 0x0000000093800000, 0x0000000093900000|  0%| F|  |TAMS 0x0000000093800000| PB 0x0000000093800000| Untracked 
| 313|0x0000000093900000, 0x0000000093900000, 0x0000000093a00000|  0%| F|  |TAMS 0x0000000093900000| PB 0x0000000093900000| Untracked 
| 314|0x0000000093a00000, 0x0000000093a00000, 0x0000000093b00000|  0%| F|  |TAMS 0x0000000093a00000| PB 0x0000000093a00000| Untracked 
| 315|0x0000000093b00000, 0x0000000093b00000, 0x0000000093c00000|  0%| F|  |TAMS 0x0000000093b00000| PB 0x0000000093b00000| Untracked 
| 316|0x0000000093c00000, 0x0000000093c00000, 0x0000000093d00000|  0%| F|  |TAMS 0x0000000093c00000| PB 0x0000000093c00000| Untracked 
| 317|0x0000000093d00000, 0x0000000093d00000, 0x0000000093e00000|  0%| F|  |TAMS 0x0000000093d00000| PB 0x0000000093d00000| Untracked 
| 318|0x0000000093e00000, 0x0000000093e00000, 0x0000000093f00000|  0%| F|  |TAMS 0x0000000093e00000| PB 0x0000000093e00000| Untracked 
| 319|0x0000000093f00000, 0x0000000093f00000, 0x0000000094000000|  0%| F|  |TAMS 0x0000000093f00000| PB 0x0000000093f00000| Untracked 
| 320|0x0000000094000000, 0x0000000094000000, 0x0000000094100000|  0%| F|  |TAMS 0x0000000094000000| PB 0x0000000094000000| Untracked 
| 321|0x0000000094100000, 0x0000000094100000, 0x0000000094200000|  0%| F|  |TAMS 0x0000000094100000| PB 0x0000000094100000| Untracked 
| 322|0x0000000094200000, 0x0000000094200000, 0x0000000094300000|  0%| F|  |TAMS 0x0000000094200000| PB 0x0000000094200000| Untracked 
| 323|0x0000000094300000, 0x0000000094300000, 0x0000000094400000|  0%| F|  |TAMS 0x0000000094300000| PB 0x0000000094300000| Untracked 
| 324|0x0000000094400000, 0x0000000094400000, 0x0000000094500000|  0%| F|  |TAMS 0x0000000094400000| PB 0x0000000094400000| Untracked 
| 325|0x0000000094500000, 0x0000000094500000, 0x0000000094600000|  0%| F|  |TAMS 0x0000000094500000| PB 0x0000000094500000| Untracked 
| 326|0x0000000094600000, 0x0000000094600000, 0x0000000094700000|  0%| F|  |TAMS 0x0000000094600000| PB 0x0000000094600000| Untracked 
| 327|0x0000000094700000, 0x0000000094700000, 0x0000000094800000|  0%| F|  |TAMS 0x0000000094700000| PB 0x0000000094700000| Untracked 
| 328|0x0000000094800000, 0x0000000094800000, 0x0000000094900000|  0%| F|  |TAMS 0x0000000094800000| PB 0x0000000094800000| Untracked 
| 329|0x0000000094900000, 0x0000000094900000, 0x0000000094a00000|  0%| F|  |TAMS 0x0000000094900000| PB 0x0000000094900000| Untracked 
| 330|0x0000000094a00000, 0x0000000094a00000, 0x0000000094b00000|  0%| F|  |TAMS 0x0000000094a00000| PB 0x0000000094a00000| Untracked 
| 331|0x0000000094b00000, 0x0000000094b00000, 0x0000000094c00000|  0%| F|  |TAMS 0x0000000094b00000| PB 0x0000000094b00000| Untracked 
| 332|0x0000000094c00000, 0x0000000094c00000, 0x0000000094d00000|  0%| F|  |TAMS 0x0000000094c00000| PB 0x0000000094c00000| Untracked 
| 333|0x0000000094d00000, 0x0000000094d00000, 0x0000000094e00000|  0%| F|  |TAMS 0x0000000094d00000| PB 0x0000000094d00000| Untracked 
| 334|0x0000000094e00000, 0x0000000094e00000, 0x0000000094f00000|  0%| F|  |TAMS 0x0000000094e00000| PB 0x0000000094e00000| Untracked 
| 335|0x0000000094f00000, 0x0000000094f00000, 0x0000000095000000|  0%| F|  |TAMS 0x0000000094f00000| PB 0x0000000094f00000| Untracked 
| 336|0x0000000095000000, 0x0000000095000000, 0x0000000095100000|  0%| F|  |TAMS 0x0000000095000000| PB 0x0000000095000000| Untracked 
| 337|0x0000000095100000, 0x0000000095100000, 0x0000000095200000|  0%| F|  |TAMS 0x0000000095100000| PB 0x0000000095100000| Untracked 
| 338|0x0000000095200000, 0x0000000095200000, 0x0000000095300000|  0%| F|  |TAMS 0x0000000095200000| PB 0x0000000095200000| Untracked 
| 339|0x0000000095300000, 0x0000000095300000, 0x0000000095400000|  0%| F|  |TAMS 0x0000000095300000| PB 0x0000000095300000| Untracked 
| 340|0x0000000095400000, 0x0000000095400000, 0x0000000095500000|  0%| F|  |TAMS 0x0000000095400000| PB 0x0000000095400000| Untracked 
| 341|0x0000000095500000, 0x0000000095500000, 0x0000000095600000|  0%| F|  |TAMS 0x0000000095500000| PB 0x0000000095500000| Untracked 
| 342|0x0000000095600000, 0x0000000095600000, 0x0000000095700000|  0%| F|  |TAMS 0x0000000095600000| PB 0x0000000095600000| Untracked 
| 343|0x0000000095700000, 0x0000000095700000, 0x0000000095800000|  0%| F|  |TAMS 0x0000000095700000| PB 0x0000000095700000| Untracked 
| 344|0x0000000095800000, 0x0000000095800000, 0x0000000095900000|  0%| F|  |TAMS 0x0000000095800000| PB 0x0000000095800000| Untracked 
| 345|0x0000000095900000, 0x0000000095900000, 0x0000000095a00000|  0%| F|  |TAMS 0x0000000095900000| PB 0x0000000095900000| Untracked 
| 346|0x0000000095a00000, 0x0000000095b00000, 0x0000000095b00000|100%| E|  |TAMS 0x0000000095a00000| PB 0x0000000095a00000| Complete 
| 347|0x0000000095b00000, 0x0000000095c00000, 0x0000000095c00000|100%| E|CS|TAMS 0x0000000095b00000| PB 0x0000000095b00000| Complete 
| 348|0x0000000095c00000, 0x0000000095d00000, 0x0000000095d00000|100%| E|CS|TAMS 0x0000000095c00000| PB 0x0000000095c00000| Complete 
| 349|0x0000000095d00000, 0x0000000095e00000, 0x0000000095e00000|100%| E|CS|TAMS 0x0000000095d00000| PB 0x0000000095d00000| Complete 
| 350|0x0000000095e00000, 0x0000000095f00000, 0x0000000095f00000|100%| E|CS|TAMS 0x0000000095e00000| PB 0x0000000095e00000| Complete 
| 351|0x0000000095f00000, 0x0000000096000000, 0x0000000096000000|100%| E|CS|TAMS 0x0000000095f00000| PB 0x0000000095f00000| Complete 
| 352|0x0000000096000000, 0x0000000096100000, 0x0000000096100000|100%| E|CS|TAMS 0x0000000096000000| PB 0x0000000096000000| Complete 
| 353|0x0000000096100000, 0x0000000096200000, 0x0000000096200000|100%| E|CS|TAMS 0x0000000096100000| PB 0x0000000096100000| Complete 
| 354|0x0000000096200000, 0x0000000096300000, 0x0000000096300000|100%| E|CS|TAMS 0x0000000096200000| PB 0x0000000096200000| Complete 
| 355|0x0000000096300000, 0x0000000096400000, 0x0000000096400000|100%| E|CS|TAMS 0x0000000096300000| PB 0x0000000096300000| Complete 
| 356|0x0000000096400000, 0x0000000096500000, 0x0000000096500000|100%| E|CS|TAMS 0x0000000096400000| PB 0x0000000096400000| Complete 
| 357|0x0000000096500000, 0x0000000096600000, 0x0000000096600000|100%| E|CS|TAMS 0x0000000096500000| PB 0x0000000096500000| Complete 
| 358|0x0000000096600000, 0x0000000096700000, 0x0000000096700000|100%| E|CS|TAMS 0x0000000096600000| PB 0x0000000096600000| Complete 
| 359|0x0000000096700000, 0x0000000096800000, 0x0000000096800000|100%| E|CS|TAMS 0x0000000096700000| PB 0x0000000096700000| Complete 
| 360|0x0000000096800000, 0x0000000096900000, 0x0000000096900000|100%| E|CS|TAMS 0x0000000096800000| PB 0x0000000096800000| Complete 
| 361|0x0000000096900000, 0x0000000096a00000, 0x0000000096a00000|100%| E|CS|TAMS 0x0000000096900000| PB 0x0000000096900000| Complete 
| 362|0x0000000096a00000, 0x0000000096b00000, 0x0000000096b00000|100%| E|CS|TAMS 0x0000000096a00000| PB 0x0000000096a00000| Complete 
| 363|0x0000000096b00000, 0x0000000096c00000, 0x0000000096c00000|100%| E|CS|TAMS 0x0000000096b00000| PB 0x0000000096b00000| Complete 
| 364|0x0000000096c00000, 0x0000000096d00000, 0x0000000096d00000|100%| E|CS|TAMS 0x0000000096c00000| PB 0x0000000096c00000| Complete 
| 365|0x0000000096d00000, 0x0000000096e00000, 0x0000000096e00000|100%| E|CS|TAMS 0x0000000096d00000| PB 0x0000000096d00000| Complete 
| 366|0x0000000096e00000, 0x0000000096f00000, 0x0000000096f00000|100%| E|CS|TAMS 0x0000000096e00000| PB 0x0000000096e00000| Complete 
| 367|0x0000000096f00000, 0x0000000097000000, 0x0000000097000000|100%| E|CS|TAMS 0x0000000096f00000| PB 0x0000000096f00000| Complete 
| 368|0x0000000097000000, 0x0000000097100000, 0x0000000097100000|100%| E|CS|TAMS 0x0000000097000000| PB 0x0000000097000000| Complete 
| 369|0x0000000097100000, 0x0000000097200000, 0x0000000097200000|100%| E|CS|TAMS 0x0000000097100000| PB 0x0000000097100000| Complete 
| 370|0x0000000097200000, 0x0000000097300000, 0x0000000097300000|100%| E|CS|TAMS 0x0000000097200000| PB 0x0000000097200000| Complete 
| 371|0x0000000097300000, 0x0000000097400000, 0x0000000097400000|100%| E|CS|TAMS 0x0000000097300000| PB 0x0000000097300000| Complete 
| 372|0x0000000097400000, 0x0000000097500000, 0x0000000097500000|100%| E|CS|TAMS 0x0000000097400000| PB 0x0000000097400000| Complete 
| 373|0x0000000097500000, 0x0000000097600000, 0x0000000097600000|100%| E|CS|TAMS 0x0000000097500000| PB 0x0000000097500000| Complete 
| 374|0x0000000097600000, 0x0000000097700000, 0x0000000097700000|100%| E|CS|TAMS 0x0000000097600000| PB 0x0000000097600000| Complete 
| 375|0x0000000097700000, 0x0000000097800000, 0x0000000097800000|100%| E|CS|TAMS 0x0000000097700000| PB 0x0000000097700000| Complete 
| 376|0x0000000097800000, 0x0000000097900000, 0x0000000097900000|100%| E|CS|TAMS 0x0000000097800000| PB 0x0000000097800000| Complete 
| 377|0x0000000097900000, 0x0000000097a00000, 0x0000000097a00000|100%| E|CS|TAMS 0x0000000097900000| PB 0x0000000097900000| Complete 
| 378|0x0000000097a00000, 0x0000000097b00000, 0x0000000097b00000|100%| E|CS|TAMS 0x0000000097a00000| PB 0x0000000097a00000| Complete 
| 379|0x0000000097b00000, 0x0000000097c00000, 0x0000000097c00000|100%| E|CS|TAMS 0x0000000097b00000| PB 0x0000000097b00000| Complete 
| 380|0x0000000097c00000, 0x0000000097d00000, 0x0000000097d00000|100%| E|CS|TAMS 0x0000000097c00000| PB 0x0000000097c00000| Complete 
| 381|0x0000000097d00000, 0x0000000097e00000, 0x0000000097e00000|100%| E|CS|TAMS 0x0000000097d00000| PB 0x0000000097d00000| Complete 
| 382|0x0000000097e00000, 0x0000000097f00000, 0x0000000097f00000|100%| E|CS|TAMS 0x0000000097e00000| PB 0x0000000097e00000| Complete 
| 383|0x0000000097f00000, 0x0000000098000000, 0x0000000098000000|100%| E|CS|TAMS 0x0000000097f00000| PB 0x0000000097f00000| Complete 
| 384|0x0000000098000000, 0x0000000098100000, 0x0000000098100000|100%| E|CS|TAMS 0x0000000098000000| PB 0x0000000098000000| Complete 
| 385|0x0000000098100000, 0x0000000098200000, 0x0000000098200000|100%| E|CS|TAMS 0x0000000098100000| PB 0x0000000098100000| Complete 
| 386|0x0000000098200000, 0x0000000098300000, 0x0000000098300000|100%| E|CS|TAMS 0x0000000098200000| PB 0x0000000098200000| Complete 
| 387|0x0000000098300000, 0x0000000098400000, 0x0000000098400000|100%| E|CS|TAMS 0x0000000098300000| PB 0x0000000098300000| Complete 
| 388|0x0000000098400000, 0x0000000098500000, 0x0000000098500000|100%| E|CS|TAMS 0x0000000098400000| PB 0x0000000098400000| Complete 
| 389|0x0000000098500000, 0x0000000098600000, 0x0000000098600000|100%| E|CS|TAMS 0x0000000098500000| PB 0x0000000098500000| Complete 
|2041|0x00000000ff900000, 0x00000000ffa00000, 0x00000000ffa00000|100%| O|  |TAMS 0x00000000ff900000| PB 0x00000000ff900000| Untracked 
|2042|0x00000000ffa00000, 0x00000000ffb00000, 0x00000000ffb00000|100%| O|  |TAMS 0x00000000ffa00000| PB 0x00000000ffa00000| Untracked 
|2043|0x00000000ffb00000, 0x00000000ffc00000, 0x00000000ffc00000|100%| O|  |TAMS 0x00000000ffb00000| PB 0x00000000ffb00000| Untracked 
|2044|0x00000000ffc00000, 0x00000000ffd00000, 0x00000000ffd00000|100%| E|CS|TAMS 0x00000000ffc00000| PB 0x00000000ffc00000| Complete 
|2045|0x00000000ffd00000, 0x00000000ffe00000, 0x00000000ffe00000|100%| O|  |TAMS 0x00000000ffd00000| PB 0x00000000ffd00000| Untracked 
|2046|0x00000000ffe00000, 0x00000000fff00000, 0x00000000fff00000|100%| E|CS|TAMS 0x00000000ffe00000| PB 0x00000000ffe00000| Complete 
|2047|0x00000000fff00000, 0x0000000100000000, 0x0000000100000000|100%| O|  |TAMS 0x00000000fff00000| PB 0x00000000fff00000| Untracked 

Card table byte_map: [0x0000015997830000,0x0000015997c30000] _byte_map_base: 0x0000015997430000

Marking Bits: (CMBitMap*) 0x0000015984dd5c50
 Bits: [0x0000015997c30000, 0x0000015999c30000)

Polling page: 0x0000015982c10000

Metaspace:

Usage:
  Non-class:    164.07 MB used.
      Class:     24.91 MB used.
       Both:    188.97 MB used.

Virtual space:
  Non-class space:      192.00 MB reserved,     165.44 MB ( 86%) committed,  3 nodes.
      Class space:        1.00 GB reserved,      26.19 MB (  3%) committed,  1 nodes.
             Both:        1.19 GB reserved,     191.62 MB ( 16%) committed. 

Chunk freelists:
   Non-Class:  9.70 MB
       Class:  5.84 MB
        Both:  15.55 MB

MaxMetaspaceSize: unlimited
CompressedClassSpaceSize: 1.00 GB
Initial GC threshold: 21.00 MB
Current GC threshold: 298.88 MB
CDS: off
 - commit_granule_bytes: 65536.
 - commit_granule_words: 8192.
 - virtual_space_node_default_size: 8388608.
 - enlarge_chunks_in_place: 1.
 - use_allocation_guard: 0.


Internal statistics:

num_allocs_failed_limit: 6.
num_arena_births: 5294.
num_arena_deaths: 4.
num_vsnodes_births: 4.
num_vsnodes_deaths: 0.
num_space_committed: 3064.
num_space_uncommitted: 0.
num_chunks_returned_to_freelist: 15.
num_chunks_taken_from_freelist: 12962.
num_chunk_merges: 6.
num_chunk_splits: 9112.
num_chunks_enlarged: 6379.
num_inconsistent_stats: 0.

CodeHeap 'non-profiled nmethods': size=120000Kb used=11260Kb max_used=11260Kb free=108739Kb
 bounds [0x000001598f9a0000, 0x00000159904a0000, 0x0000015996ed0000]
CodeHeap 'profiled nmethods': size=120000Kb used=27468Kb max_used=30946Kb free=92532Kb
 bounds [0x0000015987ed0000, 0x0000015989db0000, 0x000001598f400000]
CodeHeap 'non-nmethods': size=5760Kb used=3229Kb max_used=3278Kb free=2530Kb
 bounds [0x000001598f400000, 0x000001598f740000, 0x000001598f9a0000]
CodeCache: size=245760Kb, used=41957Kb, max_used=45484Kb, free=203801Kb
 total_blobs=14822, nmethods=13567, adapters=1157, full_count=0
Compilation: enabled, stopped_count=0, restarted_count=0

Compilation events (20 events):
Event: 86.300 Thread 0x000001599ca2b3d0 27900       3       java.lang.ReflectiveOperationException::<init> (6 bytes)
Event: 86.301 Thread 0x000001599ca2b3d0 nmethod 27900 0x0000015988cdb810 code [0x0000015988cdb9c0, 0x0000015988cdbb58]
Event: 86.301 Thread 0x000001599ca2b3d0 27901       2       java.io.ObjectOutputStream::writeClassDescriptor (6 bytes)
Event: 86.301 Thread 0x000001599ca2b3d0 nmethod 27901 0x00000159887a5b10 code [0x00000159887a5cc0, 0x00000159887a5df0]
Event: 86.305 Thread 0x000001599ca2b3d0 27902       3       java.util.concurrent.ConcurrentLinkedQueue$Node::casItem (10 bytes)
Event: 86.306 Thread 0x000001599ca2b3d0 nmethod 27902 0x0000015989591e10 code [0x00000159895920a0, 0x0000015989592bb0]
Event: 86.306 Thread 0x000001599ca2b3d0 27903       3       sun.invoke.util.VerifyAccess::isTypeVisible (118 bytes)
Event: 86.306 Thread 0x000001599ca2b3d0 nmethod 27903 0x0000015989590390 code [0x00000159895906c0, 0x00000159895917f8]
Event: 86.306 Thread 0x000001599ca2b3d0 27904       3       java.lang.invoke.MemberName::<init> (26 bytes)
Event: 86.306 Thread 0x000001599ca2b3d0 nmethod 27904 0x000001598958fe10 code [0x000001598958ffe0, 0x0000015989590228]
Event: 86.306 Thread 0x000001599ca2b3d0 27906       3       java.lang.invoke.MethodHandles$Lookup::resolveOrFail (47 bytes)
Event: 86.307 Thread 0x000001599ca2b3d0 nmethod 27906 0x000001598958f110 code [0x000001598958f360, 0x000001598958fae0]
Event: 86.311 Thread 0x000001599ca2b3d0 27907   !   3       org.gradle.internal.resources.AbstractTrackedResourceLock::tryLock (75 bytes)
Event: 86.311 Thread 0x000001599ca2b3d0 nmethod 27907 0x000001598958de10 code [0x000001598958e0a0, 0x000001598958ec48]
Event: 86.311 Thread 0x000001599ca2b3d0 27908       3       org.gradle.internal.resources.AbstractResourceLockRegistry::lockAcquired (37 bytes)
Event: 86.311 Thread 0x000001599ca2b3d0 nmethod 27908 0x000001598958d710 code [0x000001598958d900, 0x000001598958dc90]
Event: 86.311 Thread 0x000001599ca2b3d0 27909       3       org.gradle.internal.resources.DefaultResourceLockCoordinationService$DefaultResourceLockState::registerLocked (57 bytes)
Event: 86.312 Thread 0x000001599ca2b3d0 nmethod 27909 0x000001598958cb10 code [0x000001598958cd20, 0x000001598958d4a8]
Event: 86.312 Thread 0x000001599ca2b3d0 27910       1       org.gradle.tooling.internal.adapter.MethodInvocation::getName (5 bytes)
Event: 86.312 Thread 0x000001599ca2b3d0 nmethod 27910 0x0000015990475c10 code [0x0000015990475da0, 0x0000015990475e68]

GC Heap History (20 events):
Event: 80.296 GC heap before
{Heap before GC invocations=64 (full 0):
 garbage-first heap   total 324608K, used 295630K [0x0000000080000000, 0x0000000100000000)
  region size 1024K, 107 young (109568K), 8 survivors (8192K)
 Metaspace       used 163539K, committed 165824K, reserved 1245184K
  class space    used 21392K, committed 22528K, reserved 1048576K
}
Event: 80.300 GC heap after
{Heap after GC invocations=65 (full 0):
 garbage-first heap   total 324608K, used 194810K [0x0000000080000000, 0x0000000100000000)
  region size 1024K, 9 young (9216K), 9 survivors (9216K)
 Metaspace       used 163539K, committed 165824K, reserved 1245184K
  class space    used 21392K, committed 22528K, reserved 1048576K
}
Event: 80.926 GC heap before
{Heap before GC invocations=65 (full 0):
 garbage-first heap   total 324608K, used 302330K [0x0000000080000000, 0x0000000100000000)
  region size 1024K, 109 young (111616K), 9 survivors (9216K)
 Metaspace       used 163696K, committed 166016K, reserved 1245184K
  class space    used 21409K, committed 22528K, reserved 1048576K
}
Event: 80.933 GC heap after
{Heap after GC invocations=66 (full 0):
 garbage-first heap   total 326656K, used 203061K [0x0000000080000000, 0x0000000100000000)
  region size 1024K, 14 young (14336K), 14 survivors (14336K)
 Metaspace       used 163696K, committed 166016K, reserved 1245184K
  class space    used 21409K, committed 22528K, reserved 1048576K
}
Event: 80.939 GC heap before
{Heap before GC invocations=66 (full 0):
 garbage-first heap   total 326656K, used 204085K [0x0000000080000000, 0x0000000100000000)
  region size 1024K, 16 young (16384K), 14 survivors (14336K)
 Metaspace       used 163702K, committed 166016K, reserved 1245184K
  class space    used 21409K, committed 22528K, reserved 1048576K
}
Event: 80.944 GC heap after
{Heap after GC invocations=67 (full 0):
 garbage-first heap   total 326656K, used 206560K [0x0000000080000000, 0x0000000100000000)
  region size 1024K, 3 young (3072K), 3 survivors (3072K)
 Metaspace       used 163702K, committed 166016K, reserved 1245184K
  class space    used 21409K, committed 22528K, reserved 1048576K
}
Event: 81.539 GC heap before
{Heap before GC invocations=68 (full 0):
 garbage-first heap   total 347136K, used 276192K [0x0000000080000000, 0x0000000100000000)
  region size 1024K, 69 young (70656K), 3 survivors (3072K)
 Metaspace       used 163801K, committed 166144K, reserved 1245184K
  class space    used 21421K, committed 22528K, reserved 1048576K
}
Event: 81.542 GC heap after
{Heap after GC invocations=69 (full 0):
 garbage-first heap   total 347136K, used 214950K [0x0000000080000000, 0x0000000100000000)
  region size 1024K, 9 young (9216K), 9 survivors (9216K)
 Metaspace       used 163801K, committed 166144K, reserved 1245184K
  class space    used 21421K, committed 22528K, reserved 1048576K
}
Event: 82.348 GC heap before
{Heap before GC invocations=69 (full 0):
 garbage-first heap   total 347136K, used 296870K [0x0000000080000000, 0x0000000100000000)
  region size 1024K, 87 young (89088K), 9 survivors (9216K)
 Metaspace       used 170399K, committed 172736K, reserved 1245184K
  class space    used 22240K, committed 23360K, reserved 1048576K
}
Event: 82.353 GC heap after
{Heap after GC invocations=70 (full 0):
 garbage-first heap   total 347136K, used 221858K [0x0000000080000000, 0x0000000100000000)
  region size 1024K, 7 young (7168K), 7 survivors (7168K)
 Metaspace       used 170399K, committed 172736K, reserved 1245184K
  class space    used 22240K, committed 23360K, reserved 1048576K
}
Event: 82.545 GC heap before
{Heap before GC invocations=70 (full 0):
 garbage-first heap   total 347136K, used 241314K [0x0000000080000000, 0x0000000100000000)
  region size 1024K, 27 young (27648K), 7 survivors (7168K)
 Metaspace       used 172216K, committed 174656K, reserved 1245184K
  class space    used 22541K, committed 23744K, reserved 1048576K
}
Event: 82.549 GC heap after
{Heap after GC invocations=71 (full 0):
 garbage-first heap   total 347136K, used 224653K [0x0000000080000000, 0x0000000100000000)
  region size 1024K, 3 young (3072K), 3 survivors (3072K)
 Metaspace       used 172216K, committed 174656K, reserved 1245184K
  class space    used 22541K, committed 23744K, reserved 1048576K
}
Event: 83.265 GC heap before
{Heap before GC invocations=72 (full 0):
 garbage-first heap   total 382976K, used 312717K [0x0000000080000000, 0x0000000100000000)
  region size 1024K, 84 young (86016K), 3 survivors (3072K)
 Metaspace       used 177134K, committed 179520K, reserved 1245184K
  class space    used 23217K, committed 24384K, reserved 1048576K
}
Event: 83.269 GC heap after
{Heap after GC invocations=73 (full 0):
 garbage-first heap   total 382976K, used 230087K [0x0000000080000000, 0x0000000100000000)
  region size 1024K, 8 young (8192K), 8 survivors (8192K)
 Metaspace       used 177134K, committed 179520K, reserved 1245184K
  class space    used 23217K, committed 24384K, reserved 1048576K
}
Event: 84.033 GC heap before
{Heap before GC invocations=73 (full 0):
 garbage-first heap   total 382976K, used 331463K [0x0000000080000000, 0x0000000100000000)
  region size 1024K, 107 young (109568K), 8 survivors (8192K)
 Metaspace       used 178226K, committed 180736K, reserved 1245184K
  class space    used 23308K, committed 24512K, reserved 1048576K
}
Event: 84.039 GC heap after
{Heap after GC invocations=74 (full 0):
 garbage-first heap   total 382976K, used 232605K [0x0000000080000000, 0x0000000100000000)
  region size 1024K, 14 young (14336K), 14 survivors (14336K)
 Metaspace       used 178226K, committed 180736K, reserved 1245184K
  class space    used 23308K, committed 24512K, reserved 1048576K
}
Event: 85.007 GC heap before
{Heap before GC invocations=74 (full 0):
 garbage-first heap   total 382976K, used 333981K [0x0000000080000000, 0x0000000100000000)
  region size 1024K, 113 young (115712K), 14 survivors (14336K)
 Metaspace       used 180666K, committed 183168K, reserved 1245184K
  class space    used 23479K, committed 24704K, reserved 1048576K
}
Event: 85.015 GC heap after
{Heap after GC invocations=75 (full 0):
 garbage-first heap   total 382976K, used 243601K [0x0000000080000000, 0x0000000100000000)
  region size 1024K, 12 young (12288K), 12 survivors (12288K)
 Metaspace       used 180666K, committed 183168K, reserved 1245184K
  class space    used 23479K, committed 24704K, reserved 1048576K
}
Event: 85.834 GC heap before
{Heap before GC invocations=76 (full 0):
 garbage-first heap   total 406528K, used 341905K [0x0000000080000000, 0x0000000100000000)
  region size 1024K, 107 young (109568K), 12 survivors (12288K)
 Metaspace       used 187996K, committed 190528K, reserved 1245184K
  class space    used 24672K, committed 25920K, reserved 1048576K
}
Event: 85.839 GC heap after
{Heap after GC invocations=77 (full 0):
 garbage-first heap   total 406528K, used 247798K [0x0000000080000000, 0x0000000100000000)
  region size 1024K, 5 young (5120K), 5 survivors (5120K)
 Metaspace       used 187996K, committed 190528K, reserved 1245184K
  class space    used 24672K, committed 25920K, reserved 1048576K
}

Dll operation events (3 events):
Event: 0.012 Loaded shared library C:\Program Files\Android\Android Studio\jbr\bin\java.dll
Event: 0.019 Loaded shared library C:\Program Files\Android\Android Studio\jbr\bin\zip.dll
Event: 0.727 Loaded shared library C:\Program Files\Android\Android Studio\jbr\bin\verify.dll

Deoptimization events (20 events):
Event: 86.288 Thread 0x00000159b1ecb5d0 Uncommon trap: trap_request=0xffffffde fr.pc=0x000001598fc46c44 relative=0x0000000000000284
Event: 86.288 Thread 0x00000159b1ecb5d0 Uncommon trap: reason=class_check action=maybe_recompile pc=0x000001598fc46c44 method=java.util.stream.StreamOpFlag.fromCharacteristics(Ljava/util/Spliterator;)I @ 14 c2
Event: 86.288 Thread 0x00000159b1ecb5d0 DEOPT PACKING pc=0x000001598fc46c44 sp=0x000000090fcfe770
Event: 86.288 Thread 0x00000159b1ecb5d0 DEOPT UNPACKING pc=0x000001598f4546a2 sp=0x000000090fcfe658 mode 2
Event: 86.292 Thread 0x00000159b1ecb5d0 Uncommon trap: trap_request=0xffffff45 fr.pc=0x000001599022f410 relative=0x0000000000001730
Event: 86.292 Thread 0x00000159b1ecb5d0 Uncommon trap: reason=unstable_if action=reinterpret pc=0x000001599022f410 method=org.gradle.internal.logging.sink.OutputEventTransformer.onOutput(Lorg/gradle/internal/logging/events/OutputEvent;)V @ 89 c2
Event: 86.292 Thread 0x00000159b1ecb5d0 DEOPT PACKING pc=0x000001599022f410 sp=0x000000090fcfe950
Event: 86.292 Thread 0x00000159b1ecb5d0 DEOPT UNPACKING pc=0x000001598f4546a2 sp=0x000000090fcfe978 mode 2
Event: 86.292 Thread 0x00000159b1ecb5d0 Uncommon trap: trap_request=0xffffff45 fr.pc=0x000001598fcf58e4 relative=0x0000000000000264
Event: 86.292 Thread 0x00000159b1ecb5d0 Uncommon trap: reason=unstable_if action=reinterpret pc=0x000001598fcf58e4 method=org.gradle.internal.operations.logging.LoggingBuildOperationProgressBroadcaster.onOutput(Lorg/gradle/internal/logging/events/OutputEvent;)V @ 73 c2
Event: 86.292 Thread 0x00000159b1ecb5d0 DEOPT PACKING pc=0x000001598fcf58e4 sp=0x000000090fcfea30
Event: 86.292 Thread 0x00000159b1ecb5d0 DEOPT UNPACKING pc=0x000001598f4546a2 sp=0x000000090fcfe960 mode 2
Event: 86.292 Thread 0x00000159b1ecb5d0 Uncommon trap: trap_request=0xffffffde fr.pc=0x000001598ffd9314 relative=0x00000000000004b4
Event: 86.292 Thread 0x00000159b1ecb5d0 Uncommon trap: reason=class_check action=maybe_recompile pc=0x000001598ffd9314 method=org.gradle.tooling.internal.provider.runner.ClientBuildEventGenerator$EnabledOperation.progress(Lorg/gradle/internal/operations/OperationProgressEvent;)V @ 9 c2
Event: 86.292 Thread 0x00000159b1ecb5d0 DEOPT PACKING pc=0x000001598ffd9314 sp=0x000000090fcfe6c0
Event: 86.292 Thread 0x00000159b1ecb5d0 DEOPT UNPACKING pc=0x000001598f4546a2 sp=0x000000090fcfe610 mode 2
Event: 86.308 Thread 0x00000159a2c2b7e0 Uncommon trap: trap_request=0xffffff45 fr.pc=0x000001598f9cca8c relative=0x000000000000006c
Event: 86.308 Thread 0x00000159a2c2b7e0 Uncommon trap: reason=unstable_if action=reinterpret pc=0x000001598f9cca8c method=java.util.Objects.equals(Ljava/lang/Object;Ljava/lang/Object;)Z @ 6 c2
Event: 86.308 Thread 0x00000159a2c2b7e0 DEOPT PACKING pc=0x000001598f9cca8c sp=0x000000090a5faf40
Event: 86.308 Thread 0x00000159a2c2b7e0 DEOPT UNPACKING pc=0x000001598f4546a2 sp=0x000000090a5faee0 mode 2

Classes loaded (20 events):
Event: 85.329 Loading class java/util/regex/Pattern$Caret
Event: 85.330 Loading class java/util/regex/Pattern$Caret done
Event: 85.707 Loading class java/lang/invoke/BoundMethodHandle$Species_LLLJ
Event: 85.707 Loading class java/lang/invoke/BoundMethodHandle$Species_LLLJ done
Event: 86.094 Loading class java/util/TreeMap$AscendingSubMap
Event: 86.094 Loading class java/util/TreeMap$NavigableSubMap
Event: 86.095 Loading class java/util/TreeMap$NavigableSubMap done
Event: 86.095 Loading class java/util/TreeMap$AscendingSubMap done
Event: 86.095 Loading class java/util/TreeMap$NavigableSubMap$SubMapKeyIterator
Event: 86.095 Loading class java/util/TreeMap$NavigableSubMap$SubMapIterator
Event: 86.095 Loading class java/util/TreeMap$NavigableSubMap$SubMapIterator done
Event: 86.095 Loading class java/util/TreeMap$NavigableSubMap$SubMapKeyIterator done
Event: 86.208 Loading class java/util/IdentityHashMap$KeyIterator
Event: 86.208 Loading class java/util/IdentityHashMap$KeyIterator done
Event: 86.287 Loading class java/util/TreeMap$KeySpliterator
Event: 86.287 Loading class java/util/TreeMap$TreeMapSpliterator
Event: 86.287 Loading class java/util/TreeMap$TreeMapSpliterator done
Event: 86.287 Loading class java/util/TreeMap$KeySpliterator done
Event: 86.304 Loading class java/util/concurrent/ConcurrentLinkedQueue$Itr
Event: 86.305 Loading class java/util/concurrent/ConcurrentLinkedQueue$Itr done

Classes unloaded (12 events):
Event: 6.975 Thread 0x000001599c8cb4a0 Unloading class 0x000000010099c988 '_BuildScript_$_run_closure1$_closure2'
Event: 6.975 Thread 0x000001599c8cb4a0 Unloading class 0x000000010099c568 '_BuildScript_$_run_closure1'
Event: 6.975 Thread 0x000001599c8cb4a0 Unloading class 0x000000010099c000 '_BuildScript_'
Event: 7.905 Thread 0x000001599c8cb4a0 Unloading class 0x00000001009c11c8 '_BuildScript_$_run_closure1$_closure3'
Event: 7.905 Thread 0x000001599c8cb4a0 Unloading class 0x00000001009c0da8 '_BuildScript_$_run_closure1$_closure2'
Event: 7.905 Thread 0x000001599c8cb4a0 Unloading class 0x00000001009c0988 '_BuildScript_$_run_closure1'
Event: 7.905 Thread 0x000001599c8cb4a0 Unloading class 0x00000001009c0420 '_BuildScript_'
Event: 7.905 Thread 0x000001599c8cb4a0 Unloading class 0x00000001009c0000 'JetGradlePlugin$_apply_closure1$_closure2$_closure3'
Event: 7.905 Thread 0x000001599c8cb4a0 Unloading class 0x00000001009b99f0 'JetGradlePlugin$_apply_closure1$_closure2'
Event: 7.905 Thread 0x000001599c8cb4a0 Unloading class 0x00000001009b95d0 'JetGradlePlugin$_apply_closure1'
Event: 7.905 Thread 0x000001599c8cb4a0 Unloading class 0x00000001009b9300 'JetGradlePlugin'
Event: 7.905 Thread 0x000001599c8cb4a0 Unloading class 0x00000001009b9000 'RegistryProcessor'

Classes redefined (0 events):
No events

Internal exceptions (20 events):
Event: 85.914 Thread 0x00000159a2c2b7e0 Exception <a 'java/lang/ClassNotFoundException'{0x0000000097fa9690}: com/android/build/gradle/internal/api/BaseVariantOutputImplCustomizer> (0x0000000097fa9690) 
thrown [s\src\hotspot\share\classfile\systemDictionary.cpp, line 312]
Event: 85.915 Thread 0x00000159a2c2b7e0 Exception <a 'java/lang/ClassNotFoundException'{0x0000000097fcc4c8}: com/android/build/gradle/internal/api/ApkVariantOutputImplCustomizer> (0x0000000097fcc4c8) 
thrown [s\src\hotspot\share\classfile\systemDictionary.cpp, line 312]
Event: 85.915 Thread 0x00000159a2c2b7e0 Exception <a 'java/lang/ClassNotFoundException'{0x0000000097fea9e0}: com/android/build/gradle/internal/api/ApkVariantOutputImpl_DecoratedCustomizer> (0x0000000097fea9e0) 
thrown [s\src\hotspot\share\classfile\systemDictionary.cpp, line 312]
Event: 85.922 Thread 0x00000159a2c2b7e0 Exception <a 'java/lang/NoClassDefFoundError'{0x0000000097efe948}: org/jetbrains/kotlin/gradle/plugin/KotlinBasePluginWrapper> (0x0000000097efe948) 
thrown [s\src\hotspot\share\oops\constantPool.cpp, line 874]
Event: 85.966 Thread 0x00000159a2c2b7e0 Exception <a 'java/lang/NoSuchMethodError'{0x0000000097836ab0}: 'void java.lang.invoke.Invokers$Holder.invokeExact_MT(java.lang.Object, java.lang.Object, java.lang.Object)'> (0x0000000097836ab0) 
thrown [s\src\hotspot\share\interpreter\linkResolver.cpp, line 784]
Event: 86.092 Thread 0x00000159b1ecd6a0 Implicit null exception at 0x000001598ff3f00b to 0x000001598ff3f0d0
Event: 86.092 Thread 0x00000159b1ecd6a0 Implicit null exception at 0x000001598fdf640e to 0x000001598fdf6b84
Event: 86.096 Thread 0x00000159a2c2b7e0 Exception <a 'java/lang/NoSuchMethodError'{0x00000000972e3888}: 'void java.lang.invoke.DirectMethodHandle$Holder.invokeSpecial(java.lang.Object, java.lang.Object, java.lang.Object, java.lang.Object, java.lang.Object, java.lang.Object, java.lang.Object, java.lang.Object, java.lang.Object)'> (0x00000000972e3888) 
thrown [s\src\hotspot\share\interpreter\linkResolver.cpp, line 784]
Event: 86.096 Thread 0x00000159a2c2b7e0 Implicit null exception at 0x000001598fbc6312 to 0x000001598fbc6ccc
Event: 86.124 Thread 0x00000159a2c29080 Exception <a 'java/lang/NoSuchMethodError'{0x0000000096f08800}: static Lorg/gradle/tooling/internal/provider/PhasedBuildActionResult;.<clinit>()V> (0x0000000096f08800) 
thrown [s\src\hotspot\share\prims\jni.cpp, line 1144]
Event: 86.125 Thread 0x00000159a2c29080 Exception <a 'java/lang/NoSuchMethodError'{0x0000000096f12838}: static Lorg/gradle/tooling/internal/provider/serialization/SerializedPayload;.<clinit>()V> (0x0000000096f12838) 
thrown [s\src\hotspot\share\prims\jni.cpp, line 1144]
Event: 86.125 Thread 0x00000159a2c29080 Exception <a 'java/lang/NoSuchMethodError'{0x0000000096f159f0}: static [B.<clinit>()V> (0x0000000096f159f0) 
thrown [s\src\hotspot\share\prims\jni.cpp, line 1144]
Event: 86.239 Thread 0x00000159b1ecd6a0 Exception <a 'java/lang/NoSuchMethodError'{0x0000000096937a18}: 'java.lang.Object java.lang.invoke.DirectMethodHandle$Holder.newInvokeSpecial(java.lang.Object, java.lang.Object, int, java.lang.Object, java.lang.Object)'> (0x0000000096937a18) 
thrown [s\src\hotspot\share\interpreter\linkResolver.cpp, line 784]
Event: 86.239 Thread 0x00000159b1ecd6a0 Exception <a 'java/lang/NoSuchMethodError'{0x000000009693b6e8}: 'java.lang.Object java.lang.invoke.Invokers$Holder.linkToTargetMethod(java.lang.Object, int, java.lang.Object, java.lang.Object, java.lang.Object)'> (0x000000009693b6e8) 
thrown [s\src\hotspot\share\interpreter\linkResolver.cpp, line 784]
Event: 86.282 Thread 0x00000159b1ecb5d0 Exception <a 'java/lang/NoSuchMethodError'{0x000000009649dda8}: 'java.lang.Object java.lang.invoke.DirectMethodHandle$Holder.invokeVirtual(java.lang.Object, java.lang.Object, java.lang.Object, java.lang.Object, java.lang.Object, java.lang.Object, java.lang.Object, java.lang.Object, java.lang.Object, java.lang.Object, java.lang.Object, java.lang.Object, java.lang.Object, java.lang.Object, java.lang.Object, java.lang.Object, java.lang.Object, java.lang.Object, java.lang.Object)'> (0x000000009649dda8) 
thrown
Event: 86.293 Thread 0x00000159a2c29080 Exception <a 'java/lang/NoSuchMethodError'{0x00000000963acc70}: static Lorg/gradle/internal/build/event/types/DefaultTaskStartedProgressEvent;.<clinit>()V> (0x00000000963acc70) 
thrown [s\src\hotspot\share\prims\jni.cpp, line 1144]
Event: 86.294 Thread 0x00000159a2c29080 Exception <a 'java/lang/NoSuchMethodError'{0x00000000963b81a8}: static Lorg/gradle/internal/build/event/types/DefaultTaskDescriptor;.<clinit>()V> (0x00000000963b81a8) 
thrown [s\src\hotspot\share\prims\jni.cpp, line 1144]
Event: 86.300 Thread 0x00000159a2c29080 Exception <a 'java/lang/NoSuchMethodError'{0x00000000963c6b10}: static Lorg/gradle/internal/build/event/types/DefaultTaskFinishedProgressEvent;.<clinit>()V> (0x00000000963c6b10) 
thrown [s\src\hotspot\share\prims\jni.cpp, line 1144]
Event: 86.301 Thread 0x00000159a2c29080 Exception <a 'java/lang/NoSuchMethodError'{0x00000000963dd118}: static Lorg/gradle/internal/build/event/types/DefaultTaskSuccessResult;.<clinit>()V> (0x00000000963dd118) 
thrown [s\src\hotspot\share\prims\jni.cpp, line 1144]
Event: 86.301 Thread 0x00000159a2c29080 Exception <a 'java/lang/NoSuchMethodError'{0x00000000963de858}: static Lorg/gradle/internal/build/event/types/AbstractTaskResult;.<clinit>()V> (0x00000000963de858) 
thrown [s\src\hotspot\share\prims\jni.cpp, line 1144]

ZGC Phase Switch (0 events):
No events

VM Operations (20 events):
Event: 84.813 Executing VM operation: HandshakeAllThreads (Deoptimize)
Event: 84.813 Executing VM operation: HandshakeAllThreads (Deoptimize) done
Event: 85.007 Executing VM operation: G1CollectForAllocation (G1 Evacuation Pause)
Event: 85.015 Executing VM operation: G1CollectForAllocation (G1 Evacuation Pause) done
Event: 85.063 Executing VM operation: G1PauseRemark
Event: 85.068 Executing VM operation: G1PauseRemark done
Event: 85.095 Executing VM operation: G1PauseCleanup
Event: 85.095 Executing VM operation: G1PauseCleanup done
Event: 85.117 Executing VM operation: HandshakeAllThreads (Deoptimize)
Event: 85.117 Executing VM operation: HandshakeAllThreads (Deoptimize) done
Event: 85.834 Executing VM operation: G1CollectForAllocation (G1 Evacuation Pause)
Event: 85.839 Executing VM operation: G1CollectForAllocation (G1 Evacuation Pause) done
Event: 86.116 Executing VM operation: HandshakeAllThreads (Deoptimize)
Event: 86.116 Executing VM operation: HandshakeAllThreads (Deoptimize) done
Event: 86.117 Executing VM operation: HandshakeAllThreads (Deoptimize)
Event: 86.117 Executing VM operation: HandshakeAllThreads (Deoptimize) done
Event: 86.165 Executing VM operation: HandshakeAllThreads (Deoptimize)
Event: 86.166 Executing VM operation: HandshakeAllThreads (Deoptimize) done
Event: 86.291 Executing VM operation: HandshakeAllThreads (Deoptimize)
Event: 86.291 Executing VM operation: HandshakeAllThreads (Deoptimize) done

Memory protections (0 events):
No events

Nmethod flushes (20 events):
Event: 85.067 Thread 0x000001599c8cb4a0 flushing  nmethod 0x000001598867c510
Event: 85.067 Thread 0x000001599c8cb4a0 flushing  nmethod 0x0000015988681c10
Event: 85.067 Thread 0x000001599c8cb4a0 flushing  nmethod 0x0000015988685110
Event: 85.067 Thread 0x000001599c8cb4a0 flushing  nmethod 0x000001598870ee10
Event: 85.067 Thread 0x000001599c8cb4a0 flushing  nmethod 0x0000015988776e90
Event: 85.067 Thread 0x000001599c8cb4a0 flushing  nmethod 0x0000015988777390
Event: 85.067 Thread 0x000001599c8cb4a0 flushing  nmethod 0x0000015988846790
Event: 85.067 Thread 0x000001599c8cb4a0 flushing  nmethod 0x0000015988905b90
Event: 85.067 Thread 0x000001599c8cb4a0 flushing  nmethod 0x0000015988a82f90
Event: 85.067 Thread 0x000001599c8cb4a0 flushing  nmethod 0x0000015988b0ea90
Event: 85.067 Thread 0x000001599c8cb4a0 flushing  nmethod 0x0000015988b17a10
Event: 85.067 Thread 0x000001599c8cb4a0 flushing  nmethod 0x0000015988c9fc10
Event: 85.067 Thread 0x000001599c8cb4a0 flushing  nmethod 0x0000015988ca3990
Event: 85.067 Thread 0x000001599c8cb4a0 flushing  nmethod 0x00000159890c4610
Event: 85.067 Thread 0x000001599c8cb4a0 flushing  nmethod 0x0000015989506890
Event: 85.067 Thread 0x000001599c8cb4a0 flushing  nmethod 0x0000015989646510
Event: 85.067 Thread 0x000001599c8cb4a0 flushing  nmethod 0x000001598991e710
Event: 85.067 Thread 0x000001599c8cb4a0 flushing  nmethod 0x0000015989924c90
Event: 85.067 Thread 0x000001599c8cb4a0 flushing  nmethod 0x0000015989c15f90
Event: 85.067 Thread 0x000001599c8cb4a0 flushing  nmethod 0x0000015989c92910

Events (20 events):
Event: 82.431 Thread 0x00000159a2c2b7e0 Thread added: 0x00000159b11e8140
Event: 82.701 Thread 0x00000159afc8a9e0 Thread exited: 0x00000159afc8a9e0
Event: 83.246 Thread 0x000001599ca2b3d0 Thread added: 0x00000159a79d2880
Event: 85.093 Thread 0x00000159a79d2880 Thread exited: 0x00000159a79d2880
Event: 85.917 Thread 0x000001599ca2b3d0 Thread added: 0x00000159a7d3d1d0
Event: 86.091 Thread 0x00000159a2c2b7e0 Thread added: 0x00000159b1ecd6a0
Event: 86.114 Thread 0x00000159b1ecd6a0 Thread exited: 0x00000159b1ecd6a0
Event: 86.234 Thread 0x00000159a2c2b7e0 Thread added: 0x00000159b1ecd6a0
Event: 86.241 Thread 0x00000159b1ecd6a0 Thread added: 0x00000159b1ecb5d0
Event: 86.241 Thread 0x00000159b1ecd6a0 Thread added: 0x00000159b1eca220
Event: 86.241 Thread 0x00000159b1ecd6a0 Thread added: 0x00000159b1ece3c0
Event: 86.241 Thread 0x00000159b1ecd6a0 Thread added: 0x00000159b1ed0490
Event: 86.241 Thread 0x00000159b1ecd6a0 Thread added: 0x00000159b1ecf770
Event: 86.241 Thread 0x00000159b1ecd6a0 Thread added: 0x00000159b1ecdd30
Event: 86.242 Thread 0x00000159b1ecd6a0 Thread added: 0x00000159b1ecea50
Event: 86.242 Thread 0x00000159b1ecd6a0 Thread added: 0x00000159b1ed0b20
Event: 86.242 Thread 0x00000159b1ecd6a0 Thread added: 0x00000159b1ed11b0
Event: 86.242 Thread 0x00000159b1ecd6a0 Thread added: 0x00000159b1ed2560
Event: 86.242 Thread 0x00000159b1ecd6a0 Thread added: 0x00000159b1ecfe00
Event: 86.262 Thread 0x00000159b1ecb5d0 Thread added: 0x00000159b1ed1840


Dynamic libraries:
0x00007ff72a850000 - 0x00007ff72a85a000 	C:\Program Files\Android\Android Studio\jbr\bin\java.exe
0x00007ffd9e120000 - 0x00007ffd9e387000 	C:\WINDOWS\SYSTEM32\ntdll.dll
0x00007ffd9c760000 - 0x00007ffd9c829000 	C:\WINDOWS\System32\KERNEL32.DLL
0x00007ffd9baa0000 - 0x00007ffd9be97000 	C:\WINDOWS\System32\KERNELBASE.dll
0x00007ffd9ab80000 - 0x00007ffd9accb000 	C:\WINDOWS\System32\ucrtbase.dll
0x00007ffd93c00000 - 0x00007ffd93c1b000 	C:\Program Files\Android\Android Studio\jbr\bin\VCRUNTIME140.dll
0x00007ffd78860000 - 0x00007ffd78878000 	C:\Program Files\Android\Android Studio\jbr\bin\jli.dll
0x00007ffd9bf20000 - 0x00007ffd9c0e6000 	C:\WINDOWS\System32\USER32.dll
0x00007ffd9ab50000 - 0x00007ffd9ab77000 	C:\WINDOWS\System32\win32u.dll
0x00007ffd9c980000 - 0x00007ffd9c9ab000 	C:\WINDOWS\System32\GDI32.dll
0x00007ffd9b970000 - 0x00007ffd9ba9c000 	C:\WINDOWS\System32\gdi32full.dll
0x00007ffd6b0a0000 - 0x00007ffd6b332000 	C:\WINDOWS\WinSxS\amd64_microsoft.windows.common-controls_6595b64144ccf1df_6.0.26100.8457_none_3e0b2faee331e92d\COMCTL32.dll
0x00007ffd9b690000 - 0x00007ffd9b733000 	C:\WINDOWS\System32\msvcp_win.dll
0x00007ffd9d860000 - 0x00007ffd9d909000 	C:\WINDOWS\System32\msvcrt.dll
0x00007ffd9c3c0000 - 0x00007ffd9c3f2000 	C:\WINDOWS\System32\IMM32.DLL
0x00007ffd94740000 - 0x00007ffd9474c000 	C:\Program Files\Android\Android Studio\jbr\bin\vcruntime140_1.dll
0x00007ffd35100000 - 0x00007ffd3518d000 	C:\Program Files\Android\Android Studio\jbr\bin\msvcp140.dll
0x00007ffce9750000 - 0x00007ffcea3e6000 	C:\Program Files\Android\Android Studio\jbr\bin\server\jvm.dll
0x00007ffd9c8c0000 - 0x00007ffd9c976000 	C:\WINDOWS\System32\ADVAPI32.dll
0x00007ffd9e030000 - 0x00007ffd9e0d7000 	C:\WINDOWS\System32\sechost.dll
0x00007ffd9c500000 - 0x00007ffd9c618000 	C:\WINDOWS\System32\RPCRT4.dll
0x00007ffd9c830000 - 0x00007ffd9c8b0000 	C:\WINDOWS\System32\WS2_32.dll
0x00007ffd99770000 - 0x00007ffd997ce000 	C:\WINDOWS\SYSTEM32\POWRPROF.dll
0x00007ffd956c0000 - 0x00007ffd956f6000 	C:\WINDOWS\SYSTEM32\WINMM.dll
0x00007ffd86050000 - 0x00007ffd8605b000 	C:\WINDOWS\SYSTEM32\VERSION.dll
0x00007ffd99750000 - 0x00007ffd99764000 	C:\WINDOWS\SYSTEM32\UMPDC.dll
0x00007ffd99a00000 - 0x00007ffd99a1b000 	C:\WINDOWS\SYSTEM32\kernel.appcore.dll
0x00007ffd93bf0000 - 0x00007ffd93bfa000 	C:\Program Files\Android\Android Studio\jbr\bin\jimage.dll
0x00007ffd98b10000 - 0x00007ffd98d52000 	C:\WINDOWS\SYSTEM32\DBGHELP.DLL
0x00007ffd9d910000 - 0x00007ffd9dc93000 	C:\WINDOWS\System32\combase.dll
0x00007ffd9c680000 - 0x00007ffd9c759000 	C:\WINDOWS\System32\OLEAUT32.dll
0x00007ffd50680000 - 0x00007ffd506bb000 	C:\WINDOWS\SYSTEM32\dbgcore.DLL
0x00007ffd9b8c0000 - 0x00007ffd9b968000 	C:\WINDOWS\System32\bcryptPrimitives.dll
0x00007ffd951d0000 - 0x00007ffd951de000 	C:\Program Files\Android\Android Studio\jbr\bin\instrument.dll
0x00007ffd88cd0000 - 0x00007ffd88cf0000 	C:\Program Files\Android\Android Studio\jbr\bin\java.dll
0x00007ffd88cb0000 - 0x00007ffd88cc8000 	C:\Program Files\Android\Android Studio\jbr\bin\zip.dll
0x00007ffd9d070000 - 0x00007ffd9d7de000 	C:\WINDOWS\System32\SHELL32.dll
0x00007ffd9acd0000 - 0x00007ffd9b53c000 	C:\WINDOWS\System32\windows.storage.dll
0x00007ffd9df30000 - 0x00007ffd9e026000 	C:\WINDOWS\System32\SHCORE.dll
0x00007ffd9d7f0000 - 0x00007ffd9d856000 	C:\WINDOWS\System32\shlwapi.dll
0x00007ffd9aa70000 - 0x00007ffd9aa99000 	C:\WINDOWS\SYSTEM32\profapi.dll
0x00007ffd93b30000 - 0x00007ffd93b40000 	C:\Program Files\Android\Android Studio\jbr\bin\net.dll
0x00007ffd90500000 - 0x00007ffd90629000 	C:\WINDOWS\SYSTEM32\WINHTTP.dll
0x00007ffd99f70000 - 0x00007ffd99fdc000 	C:\WINDOWS\system32\mswsock.dll
0x00007ffd88c90000 - 0x00007ffd88ca6000 	C:\Program Files\Android\Android Studio\jbr\bin\nio.dll
0x00007ffd7a900000 - 0x00007ffd7a910000 	C:\Program Files\Android\Android Studio\jbr\bin\verify.dll
0x00007ffd4a730000 - 0x00007ffd4a757000 	C:\Users\loq\.gradle\native\1def1411415f61bf3af743bc5b6707747c0891f09f0c88961ee8f79bc544acac\windows-amd64\native-platform.dll
0x00007ffd47e50000 - 0x00007ffd47ec8000 	C:\Users\loq\.gradle\native\0.2.7\x86_64-windows-gnu\gradle-fileevents.dll
0x00007ffd86230000 - 0x00007ffd86239000 	C:\Program Files\Android\Android Studio\jbr\bin\management.dll
0x00007ffd82640000 - 0x00007ffd8264b000 	C:\Program Files\Android\Android Studio\jbr\bin\management_ext.dll
0x00007ffd9cb50000 - 0x00007ffd9cb58000 	C:\WINDOWS\System32\PSAPI.DLL
0x00007ffd99380000 - 0x00007ffd993b2000 	C:\WINDOWS\SYSTEM32\IPHLPAPI.DLL
0x00007ffd9c3b0000 - 0x00007ffd9c3ba000 	C:\WINDOWS\System32\NSI.dll
0x00007ffd87e80000 - 0x00007ffd87e89000 	C:\Program Files\Android\Android Studio\jbr\bin\extnet.dll
0x00007ffd9a250000 - 0x00007ffd9a26b000 	C:\WINDOWS\SYSTEM32\CRYPTSP.dll
0x00007ffd99960000 - 0x00007ffd99999000 	C:\WINDOWS\system32\rsaenh.dll
0x00007ffd9a020000 - 0x00007ffd9a053000 	C:\WINDOWS\SYSTEM32\USERENV.dll
0x00007ffd9aa40000 - 0x00007ffd9aa6a000 	C:\WINDOWS\SYSTEM32\bcrypt.dll
0x00007ffd9a270000 - 0x00007ffd9a27c000 	C:\WINDOWS\SYSTEM32\CRYPTBASE.dll
0x00007ffd58200000 - 0x00007ffd58208000 	C:\WINDOWS\system32\wshunix.dll
0x00007ffd99410000 - 0x00007ffd99542000 	C:\WINDOWS\SYSTEM32\DNSAPI.dll
0x00007ffd8f320000 - 0x00007ffd8f32b000 	C:\Windows\System32\rasadhlp.dll
0x00007ffd86120000 - 0x00007ffd861a6000 	C:\WINDOWS\System32\fwpuclnt.dll

JVMTI agents:
C:\Users\loq\.gradle\wrapper\dists\gradle-8.13-bin\5xuhj0ry160q40clulazy9h7d\gradle-8.13\lib\agents\gradle-instrumentation-agent-8.13.jar path:C:\Program Files\Android\Android Studio\jbr\bin\instrument.dll, loaded, initialized, instrumentlib options:none

dbghelp: loaded successfully - version: 4.0.5 - missing functions: none
symbol engine: initialized successfully - sym options: 0x614 - pdb path: .;C:\Program Files\Android\Android Studio\jbr\bin;C:\WINDOWS\SYSTEM32;C:\WINDOWS\WinSxS\amd64_microsoft.windows.common-controls_6595b64144ccf1df_6.0.26100.8457_none_3e0b2faee331e92d;C:\Program Files\Android\Android Studio\jbr\bin\server;C:\Users\loq\.gradle\native\1def1411415f61bf3af743bc5b6707747c0891f09f0c88961ee8f79bc544acac\windows-amd64;C:\Users\loq\.gradle\native\0.2.7\x86_64-windows-gnu

VM Arguments:
jvm_args: --add-opens=java.base/java.lang=ALL-UNNAMED --add-opens=java.base/java.lang.invoke=ALL-UNNAMED --add-opens=java.base/java.util=ALL-UNNAMED --add-opens=java.prefs/java.util.prefs=ALL-UNNAMED --add-exports=jdk.compiler/com.sun.tools.javac.api=ALL-UNNAMED --add-exports=jdk.compiler/com.sun.tools.javac.util=ALL-UNNAMED --add-opens=java.base/java.util=ALL-UNNAMED --add-opens=java.prefs/java.util.prefs=ALL-UNNAMED --add-opens=java.base/java.nio.charset=ALL-UNNAMED --add-opens=java.base/java.net=ALL-UNNAMED --add-opens=java.base/java.util.concurrent.atomic=ALL-UNNAMED --add-opens=java.xml/javax.xml.namespace=ALL-UNNAMED -Xmx2048m -Dfile.encoding=UTF-8 -Duser.country=US -Duser.language=en -Duser.variant -javaagent:C:\Users\loq\.gradle\wrapper\dists\gradle-8.13-bin\5xuhj0ry160q40clulazy9h7d\gradle-8.13\lib\agents\gradle-instrumentation-agent-8.13.jar 
java_command: org.gradle.launcher.daemon.bootstrap.GradleDaemon 8.13
java_class_path (initial): C:\Users\loq\.gradle\wrapper\dists\gradle-8.13-bin\5xuhj0ry160q40clulazy9h7d\gradle-8.13\lib\gradle-daemon-main-8.13.jar
Launcher Type: SUN_STANDARD

[Global flags]
     intx CICompilerCount                          = 4                                         {product} {ergonomic}
     uint ConcGCThreads                            = 3                                         {product} {ergonomic}
     uint G1ConcRefinementThreads                  = 10                                        {product} {ergonomic}
   size_t G1HeapRegionSize                         = 1048576                                   {product} {ergonomic}
    uintx GCDrainStackTargetSize                   = 64                                        {product} {ergonomic}
   size_t InitialHeapSize                          = 264241152                                 {product} {ergonomic}
   size_t MarkStackSize                            = 4194304                                   {product} {ergonomic}
   size_t MaxHeapSize                              = 2147483648                                {product} {command line}
   size_t MaxNewSize                               = 1287651328                                {product} {ergonomic}
   size_t MinHeapDeltaBytes                        = 1048576                                   {product} {ergonomic}
   size_t MinHeapSize                              = 8388608                                   {product} {ergonomic}
    uintx NonNMethodCodeHeapSize                   = 5839372                                {pd product} {ergonomic}
    uintx NonProfiledCodeHeapSize                  = 122909434                              {pd product} {ergonomic}
    uintx ProfiledCodeHeapSize                     = 122909434                              {pd product} {ergonomic}
    uintx ReservedCodeCacheSize                    = 251658240                              {pd product} {ergonomic}
     bool SegmentedCodeCache                       = true                                      {product} {ergonomic}
   size_t SoftMaxHeapSize                          = 2147483648                             {manageable} {ergonomic}
     bool UseCompressedOops                        = true                           {product lp64_product} {ergonomic}
     bool UseG1GC                                  = true                                      {product} {ergonomic}
     bool UseLargePagesIndividualAllocation        = false                                  {pd product} {ergonomic}

Logging:
Log output configuration:
 #0: stdout all=warning uptime,level,tags foldmultilines=false
 #1: stderr all=off uptime,level,tags foldmultilines=false

Environment Variables:
PATH=C:\Program Files (x86)\Common Files\Oracle\Java\java8path;C:\Program Files (x86)\Common Files\Oracle\Java\javapath;C:\Windows\system32;C:\Windows;C:\Windows\System32\Wbem;C:\Windows\System32\WindowsPowerShell\v1.0\;C:\Windows\System32\OpenSSH\;C:\Program Files\dotnet\;C:\Program Files (x86)\NVIDIA Corporation\PhysX\Common;C:\WINDOWS\system32;C:\WINDOWS;C:\WINDOWS\System32\Wbem;C:\WINDOWS\System32\WindowsPowerShell\v1.0\;C:\WINDOWS\System32\OpenSSH\;C:\Program Files\NVIDIA Corporation\NVIDIA App\NvDLISR;C:\Users\loq\AppData\Local\Android\Sdk\platform-tools;C:\Program Files\Cloudflare\Cloudflare WARP\;C:\Users\loq\AppData\Local\Android\Sdk\emulator;C:\Program Files\Git\cmd;C:\Program Files\PuTTY\;C:\Users\loq\AppData\Local\Programs\Python\Python314\Scripts\;C:\Users\loq\AppData\Local\Programs\Python\Python314\;C:\Users\loq\AppData\Local\Microsoft\WindowsApps;C:\Users\loq\AppData\Local\Programs\Microsoft VS Code\bin;C:\Users\loq\AppData\Local\Python\bin;C:\Users\loq\AppData\Local\PowerToys\DSCModules\
USERNAME=loq
OS=Windows_NT
PROCESSOR_IDENTIFIER=Intel64 Family 6 Model 151 Stepping 2, GenuineIntel
TMP=C:\Users\loq\AppData\Local\Temp
TEMP=C:\Users\loq\AppData\Local\Temp




Periodic native trim disabled

JNI global refs:
JNI global refs: 29, weak refs: 0

JNI global refs memory usage: 835, weak refs: 833

Process memory usage:
Resident Set Size: 727400K (4% of 16478072K total physical memory with 630288K free physical memory)

OOME stack traces (most recent first):
Classloader memory used:
Loader org.gradle.internal.classloader.VisitableURLClassLoader                         : 113M
Loader bootstrap                                                                       : 33006K
Loader org.gradle.internal.classloader.VisitableURLClassLoader$InstrumentingVisitableURLClassLoader: 20510K
Loader org.gradle.initialization.MixInLegacyTypesClassLoader                           : 12728K
Loader jdk.internal.loader.ClassLoaders$AppClassLoader                                 : 7720K
Loader org.gradle.internal.classloader.VisitableURLClassLoader                         : 1910K
Loader jdk.internal.loader.ClassLoaders$PlatformClassLoader                            : 999K
Loader jdk.internal.reflect.DelegatingClassLoader                                      : 401K
Loader jdk.internal.jrtfs.JrtFileSystemProvider$JrtFsLoader                            : 340K
Loader org.gradle.groovy.scripts.internal.DefaultScriptCompilationHandler$ScriptClassLoader: 90104B
Loader org.codehaus.groovy.runtime.callsite.CallSiteClassLoader                        : 49912B

Classes loaded by more than one classloader:
Class Program                                                                         : loaded 5 times (x 72B)
Class org.gradle.api.Action                                                           : loaded 3 times (x 70B)
Class org.gradle.internal.Cast                                                        : loaded 3 times (x 71B)
Class Build_gradle$1                                                                  : loaded 3 times (x 74B)
Class org.gradle.internal.IoActions                                                   : loaded 3 times (x 71B)
Class org.gradle.api.UncheckedIOException                                             : loaded 3 times (x 82B)
Class org.gradle.api.GradleException                                                  : loaded 3 times (x 82B)
Class Build_gradle                                                                    : loaded 3 times (x 130B)
Class com.intellij.gradle.toolingExtension.impl.model.sourceSetModel.GradleSourceSetSerialisationService$Companion: loaded 2 times (x 71B)
Class kotlin.collections.CollectionsKt__ReversedViewsKt                               : loaded 2 times (x 71B)
Class org.gradle.internal.classloader.ClassLoaderHierarchy                            : loaded 2 times (x 70B)
Class com.google.common.collect.ImmutableEnumSet                                      : loaded 2 times (x 146B)
Class com.google.common.util.concurrent.ExecutionError                                : loaded 2 times (x 82B)
Class com.google.common.collect.ImmutableList$1                                       : loaded 2 times (x 97B)
Class org.jetbrains.plugins.gradle.tooling.util.IntObjectMap$ObjectFactory            : loaded 2 times (x 70B)
Class org.gradle.api.internal.classpath.ManifestUtil                                  : loaded 2 times (x 71B)
Class com.google.common.collect.RegularImmutableMap                                   : loaded 2 times (x 121B)
Class com.google.common.collect.ImmutableMap$MapViewOfValuesAsSingletonSets           : loaded 2 times (x 126B)
Class org.jetbrains.plugins.gradle.model.AnnotationProcessingModel                    : loaded 2 times (x 70B)
Class org.jetbrains.plugins.gradle.model.GradleExtensions                             : loaded 2 times (x 70B)
Class org.gradle.tooling.internal.adapter.TargetTypeProvider                          : loaded 2 times (x 70B)
Class [Lorg.objectweb.asm.Symbol;                                                     : loaded 2 times (x 69B)
Class org.objectweb.asm.ClassVisitor                                                  : loaded 2 times (x 88B)
Class com.google.common.collect.UnmodifiableListIterator                              : loaded 2 times (x 95B)
Class jdk.internal.jimage.decompressor.StringSharingDecompressorFactory               : loaded 2 times (x 74B)
Class org.gradle.internal.operations.MultipleBuildOperationFailures                   : loaded 2 times (x 95B)
Class com.google.common.base.Platform$JdkPatternCompiler                              : loaded 2 times (x 75B)
Class org.objectweb.asm.MethodTooLargeException                                       : loaded 2 times (x 83B)
Class [Lcom.google.common.cache.CacheBuilder$OneWeigher;                              : loaded 2 times (x 69B)
Class com.google.common.base.Suppliers                                                : loaded 2 times (x 71B)
Class com.intellij.util.containers.IntObjectHashMap$ArrayProducer                     : loaded 2 times (x 70B)
Class org.gradle.internal.classloader.DefaultClassLoaderFactory                       : loaded 2 times (x 82B)
Class kotlin.collections.AbstractList$Companion                                       : loaded 2 times (x 71B)
Class org.gradle.internal.classloader.ClassLoaderVisitor                              : loaded 2 times (x 76B)
Class [Lcom.google.common.collect.ImmutableMapEntry;                                  : loaded 2 times (x 69B)
Class org.jetbrains.plugins.gradle.tooling.serialization.internal.IdeaProjectSerializationService: loaded 2 times (x 77B)
Class org.gradle.api.internal.classpath.EffectiveClassPath                            : loaded 2 times (x 90B)
Class com.google.common.collect.ListMultimap                                          : loaded 2 times (x 70B)
Class com.google.common.collect.ImmutableEnumMap                                      : loaded 2 times (x 126B)
Class org.gradle.tooling.internal.gradle.DefaultProjectIdentifier                     : loaded 2 times (x 86B)
Class com.google.common.collect.Sets$1                                                : loaded 2 times (x 139B)
Class org.objectweb.asm.AnnotationVisitor                                             : loaded 2 times (x 78B)
Class com.intellij.gradle.toolingExtension.impl.model.buildScriptClasspathModel.GradleBuildScriptClasspathSerializationService$ReadContext: loaded 2 times (x 72B)
Class org.gradle.internal.impldep.gnu.trove.TObjectIntHashMap                         : loaded 2 times (x 109B)
Class org.gradle.api.internal.DefaultClassPathProvider                                : loaded 2 times (x 76B)
Class com.google.common.collect.Sets$2                                                : loaded 2 times (x 139B)
Class [Lorg.gradle.api.internal.ClassPathProvider;                                    : loaded 2 times (x 69B)
Class org.gradle.api.internal.ClassPathProvider                                       : loaded 2 times (x 70B)
Class [Lorg.objectweb.asm.AnnotationVisitor;                                          : loaded 2 times (x 69B)
Class com.google.common.collect.Sets$3                                                : loaded 2 times (x 139B)
Class com.google.common.util.concurrent.AbstractFuture$SafeAtomicHelper               : loaded 2 times (x 79B)
Class com.google.common.cache.LocalCache$LocalLoadingCache                            : loaded 2 times (x 134B)
Class jdk.internal.jrtfs.SystemImage                                                  : loaded 2 times (x 74B)
Class org.gradle.internal.impldep.gnu.trove.TObjectHash$NULL                          : loaded 2 times (x 71B)
Class org.gradle.internal.service.UnknownServiceException                             : loaded 2 times (x 83B)
Class com.google.common.collect.Sets$4                                                : loaded 2 times (x 139B)
Class org.objectweb.asm.ModuleVisitor                                                 : loaded 2 times (x 81B)
Class com.google.common.cache.LocalCache$Strength$1                                   : loaded 2 times (x 81B)
Class org.jetbrains.kotlin.idea.gradleTooling.KotlinDslScriptAdditionalTask           : loaded 2 times (x 70B)
Class org.jetbrains.plugins.gradle.model.ClasspathEntryModel                          : loaded 2 times (x 70B)
Class com.google.common.util.concurrent.SettableFuture                                : loaded 2 times (x 114B)
Class com.google.common.cache.LocalCache$Strength$2                                   : loaded 2 times (x 81B)
Class org.jetbrains.plugins.gradle.tooling.serialization.GradleExtensionsSerializationService: loaded 2 times (x 77B)
Class org.gradle.tooling.model.Dependency                                             : loaded 2 times (x 70B)
Class com.google.common.cache.LocalCache$Strength$3                                   : loaded 2 times (x 81B)
Class com.google.common.collect.MapDifference                                         : loaded 2 times (x 70B)
Class com.intellij.openapi.externalSystem.model.project.dependencies.ResolutionState  : loaded 2 times (x 79B)
Class kotlin.collections.CollectionsKt__CollectionsKt                                 : loaded 2 times (x 71B)
Class org.objectweb.asm.FieldWriter                                                   : loaded 2 times (x 78B)
Class com.google.common.cache.CacheBuilder$NullListener                               : loaded 2 times (x 82B)
Class jdk.internal.jimage.ImageReader$LinkNode                                        : loaded 2 times (x 84B)
Class org.gradle.internal.classpath.TransformedClassPath                              : loaded 2 times (x 96B)
Class org.gradle.internal.classloader.InstrumentingClassLoader                        : loaded 2 times (x 70B)
Class com.google.common.cache.CacheLoader$FunctionToCacheLoader                       : loaded 2 times (x 75B)
Class com.google.common.collect.Iterators$ArrayItr                                    : loaded 2 times (x 97B)
Class com.google.common.collect.ImmutableCollection$Builder                           : loaded 2 times (x 76B)
Class jdk.internal.jrtfs.SystemImage$1                                                : loaded 2 times (x 78B)
Class kotlin.enums.EnumEntriesList                                                    : loaded 2 times (x 223B)
Class com.google.common.base.Joiner                                                   : loaded 2 times (x 79B)
Class com.google.common.base.MoreObjects                                              : loaded 2 times (x 71B)
Class jdk.internal.jrtfs.SystemImage$2                                                : loaded 2 times (x 76B)
Class kotlin.collections.CollectionsKt__IteratorsJVMKt                                : loaded 2 times (x 71B)
Class com.google.common.collect.Platform                                              : loaded 2 times (x 71B)
Class [Lorg.objectweb.asm.Type;                                                       : loaded 2 times (x 69B)
Class com.google.common.collect.UnmodifiableIterator                                  : loaded 2 times (x 80B)
Class org.jetbrains.kotlin.idea.gradleTooling.KotlinSourceSetContainer                : loaded 2 times (x 70B)
Class org.jetbrains.plugins.gradle.model.IntelliJSettings                             : loaded 2 times (x 70B)
Class org.gradle.internal.service.ServiceLocator                                      : loaded 2 times (x 70B)
Class com.google.common.base.Ascii                                                    : loaded 2 times (x 71B)
Class com.google.common.collect.SingletonImmutableBiMap                               : loaded 2 times (x 143B)
Class com.google.common.cache.LocalCache$1                                            : loaded 2 times (x 89B)
Class com.google.common.collect.AbstractMapEntry                                      : loaded 2 times (x 81B)
Class jdk.internal.jrtfs.JrtFileSystemProvider                                        : loaded 2 times (x 101B)
Class com.intellij.gradle.toolingExtension.util.GradleVersionUtil                     : loaded 2 times (x 71B)
Class org.gradle.tooling.model.UnsupportedMethodException                             : loaded 2 times (x 82B)
Class com.google.common.collect.Sets$ImprovedAbstractSet                              : loaded 2 times (x 135B)
Class com.google.common.collect.ImmutableList$Builder                                 : loaded 2 times (x 77B)
Class com.google.common.collect.AbstractMultimap                                      : loaded 2 times (x 123B)
Class com.google.common.cache.LocalCache$2                                            : loaded 2 times (x 142B)
Class kotlin.collections.CollectionsKt__MutableCollectionsKt                          : loaded 2 times (x 71B)
Class com.google.common.util.concurrent.AbstractFuture$UnsafeAtomicHelper$1           : loaded 2 times (x 76B)
Class com.google.common.collect.RegularImmutableAsList                                : loaded 2 times (x 217B)
Class org.jetbrains.plugins.gradle.tooling.serialization.AnnotationProcessingModelSerializationService$WriteContext: loaded 2 times (x 72B)
Class org.gradle.internal.impldep.gnu.trove.THash                                     : loaded 2 times (x 81B)
Class ijInit3_a5w2aepsp5euc7z286y6vf4tx                                               : loaded 2 times (x 179B)
Class com.google.common.util.concurrent.AbstractFuture$Trusted                        : loaded 2 times (x 70B)
Class com.google.common.collect.Iterators                                             : loaded 2 times (x 71B)
Class org.jetbrains.plugins.gradle.tooling.serialization.ProjectDependenciesSerializationService$WriteContext: loaded 2 times (x 72B)
Class org.jetbrains.plugins.gradle.tooling.serialization.ProjectDependenciesSerializationService: loaded 2 times (x 77B)
Class org.gradle.tooling.internal.adapter.CollectionMapper                            : loaded 2 times (x 73B)
Class com.google.common.collect.Lists$StringAsImmutableList                           : loaded 2 times (x 207B)
Class com.google.common.util.concurrent.UncheckedExecutionException                   : loaded 2 times (x 82B)
Class org.gradle.kotlin.dsl.VersionCatalogAccessorsKt                                 : loaded 2 times (x 71B)
Class jdk.internal.jimage.ImageLocation                                               : loaded 2 times (x 90B)
Class jdk.internal.jrtfs.JrtDirectoryStream$1                                         : loaded 2 times (x 83B)
Class org.gradle.internal.impldep.gnu.trove.Equality                                  : loaded 2 times (x 70B)
Class com.intellij.gradle.toolingExtension.impl.model.buildScriptClasspathModel.GradleBuildScriptClasspathSerializationService$WriteContext: loaded 2 times (x 72B)
Class org.gradle.tooling.internal.adapter.ProtocolToModelAdapter                      : loaded 2 times (x 80B)
Class org.gradle.internal.InternalTransformer                                         : loaded 2 times (x 70B)
Class com.google.common.collect.AbstractMapBasedMultimap$KeySet$1                     : loaded 2 times (x 82B)
Class org.objectweb.asm.ClassWriter                                                   : loaded 2 times (x 106B)
Class com.google.common.cache.CacheLoader$UnsupportedLoadingOperationException        : loaded 2 times (x 82B)
Class com.google.common.base.CharMatcher$And                                          : loaded 2 times (x 112B)
Class jdk.internal.jimage.ImageBufferCache$1                                          : loaded 2 times (x 83B)
Class org.gradle.internal.impldep.gnu.trove.TObjectCanonicalHashingStrategy           : loaded 2 times (x 80B)
Class org.gradle.internal.time.DefaultTimer                                           : loaded 2 times (x 80B)
Class org.gradle.internal.classloader.ClasspathUtil$1                                 : loaded 2 times (x 76B)
Class org.objectweb.asm.FieldVisitor                                                  : loaded 2 times (x 77B)
Class com.google.common.collect.IndexedImmutableSet                                   : loaded 2 times (x 152B)
Class com.google.common.collect.ImmutableMap$1                                        : loaded 2 times (x 81B)
Class com.google.common.collect.BiMap                                                 : loaded 2 times (x 70B)
Class jdk.internal.jimage.ImageBufferCache$2                                          : loaded 2 times (x 91B)
Class org.gradle.api.internal.classpath.DefaultModuleRegistry$DefaultModule           : loaded 2 times (x 86B)
Class com.google.common.primitives.Ints                                               : loaded 2 times (x 71B)
Class com.google.common.collect.AbstractIterator                                      : loaded 2 times (x 82B)
Class com.google.common.collect.ObjectArrays                                          : loaded 2 times (x 71B)
Class com.google.common.collect.Multiset                                              : loaded 2 times (x 70B)
Class com.google.common.collect.ArrayListMultimapGwtSerializationDependencies         : loaded 2 times (x 172B)
Class com.google.common.collect.AbstractIndexedListIterator                           : loaded 2 times (x 96B)
Class com.google.common.math.MathPreconditions                                        : loaded 2 times (x 71B)
Class org.gradle.internal.time.DefaultCountdownTimer                                  : loaded 2 times (x 88B)
Class com.google.common.collect.ImmutableMapEntrySet                                  : loaded 2 times (x 152B)
Class org.jetbrains.plugins.gradle.model.GradleTaskModel                              : loaded 2 times (x 70B)
Class org.jetbrains.plugins.gradle.tooling.util.ObjectCollector                       : loaded 2 times (x 72B)
Class org.gradle.tooling.internal.gradle.DefaultBuildIdentifier                       : loaded 2 times (x 79B)
Class kotlin.Function                                                                 : loaded 2 times (x 70B)
Class org.gradle.api.internal.classpath.Module                                        : loaded 2 times (x 70B)
Class com.google.common.cache.Weigher                                                 : loaded 2 times (x 70B)
Class com.intellij.openapi.externalSystem.model.project.IExternalSystemSourceType     : loaded 2 times (x 70B)
Class org.gradle.api.internal.classpath.UnknownModuleException                        : loaded 2 times (x 82B)
Class com.google.common.base.Stopwatch                                                : loaded 2 times (x 72B)
Class com.google.common.cache.LocalCache$Strength                                     : loaded 2 times (x 81B)
Class com.google.common.cache.Cache                                                   : loaded 2 times (x 70B)
Class jdk.internal.jimage.ImageHeader                                                 : loaded 2 times (x 71B)
Class com.intellij.openapi.externalSystem.model.project.dependencies.ProjectDependencies: loaded 2 times (x 70B)
Class org.jetbrains.plugins.gradle.tooling.serialization.ProjectDependenciesSerializationService$ReadContext: loaded 2 times (x 72B)
Class org.gradle.internal.impldep.gnu.trove.TObjectIdentityHashingStrategy            : loaded 2 times (x 78B)
Class com.google.common.util.concurrent.AbstractFuture$Cancellation                   : loaded 2 times (x 72B)
Class com.google.common.collect.ImmutableMap$Builder                                  : loaded 2 times (x 82B)
Class com.google.common.cache.RemovalListener                                         : loaded 2 times (x 70B)
Class org.jetbrains.plugins.gradle.tooling.serialization.RepositoriesModelSerializationService: loaded 2 times (x 82B)
Class org.gradle.tooling.internal.gradle.GradleProjectIdentity                        : loaded 2 times (x 70B)
Class org.gradle.api.internal.DefaultClassPathRegistry                                : loaded 2 times (x 76B)
Class com.google.common.primitives.IntsMethodsForWeb                                  : loaded 2 times (x 71B)
Class com.google.common.collect.Multimap                                              : loaded 2 times (x 70B)
Class org.jetbrains.plugins.gradle.tooling.serialization.RepositoriesModelSerializationService$ReadContext: loaded 2 times (x 72B)
Class org.gradle.api.internal.ClassPathRegistry                                       : loaded 2 times (x 70B)
Class org.gradle.internal.classpath.DefaultClassPath$ImmutableUniqueList              : loaded 2 times (x 199B)
Class jdk.internal.jimage.decompressor.ResourceDecompressor                           : loaded 2 times (x 70B)
Class com.intellij.gradle.toolingExtension.impl.model.projectModel.GradleExternalProjectSerializationService$WriteContext: loaded 2 times (x 73B)
Class jdk.internal.jimage.BasicImageReader                                            : loaded 2 times (x 95B)
Class com.google.common.cache.CacheBuilder                                            : loaded 2 times (x 72B)
Class com.google.common.collect.SingletonImmutableList                                : loaded 2 times (x 207B)
Class Settings_gradle$1                                                               : loaded 2 times (x 74B)
Class com.google.common.base.CharMatcher$IsEither                                     : loaded 2 times (x 111B)
Class org.gradle.internal.classpath.ClassPath                                         : loaded 2 times (x 70B)
Class com.google.common.base.JdkPattern                                               : loaded 2 times (x 75B)
Class com.google.common.collect.ImmutableList$ReverseImmutableList                    : loaded 2 times (x 209B)
Class org.jetbrains.plugins.gradle.tooling.serialization.KotlinDslScriptsModelSerializationService: loaded 2 times (x 81B)
Class org.objectweb.asm.SymbolTable$Entry                                             : loaded 2 times (x 74B)
Class com.google.common.util.concurrent.AbstractFuture$AtomicHelper                   : loaded 2 times (x 78B)
Class org.jetbrains.kotlin.idea.gradleTooling.KotlinGradleModel                       : loaded 2 times (x 70B)
Class org.jetbrains.plugins.gradle.tooling.serialization.ExternalTestsSerializationService$WriteContext: loaded 2 times (x 72B)
Class org.objectweb.asm.Edge                                                          : loaded 2 times (x 72B)
Class com.google.common.base.Suppliers$SupplierOfInstance                             : loaded 2 times (x 79B)
Class com.google.common.collect.Iterators$1                                           : loaded 2 times (x 81B)
Class jdk.internal.jimage.ImageStringsReader                                          : loaded 2 times (x 80B)
Class org.gradle.tooling.model.Model                                                  : loaded 2 times (x 70B)
Class com.google.common.cache.LocalCache$ComputingValueReference                      : loaded 2 times (x 96B)
Class com.google.common.collect.SingletonImmutableSet                                 : loaded 2 times (x 146B)
Class com.google.common.collect.ImmutableMap$IteratorBasedImmutableMap                : loaded 2 times (x 126B)
Class kotlin.UninitializedPropertyAccessException                                     : loaded 2 times (x 82B)
Class com.google.common.cache.LocalCache$Segment                                      : loaded 2 times (x 154B)
Class jdk.internal.jimage.ImageReader                                                 : loaded 2 times (x 75B)
Class org.jetbrains.plugins.gradle.model.IntelliJProjectSettings                      : loaded 2 times (x 70B)
Class org.gradle.tooling.internal.adapter.ProtocolToModelAdapter$MethodInvocationCache: loaded 2 times (x 73B)
Class org.gradle.internal.classloader.FilteringClassLoader                            : loaded 2 times (x 105B)
Class [Lorg.objectweb.asm.SymbolTable$Entry;                                          : loaded 2 times (x 69B)
Class com.google.common.cache.CacheLoader                                             : loaded 2 times (x 74B)
Class com.google.common.collect.Iterators$4                                           : loaded 2 times (x 82B)
Class com.google.common.collect.ImmutableBiMap                                        : loaded 2 times (x 143B)
Class jdk.internal.jimage.ImageReader$SharedImageReader                               : loaded 2 times (x 95B)
Class org.jetbrains.plugins.gradle.model.ExternalDependency                           : loaded 2 times (x 70B)
Class com.intellij.util.containers.IntObjectHashMap                                   : loaded 2 times (x 72B)
Class org.gradle.internal.installation.GradleInstallation$1                           : loaded 2 times (x 75B)
Class org.gradle.api.internal.classpath.ModuleRegistry                                : loaded 2 times (x 70B)
Class com.google.common.util.concurrent.internal.InternalFutureFailureAccess          : loaded 2 times (x 72B)
Class com.google.common.collect.Iterators$5                                           : loaded 2 times (x 82B)
Class com.google.common.collect.ImmutableSet$JdkBackedSetBuilderImpl                  : loaded 2 times (x 76B)
Class jdk.internal.jimage.decompressor.ResourceDecompressorFactory                    : loaded 2 times (x 74B)
Class org.jetbrains.plugins.gradle.model.VersionCatalogsModel                         : loaded 2 times (x 70B)
Class com.intellij.gradle.toolingExtension.impl.model.sourceSetDependencyModel.GradleSourceSetDependencySerialisationService$SourceSetDependencyModelReadContext: loaded 2 times (x 72B)
Class com.intellij.gradle.toolingExtension.impl.model.dependencyModel.DependencyReadContext: loaded 2 times (x 72B)
Class org.gradle.tooling.internal.adapter.ObjectGraphAdapter                          : loaded 2 times (x 70B)
Class com.google.common.util.concurrent.AbstractFuture$UnsafeAtomicHelper             : loaded 2 times (x 78B)
Class com.google.common.cache.LocalCache$LocalManualCache$1                           : loaded 2 times (x 75B)
Class com.google.common.base.CharMatcher$ForPredicate                                 : loaded 2 times (x 112B)
Class org.jetbrains.plugins.gradle.model.ExternalSourceSet                            : loaded 2 times (x 70B)
Class com.intellij.gradle.toolingExtension.impl.model.warmUp.GradleTaskWarmUpRequest  : loaded 2 times (x 70B)
Class com.google.common.base.CharMatcher$AnyOf                                        : loaded 2 times (x 112B)
Class com.google.common.collect.ImmutableCollection                                   : loaded 2 times (x 125B)
Class jdk.internal.jimage.ImageReader$Node                                            : loaded 2 times (x 84B)
Class com.intellij.gradle.toolingExtension.impl.model.sourceSetArtifactIndex.GradleSourceSetArtifactBuildRequest: loaded 2 times (x 70B)
Class kotlin.collections.CollectionsKt__CollectionsJVMKt                              : loaded 2 times (x 71B)
Class org.gradle.api.internal.classpath.DefaultModuleRegistry                         : loaded 2 times (x 86B)
Class com.google.common.collect.Lists                                                 : loaded 2 times (x 71B)
Class com.google.common.util.concurrent.ListenableFuture                              : loaded 2 times (x 70B)
Class com.google.common.cache.ReferenceEntry                                          : loaded 2 times (x 70B)
Class com.google.common.base.Converter                                                : loaded 2 times (x 90B)
Class com.google.common.collect.ImmutableSet$CachingAsList                            : loaded 2 times (x 148B)
Class jdk.internal.jimage.BasicImageReader$1                                          : loaded 2 times (x 77B)
Class org.jetbrains.plugins.gradle.tooling.serialization.internal.IdeaProjectSerializationService$WriteContext$1: loaded 2 times (x 83B)
Class org.jetbrains.plugins.gradle.model.ExternalProject                              : loaded 2 times (x 70B)
Class kotlin.collections.CollectionsKt__IteratorsKt                                   : loaded 2 times (x 71B)
Class com.google.common.collect.AbstractMapBasedMultimap                              : loaded 2 times (x 139B)
Class com.google.common.util.concurrent.AbstractFuture                                : loaded 2 times (x 106B)
Class com.google.common.base.FunctionalEquivalence                                    : loaded 2 times (x 83B)
Class com.google.common.collect.Iterators$9                                           : loaded 2 times (x 81B)
Class com.google.common.collect.ImmutableAsList                                       : loaded 2 times (x 209B)
Class org.jetbrains.plugins.gradle.tooling.serialization.internal.IdeaProjectSerializationService$WriteContext$2: loaded 2 times (x 83B)
Class org.objectweb.asm.RecordComponentVisitor                                        : loaded 2 times (x 77B)
Class com.google.common.cache.CacheLoader$SupplierToCacheLoader                       : loaded 2 times (x 75B)
Class org.jetbrains.plugins.gradle.tooling.serialization.AnnotationProcessingModelSerializationService$ReadContext: loaded 2 times (x 72B)
Class org.jetbrains.plugins.gradle.tooling.serialization.internal.IdeaProjectSerializationService$WriteContext$3: loaded 2 times (x 83B)
Class org.gradle.util.internal.DefaultGradleVersion$Stage                             : loaded 2 times (x 75B)
Class com.google.common.collect.Maps$EntryTransformer                                 : loaded 2 times (x 70B)
Class jdk.internal.jimage.decompressor.Decompressor                                   : loaded 2 times (x 72B)
Class jdk.internal.jimage.ImageReader$Resource                                        : loaded 2 times (x 84B)
Class org.jetbrains.plugins.gradle.tooling.serialization.internal.IdeaProjectSerializationService$WriteContext$4: loaded 2 times (x 83B)
Class com.intellij.gradle.toolingExtension.impl.model.sourceSetDependencyModel.GradleSourceSetDependencySerialisationService$Companion: loaded 2 times (x 71B)
Class org.gradle.internal.time.MonotonicClock                                         : loaded 2 times (x 77B)
Class org.gradle.internal.service.ServiceLookupException                              : loaded 2 times (x 82B)
Class [Lcom.google.common.cache.LocalCache$EntryFactory;                              : loaded 2 times (x 69B)
Class jdk.internal.jrtfs.JrtFileAttributes                                            : loaded 2 times (x 83B)
Class org.jetbrains.plugins.gradle.tooling.serialization.internal.IdeaProjectSerializationService$WriteContext$5: loaded 2 times (x 83B)
Class com.intellij.gradle.toolingExtension.impl.model.sourceSetDependencyModel.GradleSourceSetDependencySerialisationService$SourceSetDependencyModelWriteContext: loaded 2 times (x 72B)
Class org.gradle.internal.classloader.ClassLoaderFactory                              : loaded 2 times (x 70B)
Class com.google.common.base.CommonPattern                                            : loaded 2 times (x 74B)
Class com.google.common.cache.LocalCache$LocalManualCache                             : loaded 2 times (x 99B)
Class com.google.common.base.CharMatcher$IsNot                                        : loaded 2 times (x 111B)
Class org.jetbrains.plugins.gradle.tooling.serialization.internal.IdeaProjectSerializationService$WriteContext$6: loaded 2 times (x 83B)
Class org.jetbrains.plugins.gradle.tooling.util.IntObjectMap                          : loaded 2 times (x 73B)
Class org.gradle.internal.service.CachingServiceLocator                               : loaded 2 times (x 82B)
Class com.google.common.collect.AbstractMapBasedMultimap$KeySet                       : loaded 2 times (x 137B)
Class com.google.common.math.IntMath                                                  : loaded 2 times (x 71B)
Class org.jetbrains.plugins.gradle.model.RepositoryModels                             : loaded 2 times (x 70B)
Class org.jetbrains.plugins.gradle.tooling.serialization.internal.IdeaProjectSerializationService$WriteContext$7: loaded 2 times (x 83B)
Class org.objectweb.asm.commons.InstructionAdapter                                    : loaded 2 times (x 188B)
Class com.google.common.collect.ImmutableMapEntry                                     : loaded 2 times (x 85B)
Class org.jetbrains.plugins.gradle.tooling.serialization.internal.IdeaProjectSerializationService$WriteContext$8: loaded 2 times (x 83B)
Class org.gradle.internal.time.TimeSource                                             : loaded 2 times (x 70B)
Class org.gradle.tooling.model.kotlin.dsl.KotlinDslScriptsModel                       : loaded 2 times (x 70B)
Class com.google.common.base.Equivalence                                              : loaded 2 times (x 82B)
Class com.google.common.base.Function                                                 : loaded 2 times (x 70B)
Class com.google.common.collect.ImmutableMapEntry$NonTerminalImmutableMapEntry        : loaded 2 times (x 85B)
Class org.jetbrains.plugins.gradle.tooling.serialization.SerializationService         : loaded 2 times (x 70B)
Class org.gradle.tooling.internal.gradle.GradleBuildIdentity                          : loaded 2 times (x 70B)
Class kotlin.enums.EnumEntries                                                        : loaded 2 times (x 70B)
Class com.google.common.cache.CacheBuilder$OneWeigher                                 : loaded 2 times (x 82B)
Class com.google.common.collect.RegularImmutableList                                  : loaded 2 times (x 213B)
Class org.jetbrains.plugins.gradle.tooling.serialization.internal.adapter.Supplier    : loaded 2 times (x 70B)
Class org.gradle.internal.exceptions.ResolutionProvider                               : loaded 2 times (x 70B)
Class jdk.internal.jimage.ImageBufferCache                                            : loaded 2 times (x 71B)
Class jdk.internal.jrtfs.JrtPath                                                      : loaded 2 times (x 118B)
Class org.gradle.tooling.model.ProjectIdentifier                                      : loaded 2 times (x 70B)
Class org.gradle.internal.classloader.ClasspathUtil                                   : loaded 2 times (x 71B)
Class com.google.common.base.Charsets                                                 : loaded 2 times (x 71B)
Class com.google.common.util.concurrent.Uninterruptibles                              : loaded 2 times (x 71B)
Class com.intellij.gradle.toolingExtension.impl.model.sourceSetModel.GradleSourceSetSerialisationService: loaded 2 times (x 77B)
Class com.google.common.collect.Maps                                                  : loaded 2 times (x 71B)
Class org.gradle.internal.time.TimeSource$1                                           : loaded 2 times (x 77B)
Class kotlin.jvm.internal.DefaultConstructorMarker                                    : loaded 2 times (x 71B)
Class org.gradle.api.specs.Spec                                                       : loaded 2 times (x 70B)
Class [Lcom.google.common.collect.ImmutableEntry;                                     : loaded 2 times (x 69B)
Class jdk.internal.jimage.ImageReader$SharedImageReader$LocationVisitor               : loaded 2 times (x 70B)
Class com.google.common.cache.LocalCache$LoadingValueReference                        : loaded 2 times (x 96B)
Class com.intellij.gradle.toolingExtension.impl.model.buildScriptClasspathModel.GradleBuildScriptClasspathSerializationService: loaded 2 times (x 77B)
Class kotlin.NotImplementedError                                                      : loaded 2 times (x 82B)
Class com.google.common.base.Platform                                                 : loaded 2 times (x 71B)
Class jdk.internal.jimage.decompressor.ResourceDecompressorRepository                 : loaded 2 times (x 71B)
Class org.jetbrains.plugins.gradle.model.FileCollectionDependency                     : loaded 2 times (x 70B)
Class org.gradle.internal.impldep.gnu.trove.TObjectHashingStrategy                    : loaded 2 times (x 70B)
Class com.intellij.gradle.toolingExtension.impl.model.utilDummyModel.DummyModel       : loaded 2 times (x 70B)
Class org.gradle.internal.time.Clock                                                  : loaded 2 times (x 70B)
Class [Lorg.objectweb.asm.AnnotationWriter;                                           : loaded 2 times (x 69B)
Class com.google.common.collect.Maps$8                                                : loaded 2 times (x 82B)
Class jdk.internal.jimage.ImageReader$Directory                                       : loaded 2 times (x 84B)
Class org.jetbrains.plugins.gradle.model.GradleSourceSetDependencyModel               : loaded 2 times (x 70B)
Class org.gradle.tooling.internal.adapter.TypeInspector                               : loaded 2 times (x 73B)
Class org.gradle.tooling.internal.adapter.ProtocolToModelAdapter$NoOpDecoration       : loaded 2 times (x 79B)
Class org.gradle.tooling.model.Element                                                : loaded 2 times (x 70B)
Class kotlin.collections.AbstractList                                                 : loaded 2 times (x 197B)
Class kotlin.collections.AbstractCollection                                           : loaded 2 times (x 117B)
Class com.google.common.collect.Sets$SetView                                          : loaded 2 times (x 138B)
Class com.google.common.cache.LocalCache$StrongValueReference                         : loaded 2 times (x 90B)
Class com.google.common.util.concurrent.AbstractFuture$SynchronizedHelper             : loaded 2 times (x 78B)
Class com.intellij.gradle.toolingExtension.impl.model.taskModel.GradleTaskSerialisationService: loaded 2 times (x 76B)
Class org.objectweb.asm.Type                                                          : loaded 2 times (x 72B)
Class org.jetbrains.plugins.gradle.tooling.util.IntObjectMap$1                        : loaded 2 times (x 77B)
Class org.gradle.internal.impldep.com.google.common.base.Preconditions                : loaded 2 times (x 71B)
Class org.gradle.internal.classloader.VisitableURLClassLoader$InstrumentingVisitableURLClassLoader: loaded 2 times (x 123B)
Class org.objectweb.asm.ByteVector                                                    : loaded 2 times (x 79B)
Class [Lcom.google.common.cache.CacheBuilder$NullListener;                            : loaded 2 times (x 69B)
Class com.google.common.math.IntMath$1                                                : loaded 2 times (x 71B)
Class org.gradle.internal.classloader.VisitableURLClassLoader$Spec                    : loaded 2 times (x 74B)
Class org.gradle.internal.classpath.DefaultClassPath                                  : loaded 2 times (x 90B)
Class org.objectweb.asm.Symbol                                                        : loaded 2 times (x 73B)
Class jdk.internal.jimage.decompressor.ZipDecompressorFactory                         : loaded 2 times (x 74B)
Class org.jetbrains.plugins.gradle.model.GradleBuildScriptClasspathModel              : loaded 2 times (x 70B)
Class org.gradle.util.internal.DefaultGradleVersion                                   : loaded 2 times (x 80B)
Class com.google.common.base.CharMatcher$Ascii                                        : loaded 2 times (x 112B)
Class com.google.common.base.CharMatcher$BitSetMatcher                                : loaded 2 times (x 112B)
Class com.google.common.collect.RegularImmutableMap$Values                            : loaded 2 times (x 207B)
Class com.google.common.collect.ImmutableSet                                          : loaded 2 times (x 145B)
Class org.gradle.internal.classloader.ClassLoaderSpec                                 : loaded 2 times (x 71B)
Class org.objectweb.asm.AnnotationWriter                                              : loaded 2 times (x 79B)
Class com.google.common.cache.CacheStats                                              : loaded 2 times (x 71B)
Class kotlin.collections.CollectionsKt___CollectionsJvmKt                             : loaded 2 times (x 71B)
Class org.objectweb.asm.RecordComponentWriter                                         : loaded 2 times (x 78B)
Class com.google.common.util.concurrent.AbstractFuture$Listener                       : loaded 2 times (x 72B)
Class com.google.common.base.CharMatcher$Or                                           : loaded 2 times (x 112B)
Class Settings_gradle$1$1                                                             : loaded 2 times (x 74B)
Class kotlin.Unit                                                                     : loaded 2 times (x 71B)
Class org.objectweb.asm.Attribute                                                     : loaded 2 times (x 77B)
Class com.google.common.base.Supplier                                                 : loaded 2 times (x 70B)
Class org.gradle.internal.classloader.VisitableURLClassLoader                         : loaded 2 times (x 117B)
Class com.google.common.util.concurrent.AbstractFuture$Waiter                         : loaded 2 times (x 72B)
Class Settings_gradle                                                                 : loaded 2 times (x 128B)
Class org.jetbrains.plugins.gradle.tooling.serialization.ExternalTestsSerializationService$ReadContext: loaded 2 times (x 72B)
Class org.jetbrains.plugins.gradle.tooling.serialization.internal.IdeaProjectSerializationService$ReadContext: loaded 2 times (x 72B)
Class com.google.common.collect.RegularImmutableMap$KeySet                            : loaded 2 times (x 152B)
Class org.gradle.tooling.model.idea.IdeaDependency                                    : loaded 2 times (x 70B)
Class com.google.common.base.Strings                                                  : loaded 2 times (x 71B)
Class com.google.common.collect.Sets                                                  : loaded 2 times (x 71B)
Class org.objectweb.asm.Handler                                                       : loaded 2 times (x 72B)
Class com.google.common.base.Ticker                                                   : loaded 2 times (x 72B)
Class com.google.common.base.CharMatcher$FastMatcher                                  : loaded 2 times (x 111B)
Class jdk.internal.jimage.decompressor.ZipDecompressor                                : loaded 2 times (x 75B)
Class kotlin.jvm.functions.Function1                                                  : loaded 2 times (x 70B)
Class [Lcom.google.common.cache.LocalCache$Segment;                                   : loaded 2 times (x 69B)
Class [Lcom.google.common.cache.LocalCache$Strength;                                  : loaded 2 times (x 69B)
Class com.google.common.cache.CacheBuilder$1                                          : loaded 2 times (x 85B)
Class com.google.common.base.Predicate                                                : loaded 2 times (x 70B)
Class com.google.common.collect.ImmutableMap                                          : loaded 2 times (x 120B)
Class org.jetbrains.plugins.gradle.tooling.serialization.internal.IdeaProjectSerializationService$WriteContext: loaded 2 times (x 72B)
Class com.intellij.gradle.toolingExtension.impl.model.sourceSetDependencyModel.GradleSourceSetDependencySerialisationService: loaded 2 times (x 77B)
Class org.jetbrains.plugins.gradle.model.GradleSourceSetModel                         : loaded 2 times (x 70B)
Class org.gradle.internal.classpath.DefaultClassPath$ImmutableUniqueList$Builder      : loaded 2 times (x 75B)
Class com.google.common.cache.LocalCache                                              : loaded 2 times (x 187B)
Class com.google.common.cache.CacheBuilder$2                                          : loaded 2 times (x 79B)
Class com.google.common.base.CharMatcher$NegatedFastMatcher                           : loaded 2 times (x 113B)
Class com.google.common.collect.ArrayListMultimap                                     : loaded 2 times (x 172B)
Class com.google.common.cache.CacheBuilder$3                                          : loaded 2 times (x 72B)
Class [Lcom.google.common.collect.AbstractMapEntry;                                   : loaded 2 times (x 69B)
Class com.google.common.collect.ImmutableEntry                                        : loaded 2 times (x 82B)
Class org.jetbrains.plugins.gradle.tooling.util.ObjectCollector$Processor             : loaded 2 times (x 70B)
Class kotlin.collections.CollectionsKt___CollectionsKt                                : loaded 2 times (x 71B)
Class com.google.common.base.Equivalence$Identity                                     : loaded 2 times (x 82B)
Class org.gradle.internal.exceptions.NonGradleCauseExceptionsHolder                   : loaded 2 times (x 70B)
Class org.gradle.tooling.model.idea.IdeaModuleDependency                              : loaded 2 times (x 70B)
Class org.gradle.tooling.internal.adapter.ViewBuilder                                 : loaded 2 times (x 70B)
Class com.google.common.collect.CollectPreconditions                                  : loaded 2 times (x 71B)
Class jdk.internal.jimage.ImageStrings                                                : loaded 2 times (x 70B)
Class org.jetbrains.plugins.gradle.model.AnnotationProcessingConfig                   : loaded 2 times (x 70B)
Class com.google.common.collect.SortedMapDifference                                   : loaded 2 times (x 70B)
Class org.jetbrains.plugins.gradle.tooling.ModelBuilderService$Parameter              : loaded 2 times (x 70B)
Class com.google.common.cache.LocalCache$EntryFactory                                 : loaded 2 times (x 83B)
Class org.gradle.internal.impldep.gnu.trove.TObjectIntProcedure                       : loaded 2 times (x 70B)
Class org.gradle.tooling.internal.adapter.ProtocolToModelAdapter$ReflectionMethodInvoker: loaded 2 times (x 76B)
Class com.google.common.cache.LocalCache$AbstractReferenceEntry                       : loaded 2 times (x 107B)
Class kotlin.collections.CollectionsKt__MutableCollectionsJVMKt                       : loaded 2 times (x 71B)
Class com.google.common.collect.AbstractListMultimap                                  : loaded 2 times (x 172B)
Class kotlin.enums.EnumEntriesKt                                                      : loaded 2 times (x 71B)
Class org.objectweb.asm.SymbolTable                                                   : loaded 2 times (x 72B)
Class com.google.common.cache.CacheLoader$InvalidCacheLoadException                   : loaded 2 times (x 82B)
Class com.google.common.collect.ImmutableSet$RegularSetBuilderImpl                    : loaded 2 times (x 77B)
Class com.intellij.gradle.toolingExtension.model.repositoryModel.ProjectRepositoriesModel: loaded 2 times (x 70B)
Class org.jetbrains.plugins.gradle.model.GradleProperty                               : loaded 2 times (x 70B)
Class org.gradle.internal.classloader.SystemClassLoaderSpec                           : loaded 2 times (x 71B)
Class com.google.common.cache.LocalCache$StrongEntry                                  : loaded 2 times (x 108B)
Class com.google.common.util.concurrent.AbstractFuture$TrustedFuture                  : loaded 2 times (x 114B)
Class com.google.common.cache.LoadingCache                                            : loaded 2 times (x 70B)
Class org.gradle.internal.exceptions.MultiCauseException                              : loaded 2 times (x 70B)
Class org.gradle.internal.time.CountdownTimer                                         : loaded 2 times (x 70B)
Class kotlin.jvm.internal.Intrinsics                                                  : loaded 2 times (x 71B)
Class org.objectweb.asm.MethodWriter                                                  : loaded 2 times (x 106B)
Class [Lcom.google.common.cache.Weigher;                                              : loaded 2 times (x 69B)
Class com.google.common.collect.RegularImmutableMap$BucketOverflowException           : loaded 2 times (x 82B)
Class jdk.internal.jrtfs.JrtFileSystem                                                : loaded 2 times (x 102B)
Class com.intellij.gradle.toolingExtension.impl.model.projectModel.GradleExternalProjectSerializationService$ReadContext: loaded 2 times (x 73B)
Class com.intellij.gradle.toolingExtension.impl.model.dependencyModel.DependencyWriteContext: loaded 2 times (x 72B)
Class kotlin.collections.CollectionsKt__IterablesKt                                   : loaded 2 times (x 71B)
Class org.gradle.tooling.model.ProjectModel                                           : loaded 2 times (x 70B)
Class jdk.internal.jimage.decompressor.CompressedResourceHeader                       : loaded 2 times (x 71B)
Class kotlin.KotlinNullPointerException                                               : loaded 2 times (x 83B)
Class com.google.common.collect.RegularImmutableBiMap                                 : loaded 2 times (x 149B)
Class com.google.common.cache.LocalCache$ValueReference                               : loaded 2 times (x 70B)
Class com.google.common.base.CharMatcher$Negated                                      : loaded 2 times (x 113B)
Class com.google.common.base.CharMatcher$Is                                           : loaded 2 times (x 111B)
Class org.jetbrains.plugins.gradle.model.tests.ExternalTestsModel                     : loaded 2 times (x 70B)
Class org.gradle.internal.exceptions.DefaultMultiCauseException                       : loaded 2 times (x 95B)
Class com.google.common.base.PatternCompiler                                          : loaded 2 times (x 70B)
Class com.google.common.util.concurrent.AbstractFuture$Failure                        : loaded 2 times (x 72B)
Class com.google.common.base.Equivalence$Equals                                       : loaded 2 times (x 82B)
Class com.google.common.collect.Hashing                                               : loaded 2 times (x 71B)
Class com.google.common.base.Preconditions                                            : loaded 2 times (x 71B)
Class com.intellij.gradle.toolingExtension.impl.model.projectModel.GradleExternalProjectSerializationService: loaded 2 times (x 77B)
Class org.gradle.tooling.model.HierarchicalElement                                    : loaded 2 times (x 70B)
Class com.google.common.base.Joiner$1                                                 : loaded 2 times (x 80B)
Class org.objectweb.asm.Label                                                         : loaded 2 times (x 73B)
Class org.objectweb.asm.CurrentFrame                                                  : loaded 2 times (x 73B)
Class org.objectweb.asm.ClassTooLargeException                                        : loaded 2 times (x 83B)
Class com.google.common.base.CharMatcher                                              : loaded 2 times (x 111B)
Class com.google.common.collect.PeekingIterator                                       : loaded 2 times (x 70B)
Class org.jetbrains.plugins.gradle.tooling.serialization.ExternalTestsSerializationService: loaded 2 times (x 77B)
Class org.gradle.internal.time.Time                                                   : loaded 2 times (x 71B)
Class com.google.common.base.Joiner$2                                                 : loaded 2 times (x 79B)
Class org.objectweb.asm.Frame                                                         : loaded 2 times (x 73B)
Class org.objectweb.asm.MethodVisitor                                                 : loaded 2 times (x 105B)
Class com.google.common.cache.LocalCache$EntryFactory$1                               : loaded 2 times (x 83B)
Class [Lcom.google.common.cache.RemovalListener;                                      : loaded 2 times (x 69B)
Class com.google.common.base.CharMatcher$NamedFastMatcher                             : loaded 2 times (x 112B)
Class com.google.common.base.CharMatcher$1                                            : loaded 2 times (x 113B)
Class org.jetbrains.plugins.gradle.tooling.serialization.AnnotationProcessingModelSerializationService: loaded 2 times (x 77B)
Class com.google.common.cache.LocalCache$EntryFactory$2                               : loaded 2 times (x 83B)
Class org.jetbrains.plugins.gradle.model.DependencyAccessorsModel                     : loaded 2 times (x 70B)
Class [Lcom.intellij.openapi.externalSystem.model.project.dependencies.ResolutionState;: loaded 2 times (x 69B)
Class org.gradle.internal.impldep.gnu.trove.TObjectHash                               : loaded 2 times (x 94B)
Class org.gradle.api.internal.classpath.GlobalCacheRootsProvider                      : loaded 2 times (x 70B)
Class org.objectweb.asm.ModuleWriter                                                  : loaded 2 times (x 82B)
Class com.google.common.cache.LocalCache$EntryFactory$3                               : loaded 2 times (x 83B)
Class com.google.common.base.Ticker$1                                                 : loaded 2 times (x 72B)
Class com.google.common.collect.Maps$BiMapConverter                                   : loaded 2 times (x 90B)
Class com.google.common.collect.ImmutableMapEntrySet$RegularEntrySet                  : loaded 2 times (x 152B)
Class org.jetbrains.kotlin.idea.gradleTooling.KotlinMPPGradleModel                    : loaded 2 times (x 70B)
Class com.intellij.gradle.toolingExtension.impl.model.dependencyDownloadPolicyModel.GradleDependencyDownloadPolicy: loaded 2 times (x 70B)
Class org.gradle.tooling.model.BuildIdentifier                                        : loaded 2 times (x 70B)
Class com.google.common.cache.LocalCache$EntryFactory$4                               : loaded 2 times (x 83B)
Class com.google.common.base.CharMatcher$InRange                                      : loaded 2 times (x 111B)
Class com.google.common.collect.ImmutableSet$Builder                                  : loaded 2 times (x 85B)
Class org.jetbrains.kotlin.idea.gradleTooling.PrepareKotlinIdeImportTaskModel         : loaded 2 times (x 70B)
Class com.google.common.cache.LocalCache$EntryFactory$5                               : loaded 2 times (x 83B)
Class com.google.common.base.PairwiseEquivalence                                      : loaded 2 times (x 83B)
Class com.google.common.cache.LocalCache$EntryFactory$6                               : loaded 2 times (x 83B)
Class org.gradle.internal.time.Timer                                                  : loaded 2 times (x 70B)
Class kotlin.jvm.internal.markers.KMappedMarker                                       : loaded 2 times (x 70B)
Class org.gradle.internal.installation.CurrentGradleInstallationLocator               : loaded 2 times (x 71B)
Class com.google.common.collect.Maps$KeySet                                           : loaded 2 times (x 137B)
Class com.google.common.cache.LocalCache$EntryFactory$7                               : loaded 2 times (x 83B)
Class com.google.common.collect.ImmutableSet$EmptySetBuilderImpl                      : loaded 2 times (x 76B)
Class com.google.common.collect.ImmutableList                                         : loaded 2 times (x 206B)
Class org.gradle.tooling.model.idea.IdeaProject                                       : loaded 2 times (x 70B)
Class org.gradle.tooling.model.DomainObjectSet                                        : loaded 2 times (x 70B)
Class org.gradle.internal.service.DefaultServiceLocator                               : loaded 2 times (x 83B)
Class com.google.common.cache.LocalCache$EntryFactory$8                               : loaded 2 times (x 83B)
Class com.google.common.collect.ImmutableSet$SetBuilderImpl                           : loaded 2 times (x 76B)
Class jdk.internal.jrtfs.JrtDirectoryStream                                           : loaded 2 times (x 89B)
Class org.gradle.util.GradleVersion                                                   : loaded 2 times (x 79B)
Class org.gradle.internal.installation.CurrentGradleInstallation                      : loaded 2 times (x 73B)
Class com.google.common.cache.CacheLoader$1                                           : loaded 2 times (x 75B)
Class com.google.common.collect.ImmutableList$SubList                                 : loaded 2 times (x 209B)
Class org.jetbrains.plugins.gradle.javaModel.JavaGradleManifestModel                  : loaded 2 times (x 70B)
Class org.jetbrains.plugins.gradle.tooling.serialization.GradleExtensionsSerializationService$WriteContext: loaded 2 times (x 72B)
Class com.intellij.gradle.toolingExtension.impl.model.taskModel.GradleTaskSerialisationService$Companion: loaded 2 times (x 71B)
Class sync_studio_tooling7_cs9vcg384l8m5btovjo6t5syy                                  : loaded 2 times (x 179B)
Class org.gradle.util.internal.GUtil                                                  : loaded 2 times (x 71B)
Class com.google.common.util.concurrent.AbstractFuture$SetFuture                      : loaded 2 times (x 75B)
Class com.google.common.cache.AbstractCache$StatsCounter                              : loaded 2 times (x 70B)
Class com.intellij.gradle.toolingExtension.impl.model.utilTurnOffDefaultTasksModel.TurnOffDefaultTasks: loaded 2 times (x 70B)
Class com.intellij.gradle.toolingExtension.impl.model.sourceSetModel.GradleSourceSetSerialisationService$SourceSetModelReadContext: loaded 2 times (x 72B)
Class kotlin.collections.CollectionsKt                                                : loaded 2 times (x 71B)
Class com.google.common.collect.Iterators$MergingIterator                             : loaded 2 times (x 81B)
Class com.google.common.collect.RegularImmutableSet                                   : loaded 2 times (x 149B)
Class com.intellij.gradle.toolingExtension.impl.model.sourceSetModel.GradleSourceSetSerialisationService$SourceSetModelWriteContext: loaded 2 times (x 72B)
Class org.gradle.tooling.internal.adapter.ProtocolToModelAdapter$1                    : loaded 2 times (x 75B)
Class org.gradle.tooling.internal.adapter.ProtocolToModelAdapter$ViewDecoration       : loaded 2 times (x 70B)
Class org.gradle.internal.installation.GradleInstallation                             : loaded 2 times (x 75B)
Class com.google.common.collect.Iterables                                             : loaded 2 times (x 71B)
Class jdk.internal.jimage.decompressor.ResourceDecompressor$StringsProvider           : loaded 2 times (x 70B)
Class org.jetbrains.plugins.gradle.tooling.serialization.GradleExtensionsSerializationService$ReadContext: loaded 2 times (x 72B)
Class org.gradle.tooling.internal.adapter.MethodInvoker                               : loaded 2 times (x 70B)
Class org.jetbrains.plugins.gradle.tooling.serialization.RepositoriesModelSerializationService$WriteContext: loaded 2 times (x 72B)

---------------  S Y S T E M  ---------------

OS:
 Windows 11 , 64 bit Build 26100 (10.0.26100.8328)
OS uptime: 0 days 10:39 hours

CPU: total 12 (initial active 12) (6 cores per cpu, 2 threads per core) family 6 model 151 stepping 2 microcode 0x3e, cx8, cmov, fxsr, ht, mmx, 3dnowpref, sse, sse2, sse3, ssse3, sse4.1, sse4.2, popcnt, lzcnt, tsc, tscinvbit, avx, avx2, aes, erms, clmul, bmi1, bmi2, adx, sha, fma, vzeroupper, clflush, clflushopt, clwb, serialize, rdtscp, rdpid, fsrm, f16c, pku, cet_ibt, cet_ss
Processor Information for the first 12 processors :
  Max Mhz: 2400, Current Mhz: 2400, Mhz Limit: 2400

Memory: 4k page, system-wide physical 16091M (608M free)
TotalPageFile size 25307M (AvailPageFile size 10M)
current process WorkingSet (physical memory assigned to process): 713M, peak: 713M
current process commit charge ("private bytes"): 896M, peak: 901M

vm_info: OpenJDK 64-Bit Server VM (21.0.8+-14196175-b1038.72) for windows-amd64 JRE (21.0.8+-14196175-b1038.72), built on 2025-10-01T10:24:33Z by "builder" with MS VC++ 16.10 / 16.11 (VS2019)

END.
